[runlim] version:		2.0.0rc12
[runlim] host:			fjssp-instance1
[runlim] time limit:		311040000 seconds
[runlim] real time limit:	3600 seconds
[runlim] space limit:		14000 MB
[runlim] argv[0]:		python3
[runlim] argv[1]:		-u
<<<<<<< HEAD:results/LowFlexibilityResults/2factories/la08.log
[runlim] argv[2]:		main.py
[runlim] argv[3]:		--input
[runlim] argv[4]:		datasets/LowFlexibilityData/AllInstances/la08.fjs
[runlim] argv[5]:		--half_transitive
[runlim] start:			Thu Aug 13 17:17:26 2026
[runlim] child:			21267
[*] Loading data from file: datasets/LowFlexibilityData/AllInstances/la08.fjs
=======
[runlim] argv[2]:		-u
[runlim] argv[3]:		main.py
[runlim] argv[4]:		--input
[runlim] argv[5]:		datasets/HighFlexibilityData/AllInstances/la08.fjs
[runlim] argv[6]:		--half_transitive
[runlim] start:			Fri Aug 14 01:09:09 2026
[runlim] child:			235235
[*] Loading data from file: datasets/HighFlexibilityData/AllInstances/la08.fjs
>>>>>>> 8881c4c611bda01e9087aa053fd9d402867ed68b:results/HighFlexibilityResults/2factories/la08.log
[*] Running D-FJSSP SAT Solver with 2 factories, Symmetry Breaking = OFF, Transitive E* = HALF
===========================================================================
 D-FJSSP SAT SOLVER - PARALLEL FACTORIES SCHEDULING
===========================================================================
  -> Operations: 75 | Jobs: 15 | Machines: 5 | Factories: 2

[*] Running Greedy Heuristic...
  -> Greedy Solution: Makespan = 639 (0.0002s)

[*] Initializing and solving the SAT model...
------------------------------------------------------------------
[*] Trying with Upper Bound = 639...
  SAT ! Makespan = 639
  Schedule is valid with Makespan = 639
  Total time: 1.1259 seconds
------------------------------------------------------------------
[*] Trying with Upper Bound = 638...
  SAT ! Makespan = 638
  Schedule is valid with Makespan = 638
  Total time: 1.1379 seconds
------------------------------------------------------------------
[*] Trying with Upper Bound = 637...
  SAT ! Makespan = 637
  Schedule is valid with Makespan = 637
  Total time: 1.1481 seconds
------------------------------------------------------------------
[*] Trying with Upper Bound = 636...
  SAT ! Makespan = 636
  Schedule is valid with Makespan = 636
  Total time: 1.1573 seconds
------------------------------------------------------------------
[*] Trying with Upper Bound = 635...
  SAT ! Makespan = 635
  Schedule is valid with Makespan = 635
  Total time: 1.1808 seconds
------------------------------------------------------------------
[*] Trying with Upper Bound = 634...
  SAT ! Makespan = 634
  Schedule is valid with Makespan = 634
  Total time: 1.1910 seconds
------------------------------------------------------------------
[*] Trying with Upper Bound = 633...
  SAT ! Makespan = 633
  Schedule is valid with Makespan = 633
  Total time: 1.1999 seconds
------------------------------------------------------------------
[*] Trying with Upper Bound = 632...
  SAT ! Makespan = 632
  Schedule is valid with Makespan = 632
  Total time: 1.2083 seconds
------------------------------------------------------------------
[*] Trying with Upper Bound = 631...
  SAT ! Makespan = 631
  Schedule is valid with Makespan = 631
  Total time: 1.2165 seconds
------------------------------------------------------------------
[*] Trying with Upper Bound = 630...
  SAT ! Makespan = 630
  Schedule is valid with Makespan = 630
  Total time: 1.2279 seconds
------------------------------------------------------------------
[*] Trying with Upper Bound = 629...
  SAT ! Makespan = 629
  Schedule is valid with Makespan = 629
  Total time: 1.2369 seconds
------------------------------------------------------------------
[*] Trying with Upper Bound = 628...
  SAT ! Makespan = 628
  Schedule is valid with Makespan = 628
  Total time: 1.2456 seconds
------------------------------------------------------------------
[*] Trying with Upper Bound = 627...
  SAT ! Makespan = 627
  Schedule is valid with Makespan = 627
  Total time: 1.2542 seconds
------------------------------------------------------------------
[*] Trying with Upper Bound = 626...
  SAT ! Makespan = 626
  Schedule is valid with Makespan = 626
  Total time: 1.2634 seconds
------------------------------------------------------------------
[*] Trying with Upper Bound = 625...
  SAT ! Makespan = 625
  Schedule is valid with Makespan = 625
  Total time: 1.2746 seconds
------------------------------------------------------------------
[*] Trying with Upper Bound = 624...
  SAT ! Makespan = 624
  Schedule is valid with Makespan = 624
  Total time: 1.2846 seconds
------------------------------------------------------------------
[*] Trying with Upper Bound = 623...
  SAT ! Makespan = 623
  Schedule is valid with Makespan = 623
  Total time: 1.2936 seconds
------------------------------------------------------------------
[*] Trying with Upper Bound = 622...
  SAT ! Makespan = 622
  Schedule is valid with Makespan = 622
  Total time: 1.3022 seconds
------------------------------------------------------------------
[*] Trying with Upper Bound = 621...
  SAT ! Makespan = 621
  Schedule is valid with Makespan = 621
  Total time: 1.3107 seconds
------------------------------------------------------------------
[*] Trying with Upper Bound = 620...
  SAT ! Makespan = 620
  Schedule is valid with Makespan = 620
  Total time: 1.3192 seconds
------------------------------------------------------------------
[*] Trying with Upper Bound = 619...
  SAT ! Makespan = 619
  Schedule is valid with Makespan = 619
  Total time: 1.3274 seconds
------------------------------------------------------------------
[*] Trying with Upper Bound = 618...
  SAT ! Makespan = 618
  Schedule is valid with Makespan = 618
  Total time: 1.3355 seconds
------------------------------------------------------------------
[*] Trying with Upper Bound = 617...
  SAT ! Makespan = 617
  Schedule is valid with Makespan = 617
  Total time: 1.3438 seconds
------------------------------------------------------------------
[*] Trying with Upper Bound = 616...
  SAT ! Makespan = 616
  Schedule is valid with Makespan = 616
  Total time: 1.3523 seconds
------------------------------------------------------------------
[*] Trying with Upper Bound = 615...
  SAT ! Makespan = 615
  Schedule is valid with Makespan = 615
  Total time: 1.3608 seconds
------------------------------------------------------------------
[*] Trying with Upper Bound = 614...
  SAT ! Makespan = 614
  Schedule is valid with Makespan = 614
  Total time: 1.3692 seconds
------------------------------------------------------------------
[*] Trying with Upper Bound = 613...
  SAT ! Makespan = 613
  Schedule is valid with Makespan = 613
  Total time: 1.3777 seconds
------------------------------------------------------------------
[*] Trying with Upper Bound = 612...
  SAT ! Makespan = 612
  Schedule is valid with Makespan = 612
  Total time: 1.3859 seconds
------------------------------------------------------------------
[*] Trying with Upper Bound = 611...
  SAT ! Makespan = 611
  Schedule is valid with Makespan = 611
  Total time: 1.3941 seconds
------------------------------------------------------------------
[*] Trying with Upper Bound = 610...
  SAT ! Makespan = 610
  Schedule is valid with Makespan = 610
  Total time: 1.4024 seconds
------------------------------------------------------------------
[*] Trying with Upper Bound = 609...
  SAT ! Makespan = 609
  Schedule is valid with Makespan = 609
  Total time: 1.4107 seconds
------------------------------------------------------------------
[*] Trying with Upper Bound = 608...
  SAT ! Makespan = 608
  Schedule is valid with Makespan = 608
  Total time: 1.4188 seconds
------------------------------------------------------------------
[*] Trying with Upper Bound = 607...
  SAT ! Makespan = 607
  Schedule is valid with Makespan = 607
  Total time: 1.4271 seconds
------------------------------------------------------------------
[*] Trying with Upper Bound = 606...
  SAT ! Makespan = 606
  Schedule is valid with Makespan = 606
<<<<<<< HEAD:results/LowFlexibilityResults/2factories/la08.log
  Total time: 1.4355 seconds
=======
  Total time: 1.6114 seconds
>>>>>>> 8881c4c611bda01e9087aa053fd9d402867ed68b:results/HighFlexibilityResults/2factories/la08.log
------------------------------------------------------------------
[*] Trying with Upper Bound = 605...
  SAT ! Makespan = 605
  Schedule is valid with Makespan = 605
<<<<<<< HEAD:results/LowFlexibilityResults/2factories/la08.log
  Total time: 1.4440 seconds
=======
  Total time: 1.6264 seconds
>>>>>>> 8881c4c611bda01e9087aa053fd9d402867ed68b:results/HighFlexibilityResults/2factories/la08.log
------------------------------------------------------------------
[*] Trying with Upper Bound = 604...
  SAT ! Makespan = 604
  Schedule is valid with Makespan = 604
<<<<<<< HEAD:results/LowFlexibilityResults/2factories/la08.log
  Total time: 1.4527 seconds
=======
  Total time: 1.6372 seconds
>>>>>>> 8881c4c611bda01e9087aa053fd9d402867ed68b:results/HighFlexibilityResults/2factories/la08.log
------------------------------------------------------------------
[*] Trying with Upper Bound = 603...
  SAT ! Makespan = 603
  Schedule is valid with Makespan = 603
<<<<<<< HEAD:results/LowFlexibilityResults/2factories/la08.log
  Total time: 1.4612 seconds
=======
  Total time: 1.6474 seconds
>>>>>>> 8881c4c611bda01e9087aa053fd9d402867ed68b:results/HighFlexibilityResults/2factories/la08.log
------------------------------------------------------------------
[*] Trying with Upper Bound = 602...
  SAT ! Makespan = 602
  Schedule is valid with Makespan = 602
<<<<<<< HEAD:results/LowFlexibilityResults/2factories/la08.log
  Total time: 1.4697 seconds
=======
  Total time: 1.6574 seconds
>>>>>>> 8881c4c611bda01e9087aa053fd9d402867ed68b:results/HighFlexibilityResults/2factories/la08.log
------------------------------------------------------------------
[*] Trying with Upper Bound = 601...
  SAT ! Makespan = 601
  Schedule is valid with Makespan = 601
<<<<<<< HEAD:results/LowFlexibilityResults/2factories/la08.log
  Total time: 1.4782 seconds
=======
  Total time: 1.6674 seconds
>>>>>>> 8881c4c611bda01e9087aa053fd9d402867ed68b:results/HighFlexibilityResults/2factories/la08.log
------------------------------------------------------------------
[*] Trying with Upper Bound = 600...
  SAT ! Makespan = 600
  Schedule is valid with Makespan = 600
<<<<<<< HEAD:results/LowFlexibilityResults/2factories/la08.log
  Total time: 1.4868 seconds
=======
  Total time: 1.6773 seconds
>>>>>>> 8881c4c611bda01e9087aa053fd9d402867ed68b:results/HighFlexibilityResults/2factories/la08.log
------------------------------------------------------------------
[*] Trying with Upper Bound = 599...
  SAT ! Makespan = 599
  Schedule is valid with Makespan = 599
<<<<<<< HEAD:results/LowFlexibilityResults/2factories/la08.log
  Total time: 1.4954 seconds
=======
  Total time: 1.6975 seconds
>>>>>>> 8881c4c611bda01e9087aa053fd9d402867ed68b:results/HighFlexibilityResults/2factories/la08.log
------------------------------------------------------------------
[*] Trying with Upper Bound = 598...
  SAT ! Makespan = 598
  Schedule is valid with Makespan = 598
<<<<<<< HEAD:results/LowFlexibilityResults/2factories/la08.log
  Total time: 1.5040 seconds
=======
  Total time: 1.7090 seconds
>>>>>>> 8881c4c611bda01e9087aa053fd9d402867ed68b:results/HighFlexibilityResults/2factories/la08.log
------------------------------------------------------------------
[*] Trying with Upper Bound = 597...
  SAT ! Makespan = 597
  Schedule is valid with Makespan = 597
<<<<<<< HEAD:results/LowFlexibilityResults/2factories/la08.log
  Total time: 1.5126 seconds
=======
  Total time: 1.7197 seconds
>>>>>>> 8881c4c611bda01e9087aa053fd9d402867ed68b:results/HighFlexibilityResults/2factories/la08.log
------------------------------------------------------------------
[*] Trying with Upper Bound = 596...
  SAT ! Makespan = 596
  Schedule is valid with Makespan = 596
<<<<<<< HEAD:results/LowFlexibilityResults/2factories/la08.log
  Total time: 1.5212 seconds
=======
  Total time: 1.7305 seconds
>>>>>>> 8881c4c611bda01e9087aa053fd9d402867ed68b:results/HighFlexibilityResults/2factories/la08.log
------------------------------------------------------------------
[*] Trying with Upper Bound = 595...
  SAT ! Makespan = 595
  Schedule is valid with Makespan = 595
<<<<<<< HEAD:results/LowFlexibilityResults/2factories/la08.log
  Total time: 1.5297 seconds
=======
  Total time: 1.7411 seconds
>>>>>>> 8881c4c611bda01e9087aa053fd9d402867ed68b:results/HighFlexibilityResults/2factories/la08.log
------------------------------------------------------------------
[*] Trying with Upper Bound = 594...
  SAT ! Makespan = 594
  Schedule is valid with Makespan = 594
<<<<<<< HEAD:results/LowFlexibilityResults/2factories/la08.log
  Total time: 1.5383 seconds
=======
  Total time: 1.7516 seconds
>>>>>>> 8881c4c611bda01e9087aa053fd9d402867ed68b:results/HighFlexibilityResults/2factories/la08.log
------------------------------------------------------------------
[*] Trying with Upper Bound = 593...
  SAT ! Makespan = 593
  Schedule is valid with Makespan = 593
<<<<<<< HEAD:results/LowFlexibilityResults/2factories/la08.log
  Total time: 1.5470 seconds
=======
  Total time: 1.7625 seconds
>>>>>>> 8881c4c611bda01e9087aa053fd9d402867ed68b:results/HighFlexibilityResults/2factories/la08.log
------------------------------------------------------------------
[*] Trying with Upper Bound = 592...
  SAT ! Makespan = 592
  Schedule is valid with Makespan = 592
<<<<<<< HEAD:results/LowFlexibilityResults/2factories/la08.log
  Total time: 1.5556 seconds
=======
  Total time: 1.7734 seconds
>>>>>>> 8881c4c611bda01e9087aa053fd9d402867ed68b:results/HighFlexibilityResults/2factories/la08.log
------------------------------------------------------------------
[*] Trying with Upper Bound = 591...
  SAT ! Makespan = 591
  Schedule is valid with Makespan = 591
<<<<<<< HEAD:results/LowFlexibilityResults/2factories/la08.log
  Total time: 1.5641 seconds
=======
  Total time: 1.7856 seconds
>>>>>>> 8881c4c611bda01e9087aa053fd9d402867ed68b:results/HighFlexibilityResults/2factories/la08.log
------------------------------------------------------------------
[*] Trying with Upper Bound = 590...
  SAT ! Makespan = 590
  Schedule is valid with Makespan = 590
<<<<<<< HEAD:results/LowFlexibilityResults/2factories/la08.log
  Total time: 1.5726 seconds
=======
  Total time: 1.7967 seconds
>>>>>>> 8881c4c611bda01e9087aa053fd9d402867ed68b:results/HighFlexibilityResults/2factories/la08.log
------------------------------------------------------------------
[*] Trying with Upper Bound = 589...
  SAT ! Makespan = 589
  Schedule is valid with Makespan = 589
<<<<<<< HEAD:results/LowFlexibilityResults/2factories/la08.log
  Total time: 1.5812 seconds
=======
  Total time: 1.8073 seconds
>>>>>>> 8881c4c611bda01e9087aa053fd9d402867ed68b:results/HighFlexibilityResults/2factories/la08.log
------------------------------------------------------------------
[*] Trying with Upper Bound = 588...
  SAT ! Makespan = 588
  Schedule is valid with Makespan = 588
<<<<<<< HEAD:results/LowFlexibilityResults/2factories/la08.log
  Total time: 1.5896 seconds
=======
  Total time: 1.8178 seconds
>>>>>>> 8881c4c611bda01e9087aa053fd9d402867ed68b:results/HighFlexibilityResults/2factories/la08.log
------------------------------------------------------------------
[*] Trying with Upper Bound = 587...
  SAT ! Makespan = 587
  Schedule is valid with Makespan = 587
<<<<<<< HEAD:results/LowFlexibilityResults/2factories/la08.log
  Total time: 1.5979 seconds
=======
  Total time: 1.8283 seconds
>>>>>>> 8881c4c611bda01e9087aa053fd9d402867ed68b:results/HighFlexibilityResults/2factories/la08.log
------------------------------------------------------------------
[*] Trying with Upper Bound = 586...
  SAT ! Makespan = 586
  Schedule is valid with Makespan = 586
<<<<<<< HEAD:results/LowFlexibilityResults/2factories/la08.log
  Total time: 1.6062 seconds
=======
  Total time: 1.8385 seconds
>>>>>>> 8881c4c611bda01e9087aa053fd9d402867ed68b:results/HighFlexibilityResults/2factories/la08.log
------------------------------------------------------------------
[*] Trying with Upper Bound = 585...
  SAT ! Makespan = 585
  Schedule is valid with Makespan = 585
<<<<<<< HEAD:results/LowFlexibilityResults/2factories/la08.log
  Total time: 1.6150 seconds
=======
  Total time: 1.8487 seconds
>>>>>>> 8881c4c611bda01e9087aa053fd9d402867ed68b:results/HighFlexibilityResults/2factories/la08.log
------------------------------------------------------------------
[*] Trying with Upper Bound = 584...
  SAT ! Makespan = 584
  Schedule is valid with Makespan = 584
<<<<<<< HEAD:results/LowFlexibilityResults/2factories/la08.log
  Total time: 1.6240 seconds
=======
  Total time: 1.8588 seconds
>>>>>>> 8881c4c611bda01e9087aa053fd9d402867ed68b:results/HighFlexibilityResults/2factories/la08.log
------------------------------------------------------------------
[*] Trying with Upper Bound = 583...
  SAT ! Makespan = 583
  Schedule is valid with Makespan = 583
<<<<<<< HEAD:results/LowFlexibilityResults/2factories/la08.log
  Total time: 1.6327 seconds
=======
  Total time: 1.8691 seconds
>>>>>>> 8881c4c611bda01e9087aa053fd9d402867ed68b:results/HighFlexibilityResults/2factories/la08.log
------------------------------------------------------------------
[*] Trying with Upper Bound = 582...
  SAT ! Makespan = 582
  Schedule is valid with Makespan = 582
<<<<<<< HEAD:results/LowFlexibilityResults/2factories/la08.log
  Total time: 1.6412 seconds
=======
  Total time: 1.8789 seconds
>>>>>>> 8881c4c611bda01e9087aa053fd9d402867ed68b:results/HighFlexibilityResults/2factories/la08.log
------------------------------------------------------------------
[*] Trying with Upper Bound = 581...
  SAT ! Makespan = 581
  Schedule is valid with Makespan = 581
<<<<<<< HEAD:results/LowFlexibilityResults/2factories/la08.log
  Total time: 1.6499 seconds
=======
  Total time: 1.8890 seconds
>>>>>>> 8881c4c611bda01e9087aa053fd9d402867ed68b:results/HighFlexibilityResults/2factories/la08.log
------------------------------------------------------------------
[*] Trying with Upper Bound = 580...
  SAT ! Makespan = 580
  Schedule is valid with Makespan = 580
<<<<<<< HEAD:results/LowFlexibilityResults/2factories/la08.log
  Total time: 1.6586 seconds
=======
  Total time: 1.8986 seconds
>>>>>>> 8881c4c611bda01e9087aa053fd9d402867ed68b:results/HighFlexibilityResults/2factories/la08.log
------------------------------------------------------------------
[*] Trying with Upper Bound = 579...
  SAT ! Makespan = 579
  Schedule is valid with Makespan = 579
<<<<<<< HEAD:results/LowFlexibilityResults/2factories/la08.log
  Total time: 1.6674 seconds
=======
  Total time: 1.9084 seconds
>>>>>>> 8881c4c611bda01e9087aa053fd9d402867ed68b:results/HighFlexibilityResults/2factories/la08.log
------------------------------------------------------------------
[*] Trying with Upper Bound = 578...
  SAT ! Makespan = 578
  Schedule is valid with Makespan = 578
<<<<<<< HEAD:results/LowFlexibilityResults/2factories/la08.log
  Total time: 1.6761 seconds
=======
  Total time: 1.9183 seconds
>>>>>>> 8881c4c611bda01e9087aa053fd9d402867ed68b:results/HighFlexibilityResults/2factories/la08.log
------------------------------------------------------------------
[*] Trying with Upper Bound = 577...
  SAT ! Makespan = 577
  Schedule is valid with Makespan = 577
<<<<<<< HEAD:results/LowFlexibilityResults/2factories/la08.log
  Total time: 1.6845 seconds
=======
  Total time: 1.9280 seconds
>>>>>>> 8881c4c611bda01e9087aa053fd9d402867ed68b:results/HighFlexibilityResults/2factories/la08.log
------------------------------------------------------------------
[*] Trying with Upper Bound = 576...
  SAT ! Makespan = 576
  Schedule is valid with Makespan = 576
<<<<<<< HEAD:results/LowFlexibilityResults/2factories/la08.log
  Total time: 1.6930 seconds
=======
  Total time: 1.9380 seconds
>>>>>>> 8881c4c611bda01e9087aa053fd9d402867ed68b:results/HighFlexibilityResults/2factories/la08.log
------------------------------------------------------------------
[*] Trying with Upper Bound = 575...
  SAT ! Makespan = 575
  Schedule is valid with Makespan = 575
<<<<<<< HEAD:results/LowFlexibilityResults/2factories/la08.log
  Total time: 1.7021 seconds
=======
  Total time: 1.9481 seconds
>>>>>>> 8881c4c611bda01e9087aa053fd9d402867ed68b:results/HighFlexibilityResults/2factories/la08.log
------------------------------------------------------------------
[*] Trying with Upper Bound = 574...
  SAT ! Makespan = 574
  Schedule is valid with Makespan = 574
<<<<<<< HEAD:results/LowFlexibilityResults/2factories/la08.log
  Total time: 1.7107 seconds
=======
  Total time: 1.9586 seconds
>>>>>>> 8881c4c611bda01e9087aa053fd9d402867ed68b:results/HighFlexibilityResults/2factories/la08.log
------------------------------------------------------------------
[*] Trying with Upper Bound = 573...
  SAT ! Makespan = 573
  Schedule is valid with Makespan = 573
<<<<<<< HEAD:results/LowFlexibilityResults/2factories/la08.log
  Total time: 1.7192 seconds
=======
  Total time: 1.9689 seconds
>>>>>>> 8881c4c611bda01e9087aa053fd9d402867ed68b:results/HighFlexibilityResults/2factories/la08.log
------------------------------------------------------------------
[*] Trying with Upper Bound = 572...
  SAT ! Makespan = 572
  Schedule is valid with Makespan = 572
<<<<<<< HEAD:results/LowFlexibilityResults/2factories/la08.log
  Total time: 1.7276 seconds
=======
  Total time: 1.9788 seconds
>>>>>>> 8881c4c611bda01e9087aa053fd9d402867ed68b:results/HighFlexibilityResults/2factories/la08.log
------------------------------------------------------------------
[*] Trying with Upper Bound = 571...
  SAT ! Makespan = 571
  Schedule is valid with Makespan = 571
<<<<<<< HEAD:results/LowFlexibilityResults/2factories/la08.log
  Total time: 1.7360 seconds
=======
  Total time: 1.9885 seconds
>>>>>>> 8881c4c611bda01e9087aa053fd9d402867ed68b:results/HighFlexibilityResults/2factories/la08.log
------------------------------------------------------------------
[*] Trying with Upper Bound = 570...
  SAT ! Makespan = 570
  Schedule is valid with Makespan = 570
<<<<<<< HEAD:results/LowFlexibilityResults/2factories/la08.log
  Total time: 1.7443 seconds
=======
  Total time: 1.9983 seconds
>>>>>>> 8881c4c611bda01e9087aa053fd9d402867ed68b:results/HighFlexibilityResults/2factories/la08.log
------------------------------------------------------------------
[*] Trying with Upper Bound = 569...
  SAT ! Makespan = 569
  Schedule is valid with Makespan = 569
<<<<<<< HEAD:results/LowFlexibilityResults/2factories/la08.log
  Total time: 1.7526 seconds
=======
  Total time: 2.0081 seconds
>>>>>>> 8881c4c611bda01e9087aa053fd9d402867ed68b:results/HighFlexibilityResults/2factories/la08.log
------------------------------------------------------------------
[*] Trying with Upper Bound = 568...
  SAT ! Makespan = 568
  Schedule is valid with Makespan = 568
<<<<<<< HEAD:results/LowFlexibilityResults/2factories/la08.log
  Total time: 1.7611 seconds
=======
  Total time: 2.0177 seconds
>>>>>>> 8881c4c611bda01e9087aa053fd9d402867ed68b:results/HighFlexibilityResults/2factories/la08.log
------------------------------------------------------------------
[*] Trying with Upper Bound = 567...
  SAT ! Makespan = 567
  Schedule is valid with Makespan = 567
<<<<<<< HEAD:results/LowFlexibilityResults/2factories/la08.log
  Total time: 1.7696 seconds
=======
  Total time: 2.0273 seconds
>>>>>>> 8881c4c611bda01e9087aa053fd9d402867ed68b:results/HighFlexibilityResults/2factories/la08.log
------------------------------------------------------------------
[*] Trying with Upper Bound = 566...
  SAT ! Makespan = 566
  Schedule is valid with Makespan = 566
<<<<<<< HEAD:results/LowFlexibilityResults/2factories/la08.log
  Total time: 1.7781 seconds
=======
  Total time: 2.0369 seconds
>>>>>>> 8881c4c611bda01e9087aa053fd9d402867ed68b:results/HighFlexibilityResults/2factories/la08.log
------------------------------------------------------------------
[*] Trying with Upper Bound = 565...
  SAT ! Makespan = 565
  Schedule is valid with Makespan = 565
<<<<<<< HEAD:results/LowFlexibilityResults/2factories/la08.log
  Total time: 1.7866 seconds
=======
  Total time: 2.0465 seconds
>>>>>>> 8881c4c611bda01e9087aa053fd9d402867ed68b:results/HighFlexibilityResults/2factories/la08.log
------------------------------------------------------------------
[*] Trying with Upper Bound = 564...
  SAT ! Makespan = 564
  Schedule is valid with Makespan = 564
<<<<<<< HEAD:results/LowFlexibilityResults/2factories/la08.log
  Total time: 1.8001 seconds
=======
  Total time: 2.0558 seconds
>>>>>>> 8881c4c611bda01e9087aa053fd9d402867ed68b:results/HighFlexibilityResults/2factories/la08.log
------------------------------------------------------------------
[*] Trying with Upper Bound = 563...
  SAT ! Makespan = 563
  Schedule is valid with Makespan = 563
<<<<<<< HEAD:results/LowFlexibilityResults/2factories/la08.log
  Total time: 1.8096 seconds
=======
  Total time: 2.0732 seconds
>>>>>>> 8881c4c611bda01e9087aa053fd9d402867ed68b:results/HighFlexibilityResults/2factories/la08.log
------------------------------------------------------------------
[*] Trying with Upper Bound = 562...
  SAT ! Makespan = 562
  Schedule is valid with Makespan = 562
<<<<<<< HEAD:results/LowFlexibilityResults/2factories/la08.log
  Total time: 1.8184 seconds
=======
  Total time: 2.0837 seconds
>>>>>>> 8881c4c611bda01e9087aa053fd9d402867ed68b:results/HighFlexibilityResults/2factories/la08.log
------------------------------------------------------------------
[*] Trying with Upper Bound = 561...
  SAT ! Makespan = 561
  Schedule is valid with Makespan = 561
<<<<<<< HEAD:results/LowFlexibilityResults/2factories/la08.log
  Total time: 1.8278 seconds
=======
  Total time: 2.0934 seconds
>>>>>>> 8881c4c611bda01e9087aa053fd9d402867ed68b:results/HighFlexibilityResults/2factories/la08.log
------------------------------------------------------------------
[*] Trying with Upper Bound = 560...
  SAT ! Makespan = 560
  Schedule is valid with Makespan = 560
<<<<<<< HEAD:results/LowFlexibilityResults/2factories/la08.log
  Total time: 1.8368 seconds
=======
  Total time: 2.1027 seconds
>>>>>>> 8881c4c611bda01e9087aa053fd9d402867ed68b:results/HighFlexibilityResults/2factories/la08.log
------------------------------------------------------------------
[*] Trying with Upper Bound = 559...
  SAT ! Makespan = 559
  Schedule is valid with Makespan = 559
<<<<<<< HEAD:results/LowFlexibilityResults/2factories/la08.log
  Total time: 1.8457 seconds
=======
  Total time: 2.1122 seconds
>>>>>>> 8881c4c611bda01e9087aa053fd9d402867ed68b:results/HighFlexibilityResults/2factories/la08.log
------------------------------------------------------------------
[*] Trying with Upper Bound = 558...
  SAT ! Makespan = 558
  Schedule is valid with Makespan = 558
<<<<<<< HEAD:results/LowFlexibilityResults/2factories/la08.log
  Total time: 1.8545 seconds
=======
  Total time: 2.1215 seconds
>>>>>>> 8881c4c611bda01e9087aa053fd9d402867ed68b:results/HighFlexibilityResults/2factories/la08.log
------------------------------------------------------------------
[*] Trying with Upper Bound = 557...
  SAT ! Makespan = 557
  Schedule is valid with Makespan = 557
<<<<<<< HEAD:results/LowFlexibilityResults/2factories/la08.log
  Total time: 1.8631 seconds
=======
  Total time: 2.1307 seconds
>>>>>>> 8881c4c611bda01e9087aa053fd9d402867ed68b:results/HighFlexibilityResults/2factories/la08.log
------------------------------------------------------------------
[*] Trying with Upper Bound = 556...
  SAT ! Makespan = 556
  Schedule is valid with Makespan = 556
<<<<<<< HEAD:results/LowFlexibilityResults/2factories/la08.log
  Total time: 1.8716 seconds
=======
  Total time: 2.1406 seconds
>>>>>>> 8881c4c611bda01e9087aa053fd9d402867ed68b:results/HighFlexibilityResults/2factories/la08.log
------------------------------------------------------------------
[*] Trying with Upper Bound = 555...
  SAT ! Makespan = 555
  Schedule is valid with Makespan = 555
<<<<<<< HEAD:results/LowFlexibilityResults/2factories/la08.log
  Total time: 1.8801 seconds
=======
  Total time: 2.1502 seconds
>>>>>>> 8881c4c611bda01e9087aa053fd9d402867ed68b:results/HighFlexibilityResults/2factories/la08.log
------------------------------------------------------------------
[*] Trying with Upper Bound = 554...
  SAT ! Makespan = 554
  Schedule is valid with Makespan = 554
<<<<<<< HEAD:results/LowFlexibilityResults/2factories/la08.log
  Total time: 1.8888 seconds
=======
  Total time: 2.1599 seconds
>>>>>>> 8881c4c611bda01e9087aa053fd9d402867ed68b:results/HighFlexibilityResults/2factories/la08.log
------------------------------------------------------------------
[*] Trying with Upper Bound = 553...
  SAT ! Makespan = 553
  Schedule is valid with Makespan = 553
<<<<<<< HEAD:results/LowFlexibilityResults/2factories/la08.log
  Total time: 1.8977 seconds
=======
  Total time: 2.1694 seconds
>>>>>>> 8881c4c611bda01e9087aa053fd9d402867ed68b:results/HighFlexibilityResults/2factories/la08.log
------------------------------------------------------------------
[*] Trying with Upper Bound = 552...
  SAT ! Makespan = 552
  Schedule is valid with Makespan = 552
<<<<<<< HEAD:results/LowFlexibilityResults/2factories/la08.log
  Total time: 1.9061 seconds
=======
  Total time: 2.3541 seconds
>>>>>>> 8881c4c611bda01e9087aa053fd9d402867ed68b:results/HighFlexibilityResults/2factories/la08.log
------------------------------------------------------------------
[*] Trying with Upper Bound = 551...
  SAT ! Makespan = 551
  Schedule is valid with Makespan = 551
<<<<<<< HEAD:results/LowFlexibilityResults/2factories/la08.log
  Total time: 1.9143 seconds
=======
  Total time: 2.3812 seconds
>>>>>>> 8881c4c611bda01e9087aa053fd9d402867ed68b:results/HighFlexibilityResults/2factories/la08.log
------------------------------------------------------------------
[*] Trying with Upper Bound = 550...
  SAT ! Makespan = 550
  Schedule is valid with Makespan = 550
<<<<<<< HEAD:results/LowFlexibilityResults/2factories/la08.log
  Total time: 1.9223 seconds
=======
  Total time: 2.3966 seconds
>>>>>>> 8881c4c611bda01e9087aa053fd9d402867ed68b:results/HighFlexibilityResults/2factories/la08.log
------------------------------------------------------------------
[*] Trying with Upper Bound = 549...
  SAT ! Makespan = 549
  Schedule is valid with Makespan = 549
<<<<<<< HEAD:results/LowFlexibilityResults/2factories/la08.log
  Total time: 1.9522 seconds
=======
  Total time: 2.4084 seconds
>>>>>>> 8881c4c611bda01e9087aa053fd9d402867ed68b:results/HighFlexibilityResults/2factories/la08.log
------------------------------------------------------------------
[*] Trying with Upper Bound = 548...
  SAT ! Makespan = 548
  Schedule is valid with Makespan = 548
<<<<<<< HEAD:results/LowFlexibilityResults/2factories/la08.log
  Total time: 1.9633 seconds
=======
  Total time: 2.4199 seconds
>>>>>>> 8881c4c611bda01e9087aa053fd9d402867ed68b:results/HighFlexibilityResults/2factories/la08.log
------------------------------------------------------------------
[*] Trying with Upper Bound = 547...
  SAT ! Makespan = 547
  Schedule is valid with Makespan = 547
<<<<<<< HEAD:results/LowFlexibilityResults/2factories/la08.log
  Total time: 1.9721 seconds
=======
  Total time: 2.4304 seconds
>>>>>>> 8881c4c611bda01e9087aa053fd9d402867ed68b:results/HighFlexibilityResults/2factories/la08.log
------------------------------------------------------------------
[*] Trying with Upper Bound = 546...
  SAT ! Makespan = 546
  Schedule is valid with Makespan = 546
<<<<<<< HEAD:results/LowFlexibilityResults/2factories/la08.log
  Total time: 1.9806 seconds
=======
  Total time: 2.4410 seconds
>>>>>>> 8881c4c611bda01e9087aa053fd9d402867ed68b:results/HighFlexibilityResults/2factories/la08.log
------------------------------------------------------------------
[*] Trying with Upper Bound = 545...
  SAT ! Makespan = 545
  Schedule is valid with Makespan = 545
<<<<<<< HEAD:results/LowFlexibilityResults/2factories/la08.log
  Total time: 1.9897 seconds
=======
  Total time: 2.4515 seconds
>>>>>>> 8881c4c611bda01e9087aa053fd9d402867ed68b:results/HighFlexibilityResults/2factories/la08.log
------------------------------------------------------------------
[*] Trying with Upper Bound = 544...
  SAT ! Makespan = 544
  Schedule is valid with Makespan = 544
<<<<<<< HEAD:results/LowFlexibilityResults/2factories/la08.log
  Total time: 1.9989 seconds
=======
  Total time: 2.4616 seconds
>>>>>>> 8881c4c611bda01e9087aa053fd9d402867ed68b:results/HighFlexibilityResults/2factories/la08.log
------------------------------------------------------------------
[*] Trying with Upper Bound = 543...
  SAT ! Makespan = 543
  Schedule is valid with Makespan = 543
<<<<<<< HEAD:results/LowFlexibilityResults/2factories/la08.log
  Total time: 2.0075 seconds
=======
  Total time: 2.4725 seconds
>>>>>>> 8881c4c611bda01e9087aa053fd9d402867ed68b:results/HighFlexibilityResults/2factories/la08.log
------------------------------------------------------------------
[*] Trying with Upper Bound = 542...
  SAT ! Makespan = 542
  Schedule is valid with Makespan = 542
<<<<<<< HEAD:results/LowFlexibilityResults/2factories/la08.log
  Total time: 2.0165 seconds
=======
  Total time: 2.4833 seconds
>>>>>>> 8881c4c611bda01e9087aa053fd9d402867ed68b:results/HighFlexibilityResults/2factories/la08.log
------------------------------------------------------------------
[*] Trying with Upper Bound = 541...
  SAT ! Makespan = 541
  Schedule is valid with Makespan = 541
<<<<<<< HEAD:results/LowFlexibilityResults/2factories/la08.log
  Total time: 2.0255 seconds
=======
  Total time: 2.4937 seconds
>>>>>>> 8881c4c611bda01e9087aa053fd9d402867ed68b:results/HighFlexibilityResults/2factories/la08.log
------------------------------------------------------------------
[*] Trying with Upper Bound = 540...
  SAT ! Makespan = 540
  Schedule is valid with Makespan = 540
<<<<<<< HEAD:results/LowFlexibilityResults/2factories/la08.log
  Total time: 2.0339 seconds
=======
  Total time: 2.5042 seconds
>>>>>>> 8881c4c611bda01e9087aa053fd9d402867ed68b:results/HighFlexibilityResults/2factories/la08.log
------------------------------------------------------------------
[*] Trying with Upper Bound = 539...
  SAT ! Makespan = 539
  Schedule is valid with Makespan = 539
<<<<<<< HEAD:results/LowFlexibilityResults/2factories/la08.log
  Total time: 2.0421 seconds
=======
  Total time: 2.5151 seconds
>>>>>>> 8881c4c611bda01e9087aa053fd9d402867ed68b:results/HighFlexibilityResults/2factories/la08.log
------------------------------------------------------------------
[*] Trying with Upper Bound = 538...
  SAT ! Makespan = 538
  Schedule is valid with Makespan = 538
<<<<<<< HEAD:results/LowFlexibilityResults/2factories/la08.log
  Total time: 2.0502 seconds
=======
  Total time: 2.5258 seconds
>>>>>>> 8881c4c611bda01e9087aa053fd9d402867ed68b:results/HighFlexibilityResults/2factories/la08.log
------------------------------------------------------------------
[*] Trying with Upper Bound = 537...
  SAT ! Makespan = 537
  Schedule is valid with Makespan = 537
<<<<<<< HEAD:results/LowFlexibilityResults/2factories/la08.log
  Total time: 2.0581 seconds
=======
  Total time: 2.5370 seconds
>>>>>>> 8881c4c611bda01e9087aa053fd9d402867ed68b:results/HighFlexibilityResults/2factories/la08.log
------------------------------------------------------------------
[*] Trying with Upper Bound = 536...
  SAT ! Makespan = 536
  Schedule is valid with Makespan = 536
<<<<<<< HEAD:results/LowFlexibilityResults/2factories/la08.log
  Total time: 2.0663 seconds
=======
  Total time: 2.5488 seconds
>>>>>>> 8881c4c611bda01e9087aa053fd9d402867ed68b:results/HighFlexibilityResults/2factories/la08.log
------------------------------------------------------------------
[*] Trying with Upper Bound = 535...
  SAT ! Makespan = 535
  Schedule is valid with Makespan = 535
<<<<<<< HEAD:results/LowFlexibilityResults/2factories/la08.log
  Total time: 2.0744 seconds
=======
  Total time: 2.5597 seconds
>>>>>>> 8881c4c611bda01e9087aa053fd9d402867ed68b:results/HighFlexibilityResults/2factories/la08.log
------------------------------------------------------------------
[*] Trying with Upper Bound = 534...
  SAT ! Makespan = 534
  Schedule is valid with Makespan = 534
<<<<<<< HEAD:results/LowFlexibilityResults/2factories/la08.log
  Total time: 2.0825 seconds
=======
  Total time: 2.5698 seconds
>>>>>>> 8881c4c611bda01e9087aa053fd9d402867ed68b:results/HighFlexibilityResults/2factories/la08.log
------------------------------------------------------------------
[*] Trying with Upper Bound = 533...
  SAT ! Makespan = 533
  Schedule is valid with Makespan = 533
<<<<<<< HEAD:results/LowFlexibilityResults/2factories/la08.log
  Total time: 2.0904 seconds
=======
  Total time: 2.5800 seconds
>>>>>>> 8881c4c611bda01e9087aa053fd9d402867ed68b:results/HighFlexibilityResults/2factories/la08.log
------------------------------------------------------------------
[*] Trying with Upper Bound = 532...
  SAT ! Makespan = 532
  Schedule is valid with Makespan = 532
<<<<<<< HEAD:results/LowFlexibilityResults/2factories/la08.log
  Total time: 2.0982 seconds
=======
  Total time: 2.5903 seconds
>>>>>>> 8881c4c611bda01e9087aa053fd9d402867ed68b:results/HighFlexibilityResults/2factories/la08.log
------------------------------------------------------------------
[*] Trying with Upper Bound = 531...
  SAT ! Makespan = 531
  Schedule is valid with Makespan = 531
<<<<<<< HEAD:results/LowFlexibilityResults/2factories/la08.log
  Total time: 2.1058 seconds
=======
  Total time: 2.6008 seconds
>>>>>>> 8881c4c611bda01e9087aa053fd9d402867ed68b:results/HighFlexibilityResults/2factories/la08.log
------------------------------------------------------------------
[*] Trying with Upper Bound = 530...
  SAT ! Makespan = 530
  Schedule is valid with Makespan = 530
<<<<<<< HEAD:results/LowFlexibilityResults/2factories/la08.log
  Total time: 2.1136 seconds
=======
  Total time: 2.6114 seconds
>>>>>>> 8881c4c611bda01e9087aa053fd9d402867ed68b:results/HighFlexibilityResults/2factories/la08.log
------------------------------------------------------------------
[*] Trying with Upper Bound = 529...
  SAT ! Makespan = 529
  Schedule is valid with Makespan = 529
<<<<<<< HEAD:results/LowFlexibilityResults/2factories/la08.log
  Total time: 2.1213 seconds
=======
  Total time: 2.6216 seconds
>>>>>>> 8881c4c611bda01e9087aa053fd9d402867ed68b:results/HighFlexibilityResults/2factories/la08.log
------------------------------------------------------------------
[*] Trying with Upper Bound = 528...
  SAT ! Makespan = 528
  Schedule is valid with Makespan = 528
<<<<<<< HEAD:results/LowFlexibilityResults/2factories/la08.log
  Total time: 2.1289 seconds
=======
  Total time: 2.6318 seconds
>>>>>>> 8881c4c611bda01e9087aa053fd9d402867ed68b:results/HighFlexibilityResults/2factories/la08.log
------------------------------------------------------------------
[*] Trying with Upper Bound = 527...
  SAT ! Makespan = 527
  Schedule is valid with Makespan = 527
<<<<<<< HEAD:results/LowFlexibilityResults/2factories/la08.log
  Total time: 2.1366 seconds
=======
  Total time: 2.6422 seconds
>>>>>>> 8881c4c611bda01e9087aa053fd9d402867ed68b:results/HighFlexibilityResults/2factories/la08.log
------------------------------------------------------------------
[*] Trying with Upper Bound = 526...
  SAT ! Makespan = 526
  Schedule is valid with Makespan = 526
<<<<<<< HEAD:results/LowFlexibilityResults/2factories/la08.log
  Total time: 2.1443 seconds
=======
  Total time: 2.6520 seconds
>>>>>>> 8881c4c611bda01e9087aa053fd9d402867ed68b:results/HighFlexibilityResults/2factories/la08.log
------------------------------------------------------------------
[*] Trying with Upper Bound = 525...
  SAT ! Makespan = 525
  Schedule is valid with Makespan = 525
<<<<<<< HEAD:results/LowFlexibilityResults/2factories/la08.log
  Total time: 2.1520 seconds
=======
  Total time: 2.6616 seconds
>>>>>>> 8881c4c611bda01e9087aa053fd9d402867ed68b:results/HighFlexibilityResults/2factories/la08.log
------------------------------------------------------------------
[*] Trying with Upper Bound = 524...
  SAT ! Makespan = 524
  Schedule is valid with Makespan = 524
<<<<<<< HEAD:results/LowFlexibilityResults/2factories/la08.log
  Total time: 2.1598 seconds
=======
  Total time: 2.6714 seconds
>>>>>>> 8881c4c611bda01e9087aa053fd9d402867ed68b:results/HighFlexibilityResults/2factories/la08.log
------------------------------------------------------------------
[*] Trying with Upper Bound = 523...
  SAT ! Makespan = 523
  Schedule is valid with Makespan = 523
<<<<<<< HEAD:results/LowFlexibilityResults/2factories/la08.log
  Total time: 2.1676 seconds
=======
  Total time: 2.6815 seconds
>>>>>>> 8881c4c611bda01e9087aa053fd9d402867ed68b:results/HighFlexibilityResults/2factories/la08.log
------------------------------------------------------------------
[*] Trying with Upper Bound = 522...
  SAT ! Makespan = 522
  Schedule is valid with Makespan = 522
<<<<<<< HEAD:results/LowFlexibilityResults/2factories/la08.log
  Total time: 2.1753 seconds
=======
  Total time: 2.6916 seconds
>>>>>>> 8881c4c611bda01e9087aa053fd9d402867ed68b:results/HighFlexibilityResults/2factories/la08.log
------------------------------------------------------------------
[*] Trying with Upper Bound = 521...
  SAT ! Makespan = 521
  Schedule is valid with Makespan = 521
<<<<<<< HEAD:results/LowFlexibilityResults/2factories/la08.log
  Total time: 2.1828 seconds
=======
  Total time: 2.7015 seconds
>>>>>>> 8881c4c611bda01e9087aa053fd9d402867ed68b:results/HighFlexibilityResults/2factories/la08.log
------------------------------------------------------------------
[*] Trying with Upper Bound = 520...
  SAT ! Makespan = 520
  Schedule is valid with Makespan = 520
<<<<<<< HEAD:results/LowFlexibilityResults/2factories/la08.log
  Total time: 2.1907 seconds
=======
  Total time: 2.7121 seconds
>>>>>>> 8881c4c611bda01e9087aa053fd9d402867ed68b:results/HighFlexibilityResults/2factories/la08.log
------------------------------------------------------------------
[*] Trying with Upper Bound = 519...
  SAT ! Makespan = 519
  Schedule is valid with Makespan = 519
<<<<<<< HEAD:results/LowFlexibilityResults/2factories/la08.log
  Total time: 2.1986 seconds
=======
  Total time: 2.7230 seconds
>>>>>>> 8881c4c611bda01e9087aa053fd9d402867ed68b:results/HighFlexibilityResults/2factories/la08.log
------------------------------------------------------------------
[*] Trying with Upper Bound = 518...
  SAT ! Makespan = 518
  Schedule is valid with Makespan = 518
<<<<<<< HEAD:results/LowFlexibilityResults/2factories/la08.log
  Total time: 2.2064 seconds
=======
  Total time: 2.7342 seconds
>>>>>>> 8881c4c611bda01e9087aa053fd9d402867ed68b:results/HighFlexibilityResults/2factories/la08.log
------------------------------------------------------------------
[*] Trying with Upper Bound = 517...
  SAT ! Makespan = 517
  Schedule is valid with Makespan = 517
<<<<<<< HEAD:results/LowFlexibilityResults/2factories/la08.log
  Total time: 2.2140 seconds
=======
  Total time: 2.7453 seconds
>>>>>>> 8881c4c611bda01e9087aa053fd9d402867ed68b:results/HighFlexibilityResults/2factories/la08.log
------------------------------------------------------------------
[*] Trying with Upper Bound = 516...
  SAT ! Makespan = 516
  Schedule is valid with Makespan = 516
<<<<<<< HEAD:results/LowFlexibilityResults/2factories/la08.log
  Total time: 2.2215 seconds
=======
  Total time: 2.7750 seconds
>>>>>>> 8881c4c611bda01e9087aa053fd9d402867ed68b:results/HighFlexibilityResults/2factories/la08.log
------------------------------------------------------------------
[*] Trying with Upper Bound = 515...
  SAT ! Makespan = 515
  Schedule is valid with Makespan = 515
<<<<<<< HEAD:results/LowFlexibilityResults/2factories/la08.log
  Total time: 2.2290 seconds
=======
  Total time: 2.9516 seconds
>>>>>>> 8881c4c611bda01e9087aa053fd9d402867ed68b:results/HighFlexibilityResults/2factories/la08.log
------------------------------------------------------------------
[*] Trying with Upper Bound = 514...
  SAT ! Makespan = 514
  Schedule is valid with Makespan = 514
<<<<<<< HEAD:results/LowFlexibilityResults/2factories/la08.log
  Total time: 2.2365 seconds
=======
  Total time: 2.9660 seconds
>>>>>>> 8881c4c611bda01e9087aa053fd9d402867ed68b:results/HighFlexibilityResults/2factories/la08.log
------------------------------------------------------------------
[*] Trying with Upper Bound = 513...
  SAT ! Makespan = 513
  Schedule is valid with Makespan = 513
<<<<<<< HEAD:results/LowFlexibilityResults/2factories/la08.log
  Total time: 2.2440 seconds
=======
  Total time: 2.9769 seconds
>>>>>>> 8881c4c611bda01e9087aa053fd9d402867ed68b:results/HighFlexibilityResults/2factories/la08.log
------------------------------------------------------------------
[*] Trying with Upper Bound = 512...
  SAT ! Makespan = 512
  Schedule is valid with Makespan = 512
<<<<<<< HEAD:results/LowFlexibilityResults/2factories/la08.log
  Total time: 2.2515 seconds
=======
  Total time: 2.9865 seconds
>>>>>>> 8881c4c611bda01e9087aa053fd9d402867ed68b:results/HighFlexibilityResults/2factories/la08.log
------------------------------------------------------------------
[*] Trying with Upper Bound = 511...
  SAT ! Makespan = 511
  Schedule is valid with Makespan = 511
<<<<<<< HEAD:results/LowFlexibilityResults/2factories/la08.log
  Total time: 2.2590 seconds
=======
  Total time: 2.9962 seconds
>>>>>>> 8881c4c611bda01e9087aa053fd9d402867ed68b:results/HighFlexibilityResults/2factories/la08.log
------------------------------------------------------------------
[*] Trying with Upper Bound = 510...
  SAT ! Makespan = 510
  Schedule is valid with Makespan = 510
<<<<<<< HEAD:results/LowFlexibilityResults/2factories/la08.log
  Total time: 2.2665 seconds
=======
  Total time: 3.0558 seconds
>>>>>>> 8881c4c611bda01e9087aa053fd9d402867ed68b:results/HighFlexibilityResults/2factories/la08.log
------------------------------------------------------------------
[*] Trying with Upper Bound = 509...
  SAT ! Makespan = 509
  Schedule is valid with Makespan = 509
<<<<<<< HEAD:results/LowFlexibilityResults/2factories/la08.log
  Total time: 2.2740 seconds
=======
  Total time: 3.0683 seconds
>>>>>>> 8881c4c611bda01e9087aa053fd9d402867ed68b:results/HighFlexibilityResults/2factories/la08.log
------------------------------------------------------------------
[*] Trying with Upper Bound = 508...
  SAT ! Makespan = 508
  Schedule is valid with Makespan = 508
<<<<<<< HEAD:results/LowFlexibilityResults/2factories/la08.log
  Total time: 2.2819 seconds
=======
  Total time: 3.0784 seconds
>>>>>>> 8881c4c611bda01e9087aa053fd9d402867ed68b:results/HighFlexibilityResults/2factories/la08.log
------------------------------------------------------------------
[*] Trying with Upper Bound = 507...
  SAT ! Makespan = 507
  Schedule is valid with Makespan = 507
<<<<<<< HEAD:results/LowFlexibilityResults/2factories/la08.log
  Total time: 2.2896 seconds
=======
  Total time: 3.0878 seconds
>>>>>>> 8881c4c611bda01e9087aa053fd9d402867ed68b:results/HighFlexibilityResults/2factories/la08.log
------------------------------------------------------------------
[*] Trying with Upper Bound = 506...
  SAT ! Makespan = 506
  Schedule is valid with Makespan = 506
<<<<<<< HEAD:results/LowFlexibilityResults/2factories/la08.log
  Total time: 2.2970 seconds
=======
  Total time: 3.0970 seconds
>>>>>>> 8881c4c611bda01e9087aa053fd9d402867ed68b:results/HighFlexibilityResults/2factories/la08.log
------------------------------------------------------------------
[*] Trying with Upper Bound = 505...
  SAT ! Makespan = 505
  Schedule is valid with Makespan = 505
<<<<<<< HEAD:results/LowFlexibilityResults/2factories/la08.log
  Total time: 2.3044 seconds
=======
  Total time: 3.1060 seconds
>>>>>>> 8881c4c611bda01e9087aa053fd9d402867ed68b:results/HighFlexibilityResults/2factories/la08.log
------------------------------------------------------------------
[*] Trying with Upper Bound = 504...
  SAT ! Makespan = 504
  Schedule is valid with Makespan = 504
<<<<<<< HEAD:results/LowFlexibilityResults/2factories/la08.log
  Total time: 2.3119 seconds
=======
  Total time: 3.1148 seconds
>>>>>>> 8881c4c611bda01e9087aa053fd9d402867ed68b:results/HighFlexibilityResults/2factories/la08.log
------------------------------------------------------------------
[*] Trying with Upper Bound = 503...
  SAT ! Makespan = 503
  Schedule is valid with Makespan = 503
<<<<<<< HEAD:results/LowFlexibilityResults/2factories/la08.log
  Total time: 2.3193 seconds
=======
  Total time: 3.1236 seconds
>>>>>>> 8881c4c611bda01e9087aa053fd9d402867ed68b:results/HighFlexibilityResults/2factories/la08.log
------------------------------------------------------------------
[*] Trying with Upper Bound = 502...
  SAT ! Makespan = 502
  Schedule is valid with Makespan = 502
<<<<<<< HEAD:results/LowFlexibilityResults/2factories/la08.log
  Total time: 2.3265 seconds
=======
  Total time: 3.1325 seconds
>>>>>>> 8881c4c611bda01e9087aa053fd9d402867ed68b:results/HighFlexibilityResults/2factories/la08.log
------------------------------------------------------------------
[*] Trying with Upper Bound = 501...
  SAT ! Makespan = 501
  Schedule is valid with Makespan = 501
<<<<<<< HEAD:results/LowFlexibilityResults/2factories/la08.log
  Total time: 2.3338 seconds
=======
  Total time: 3.1414 seconds
>>>>>>> 8881c4c611bda01e9087aa053fd9d402867ed68b:results/HighFlexibilityResults/2factories/la08.log
------------------------------------------------------------------
[*] Trying with Upper Bound = 500...
  SAT ! Makespan = 500
  Schedule is valid with Makespan = 500
<<<<<<< HEAD:results/LowFlexibilityResults/2factories/la08.log
  Total time: 2.3409 seconds
=======
  Total time: 3.1505 seconds
>>>>>>> 8881c4c611bda01e9087aa053fd9d402867ed68b:results/HighFlexibilityResults/2factories/la08.log
------------------------------------------------------------------
[*] Trying with Upper Bound = 499...
  SAT ! Makespan = 499
  Schedule is valid with Makespan = 499
<<<<<<< HEAD:results/LowFlexibilityResults/2factories/la08.log
  Total time: 2.3488 seconds
=======
  Total time: 3.1613 seconds
>>>>>>> 8881c4c611bda01e9087aa053fd9d402867ed68b:results/HighFlexibilityResults/2factories/la08.log
------------------------------------------------------------------
[*] Trying with Upper Bound = 498...
  SAT ! Makespan = 498
  Schedule is valid with Makespan = 498
<<<<<<< HEAD:results/LowFlexibilityResults/2factories/la08.log
  Total time: 2.3564 seconds
=======
  Total time: 3.1710 seconds
>>>>>>> 8881c4c611bda01e9087aa053fd9d402867ed68b:results/HighFlexibilityResults/2factories/la08.log
------------------------------------------------------------------
[*] Trying with Upper Bound = 497...
  SAT ! Makespan = 497
  Schedule is valid with Makespan = 497
<<<<<<< HEAD:results/LowFlexibilityResults/2factories/la08.log
  Total time: 2.3638 seconds
=======
  Total time: 3.1801 seconds
>>>>>>> 8881c4c611bda01e9087aa053fd9d402867ed68b:results/HighFlexibilityResults/2factories/la08.log
------------------------------------------------------------------
[*] Trying with Upper Bound = 496...
  SAT ! Makespan = 496
  Schedule is valid with Makespan = 496
<<<<<<< HEAD:results/LowFlexibilityResults/2factories/la08.log
  Total time: 2.3713 seconds
=======
  Total time: 3.1891 seconds
>>>>>>> 8881c4c611bda01e9087aa053fd9d402867ed68b:results/HighFlexibilityResults/2factories/la08.log
------------------------------------------------------------------
[*] Trying with Upper Bound = 495...
  SAT ! Makespan = 495
  Schedule is valid with Makespan = 495
<<<<<<< HEAD:results/LowFlexibilityResults/2factories/la08.log
  Total time: 2.3788 seconds
=======
  Total time: 3.1979 seconds
>>>>>>> 8881c4c611bda01e9087aa053fd9d402867ed68b:results/HighFlexibilityResults/2factories/la08.log
------------------------------------------------------------------
[*] Trying with Upper Bound = 494...
  SAT ! Makespan = 494
  Schedule is valid with Makespan = 494
<<<<<<< HEAD:results/LowFlexibilityResults/2factories/la08.log
  Total time: 2.3862 seconds
=======
  Total time: 3.2068 seconds
>>>>>>> 8881c4c611bda01e9087aa053fd9d402867ed68b:results/HighFlexibilityResults/2factories/la08.log
------------------------------------------------------------------
[*] Trying with Upper Bound = 493...
  SAT ! Makespan = 493
  Schedule is valid with Makespan = 493
<<<<<<< HEAD:results/LowFlexibilityResults/2factories/la08.log
  Total time: 2.3936 seconds
=======
  Total time: 3.2172 seconds
>>>>>>> 8881c4c611bda01e9087aa053fd9d402867ed68b:results/HighFlexibilityResults/2factories/la08.log
------------------------------------------------------------------
[*] Trying with Upper Bound = 492...
  SAT ! Makespan = 492
  Schedule is valid with Makespan = 492
<<<<<<< HEAD:results/LowFlexibilityResults/2factories/la08.log
  Total time: 2.4011 seconds
=======
  Total time: 3.2353 seconds
>>>>>>> 8881c4c611bda01e9087aa053fd9d402867ed68b:results/HighFlexibilityResults/2factories/la08.log
------------------------------------------------------------------
[*] Trying with Upper Bound = 491...
  SAT ! Makespan = 491
  Schedule is valid with Makespan = 491
<<<<<<< HEAD:results/LowFlexibilityResults/2factories/la08.log
  Total time: 2.4086 seconds
=======
  Total time: 3.2456 seconds
>>>>>>> 8881c4c611bda01e9087aa053fd9d402867ed68b:results/HighFlexibilityResults/2factories/la08.log
------------------------------------------------------------------
[*] Trying with Upper Bound = 490...
  SAT ! Makespan = 490
  Schedule is valid with Makespan = 490
<<<<<<< HEAD:results/LowFlexibilityResults/2factories/la08.log
  Total time: 2.4160 seconds
=======
  Total time: 3.2549 seconds
>>>>>>> 8881c4c611bda01e9087aa053fd9d402867ed68b:results/HighFlexibilityResults/2factories/la08.log
------------------------------------------------------------------
[*] Trying with Upper Bound = 489...
  SAT ! Makespan = 489
  Schedule is valid with Makespan = 489
<<<<<<< HEAD:results/LowFlexibilityResults/2factories/la08.log
  Total time: 2.4250 seconds
=======
  Total time: 3.2640 seconds
>>>>>>> 8881c4c611bda01e9087aa053fd9d402867ed68b:results/HighFlexibilityResults/2factories/la08.log
------------------------------------------------------------------
[*] Trying with Upper Bound = 488...
  SAT ! Makespan = 488
  Schedule is valid with Makespan = 488
<<<<<<< HEAD:results/LowFlexibilityResults/2factories/la08.log
  Total time: 2.4330 seconds
=======
  Total time: 3.2732 seconds
>>>>>>> 8881c4c611bda01e9087aa053fd9d402867ed68b:results/HighFlexibilityResults/2factories/la08.log
------------------------------------------------------------------
[*] Trying with Upper Bound = 487...
  SAT ! Makespan = 487
  Schedule is valid with Makespan = 487
<<<<<<< HEAD:results/LowFlexibilityResults/2factories/la08.log
  Total time: 2.4406 seconds
=======
  Total time: 3.2832 seconds
>>>>>>> 8881c4c611bda01e9087aa053fd9d402867ed68b:results/HighFlexibilityResults/2factories/la08.log
------------------------------------------------------------------
[*] Trying with Upper Bound = 486...
  SAT ! Makespan = 486
  Schedule is valid with Makespan = 486
<<<<<<< HEAD:results/LowFlexibilityResults/2factories/la08.log
  Total time: 2.4481 seconds
=======
  Total time: 3.2926 seconds
>>>>>>> 8881c4c611bda01e9087aa053fd9d402867ed68b:results/HighFlexibilityResults/2factories/la08.log
------------------------------------------------------------------
[*] Trying with Upper Bound = 485...
  SAT ! Makespan = 485
  Schedule is valid with Makespan = 485
<<<<<<< HEAD:results/LowFlexibilityResults/2factories/la08.log
  Total time: 2.4565 seconds
=======
  Total time: 3.3018 seconds
>>>>>>> 8881c4c611bda01e9087aa053fd9d402867ed68b:results/HighFlexibilityResults/2factories/la08.log
------------------------------------------------------------------
[*] Trying with Upper Bound = 484...
  SAT ! Makespan = 484
  Schedule is valid with Makespan = 484
<<<<<<< HEAD:results/LowFlexibilityResults/2factories/la08.log
  Total time: 2.4642 seconds
=======
  Total time: 3.3110 seconds
>>>>>>> 8881c4c611bda01e9087aa053fd9d402867ed68b:results/HighFlexibilityResults/2factories/la08.log
------------------------------------------------------------------
[*] Trying with Upper Bound = 483...
  SAT ! Makespan = 483
  Schedule is valid with Makespan = 483
<<<<<<< HEAD:results/LowFlexibilityResults/2factories/la08.log
  Total time: 2.4717 seconds
=======
  Total time: 3.3202 seconds
>>>>>>> 8881c4c611bda01e9087aa053fd9d402867ed68b:results/HighFlexibilityResults/2factories/la08.log
------------------------------------------------------------------
[*] Trying with Upper Bound = 482...
  SAT ! Makespan = 482
  Schedule is valid with Makespan = 482
<<<<<<< HEAD:results/LowFlexibilityResults/2factories/la08.log
  Total time: 2.4792 seconds
=======
  Total time: 3.3342 seconds
>>>>>>> 8881c4c611bda01e9087aa053fd9d402867ed68b:results/HighFlexibilityResults/2factories/la08.log
------------------------------------------------------------------
[*] Trying with Upper Bound = 481...
  SAT ! Makespan = 481
  Schedule is valid with Makespan = 481
<<<<<<< HEAD:results/LowFlexibilityResults/2factories/la08.log
  Total time: 2.4868 seconds
=======
  Total time: 3.3434 seconds
>>>>>>> 8881c4c611bda01e9087aa053fd9d402867ed68b:results/HighFlexibilityResults/2factories/la08.log
------------------------------------------------------------------
[*] Trying with Upper Bound = 480...
  SAT ! Makespan = 480
  Schedule is valid with Makespan = 480
<<<<<<< HEAD:results/LowFlexibilityResults/2factories/la08.log
  Total time: 2.4944 seconds
=======
  Total time: 3.3522 seconds
>>>>>>> 8881c4c611bda01e9087aa053fd9d402867ed68b:results/HighFlexibilityResults/2factories/la08.log
------------------------------------------------------------------
[*] Trying with Upper Bound = 479...
  SAT ! Makespan = 479
  Schedule is valid with Makespan = 479
<<<<<<< HEAD:results/LowFlexibilityResults/2factories/la08.log
  Total time: 2.5919 seconds
=======
  Total time: 3.3609 seconds
>>>>>>> 8881c4c611bda01e9087aa053fd9d402867ed68b:results/HighFlexibilityResults/2factories/la08.log
------------------------------------------------------------------
[*] Trying with Upper Bound = 478...
  SAT ! Makespan = 478
  Schedule is valid with Makespan = 478
<<<<<<< HEAD:results/LowFlexibilityResults/2factories/la08.log
  Total time: 2.6044 seconds
=======
  Total time: 3.3696 seconds
>>>>>>> 8881c4c611bda01e9087aa053fd9d402867ed68b:results/HighFlexibilityResults/2factories/la08.log
------------------------------------------------------------------
[*] Trying with Upper Bound = 477...
  SAT ! Makespan = 477
  Schedule is valid with Makespan = 477
<<<<<<< HEAD:results/LowFlexibilityResults/2factories/la08.log
  Total time: 2.6130 seconds
=======
  Total time: 3.4740 seconds
>>>>>>> 8881c4c611bda01e9087aa053fd9d402867ed68b:results/HighFlexibilityResults/2factories/la08.log
------------------------------------------------------------------
[*] Trying with Upper Bound = 476...
  SAT ! Makespan = 476
  Schedule is valid with Makespan = 476
<<<<<<< HEAD:results/LowFlexibilityResults/2factories/la08.log
  Total time: 2.7808 seconds
=======
  Total time: 3.4885 seconds
>>>>>>> 8881c4c611bda01e9087aa053fd9d402867ed68b:results/HighFlexibilityResults/2factories/la08.log
------------------------------------------------------------------
[*] Trying with Upper Bound = 475...
  SAT ! Makespan = 475
  Schedule is valid with Makespan = 475
<<<<<<< HEAD:results/LowFlexibilityResults/2factories/la08.log
  Total time: 2.9287 seconds
=======
  Total time: 3.4979 seconds
>>>>>>> 8881c4c611bda01e9087aa053fd9d402867ed68b:results/HighFlexibilityResults/2factories/la08.log
------------------------------------------------------------------
[*] Trying with Upper Bound = 474...
  SAT ! Makespan = 474
  Schedule is valid with Makespan = 474
<<<<<<< HEAD:results/LowFlexibilityResults/2factories/la08.log
  Total time: 2.9410 seconds
=======
  Total time: 3.5187 seconds
>>>>>>> 8881c4c611bda01e9087aa053fd9d402867ed68b:results/HighFlexibilityResults/2factories/la08.log
------------------------------------------------------------------
[*] Trying with Upper Bound = 473...
  SAT ! Makespan = 473
  Schedule is valid with Makespan = 473
<<<<<<< HEAD:results/LowFlexibilityResults/2factories/la08.log
  Total time: 2.9500 seconds
=======
  Total time: 3.5362 seconds
>>>>>>> 8881c4c611bda01e9087aa053fd9d402867ed68b:results/HighFlexibilityResults/2factories/la08.log
------------------------------------------------------------------
[*] Trying with Upper Bound = 472...
  SAT ! Makespan = 472
  Schedule is valid with Makespan = 472
<<<<<<< HEAD:results/LowFlexibilityResults/2factories/la08.log
  Total time: 2.9614 seconds
=======
  Total time: 3.5546 seconds
>>>>>>> 8881c4c611bda01e9087aa053fd9d402867ed68b:results/HighFlexibilityResults/2factories/la08.log
------------------------------------------------------------------
[*] Trying with Upper Bound = 471...
  SAT ! Makespan = 471
  Schedule is valid with Makespan = 471
<<<<<<< HEAD:results/LowFlexibilityResults/2factories/la08.log
  Total time: 3.1921 seconds
=======
  Total time: 3.5659 seconds
>>>>>>> 8881c4c611bda01e9087aa053fd9d402867ed68b:results/HighFlexibilityResults/2factories/la08.log
------------------------------------------------------------------
[*] Trying with Upper Bound = 470...
  SAT ! Makespan = 470
  Schedule is valid with Makespan = 470
<<<<<<< HEAD:results/LowFlexibilityResults/2factories/la08.log
  Total time: 3.2182 seconds
=======
  Total time: 3.5760 seconds
>>>>>>> 8881c4c611bda01e9087aa053fd9d402867ed68b:results/HighFlexibilityResults/2factories/la08.log
------------------------------------------------------------------
[*] Trying with Upper Bound = 469...
  SAT ! Makespan = 469
  Schedule is valid with Makespan = 469
<<<<<<< HEAD:results/LowFlexibilityResults/2factories/la08.log
  Total time: 3.2261 seconds
=======
  Total time: 3.5856 seconds
>>>>>>> 8881c4c611bda01e9087aa053fd9d402867ed68b:results/HighFlexibilityResults/2factories/la08.log
------------------------------------------------------------------
[*] Trying with Upper Bound = 468...
  SAT ! Makespan = 468
  Schedule is valid with Makespan = 468
<<<<<<< HEAD:results/LowFlexibilityResults/2factories/la08.log
  Total time: 3.2335 seconds
=======
  Total time: 3.5955 seconds
>>>>>>> 8881c4c611bda01e9087aa053fd9d402867ed68b:results/HighFlexibilityResults/2factories/la08.log
------------------------------------------------------------------
[*] Trying with Upper Bound = 467...
  SAT ! Makespan = 467
  Schedule is valid with Makespan = 467
<<<<<<< HEAD:results/LowFlexibilityResults/2factories/la08.log
  Total time: 3.2407 seconds
=======
  Total time: 3.6054 seconds
>>>>>>> 8881c4c611bda01e9087aa053fd9d402867ed68b:results/HighFlexibilityResults/2factories/la08.log
------------------------------------------------------------------
[*] Trying with Upper Bound = 466...
  SAT ! Makespan = 466
  Schedule is valid with Makespan = 466
<<<<<<< HEAD:results/LowFlexibilityResults/2factories/la08.log
  Total time: 3.3359 seconds
=======
  Total time: 3.6162 seconds
>>>>>>> 8881c4c611bda01e9087aa053fd9d402867ed68b:results/HighFlexibilityResults/2factories/la08.log
------------------------------------------------------------------
[*] Trying with Upper Bound = 465...
  SAT ! Makespan = 465
  Schedule is valid with Makespan = 465
<<<<<<< HEAD:results/LowFlexibilityResults/2factories/la08.log
  Total time: 3.4016 seconds
=======
  Total time: 3.6262 seconds
>>>>>>> 8881c4c611bda01e9087aa053fd9d402867ed68b:results/HighFlexibilityResults/2factories/la08.log
------------------------------------------------------------------
[*] Trying with Upper Bound = 464...
  SAT ! Makespan = 464
  Schedule is valid with Makespan = 464
<<<<<<< HEAD:results/LowFlexibilityResults/2factories/la08.log
  Total time: 3.4103 seconds
=======
  Total time: 3.6355 seconds
>>>>>>> 8881c4c611bda01e9087aa053fd9d402867ed68b:results/HighFlexibilityResults/2factories/la08.log
------------------------------------------------------------------
[*] Trying with Upper Bound = 463...
  SAT ! Makespan = 463
  Schedule is valid with Makespan = 463
<<<<<<< HEAD:results/LowFlexibilityResults/2factories/la08.log
  Total time: 3.4173 seconds
=======
  Total time: 3.6758 seconds
>>>>>>> 8881c4c611bda01e9087aa053fd9d402867ed68b:results/HighFlexibilityResults/2factories/la08.log
------------------------------------------------------------------
[*] Trying with Upper Bound = 462...
  SAT ! Makespan = 462
  Schedule is valid with Makespan = 462
<<<<<<< HEAD:results/LowFlexibilityResults/2factories/la08.log
  Total time: 3.4239 seconds
=======
  Total time: 3.6892 seconds
>>>>>>> 8881c4c611bda01e9087aa053fd9d402867ed68b:results/HighFlexibilityResults/2factories/la08.log
------------------------------------------------------------------
[*] Trying with Upper Bound = 461...
  SAT ! Makespan = 461
  Schedule is valid with Makespan = 461
<<<<<<< HEAD:results/LowFlexibilityResults/2factories/la08.log
  Total time: 3.4304 seconds
=======
  Total time: 3.6993 seconds
>>>>>>> 8881c4c611bda01e9087aa053fd9d402867ed68b:results/HighFlexibilityResults/2factories/la08.log
------------------------------------------------------------------
[*] Trying with Upper Bound = 460...
  SAT ! Makespan = 460
  Schedule is valid with Makespan = 460
<<<<<<< HEAD:results/LowFlexibilityResults/2factories/la08.log
  Total time: 3.4368 seconds
=======
  Total time: 3.7090 seconds
>>>>>>> 8881c4c611bda01e9087aa053fd9d402867ed68b:results/HighFlexibilityResults/2factories/la08.log
------------------------------------------------------------------
[*] Trying with Upper Bound = 459...
  SAT ! Makespan = 459
  Schedule is valid with Makespan = 459
<<<<<<< HEAD:results/LowFlexibilityResults/2factories/la08.log
  Total time: 3.4431 seconds
=======
  Total time: 3.7178 seconds
>>>>>>> 8881c4c611bda01e9087aa053fd9d402867ed68b:results/HighFlexibilityResults/2factories/la08.log
------------------------------------------------------------------
[*] Trying with Upper Bound = 458...
  SAT ! Makespan = 458
  Schedule is valid with Makespan = 458
<<<<<<< HEAD:results/LowFlexibilityResults/2factories/la08.log
  Total time: 4.5581 seconds
=======
  Total time: 4.0102 seconds
>>>>>>> 8881c4c611bda01e9087aa053fd9d402867ed68b:results/HighFlexibilityResults/2factories/la08.log
------------------------------------------------------------------
[*] Trying with Upper Bound = 457...
  SAT ! Makespan = 457
  Schedule is valid with Makespan = 457
<<<<<<< HEAD:results/LowFlexibilityResults/2factories/la08.log
  Total time: 4.6196 seconds
=======
  Total time: 4.0426 seconds
>>>>>>> 8881c4c611bda01e9087aa053fd9d402867ed68b:results/HighFlexibilityResults/2factories/la08.log
------------------------------------------------------------------
[*] Trying with Upper Bound = 456...
  SAT ! Makespan = 456
  Schedule is valid with Makespan = 456
<<<<<<< HEAD:results/LowFlexibilityResults/2factories/la08.log
  Total time: 4.6442 seconds
=======
  Total time: 4.0551 seconds
>>>>>>> 8881c4c611bda01e9087aa053fd9d402867ed68b:results/HighFlexibilityResults/2factories/la08.log
------------------------------------------------------------------
[*] Trying with Upper Bound = 455...
  SAT ! Makespan = 455
  Schedule is valid with Makespan = 455
<<<<<<< HEAD:results/LowFlexibilityResults/2factories/la08.log
  Total time: 4.6648 seconds
=======
  Total time: 4.0631 seconds
>>>>>>> 8881c4c611bda01e9087aa053fd9d402867ed68b:results/HighFlexibilityResults/2factories/la08.log
------------------------------------------------------------------
[*] Trying with Upper Bound = 454...
  SAT ! Makespan = 454
  Schedule is valid with Makespan = 454
<<<<<<< HEAD:results/LowFlexibilityResults/2factories/la08.log
  Total time: 4.6839 seconds
=======
  Total time: 4.0723 seconds
>>>>>>> 8881c4c611bda01e9087aa053fd9d402867ed68b:results/HighFlexibilityResults/2factories/la08.log
------------------------------------------------------------------
[*] Trying with Upper Bound = 453...
  SAT ! Makespan = 453
  Schedule is valid with Makespan = 453
<<<<<<< HEAD:results/LowFlexibilityResults/2factories/la08.log
  Total time: 4.7025 seconds
=======
  Total time: 4.0812 seconds
>>>>>>> 8881c4c611bda01e9087aa053fd9d402867ed68b:results/HighFlexibilityResults/2factories/la08.log
------------------------------------------------------------------
[*] Trying with Upper Bound = 452...
  SAT ! Makespan = 452
  Schedule is valid with Makespan = 452
<<<<<<< HEAD:results/LowFlexibilityResults/2factories/la08.log
  Total time: 4.7210 seconds
=======
  Total time: 4.0887 seconds
>>>>>>> 8881c4c611bda01e9087aa053fd9d402867ed68b:results/HighFlexibilityResults/2factories/la08.log
------------------------------------------------------------------
[*] Trying with Upper Bound = 451...
  SAT ! Makespan = 451
  Schedule is valid with Makespan = 451
<<<<<<< HEAD:results/LowFlexibilityResults/2factories/la08.log
  Total time: 4.7279 seconds
=======
  Total time: 4.0964 seconds
>>>>>>> 8881c4c611bda01e9087aa053fd9d402867ed68b:results/HighFlexibilityResults/2factories/la08.log
------------------------------------------------------------------
[*] Trying with Upper Bound = 450...
  SAT ! Makespan = 450
  Schedule is valid with Makespan = 450
<<<<<<< HEAD:results/LowFlexibilityResults/2factories/la08.log
  Total time: 4.7707 seconds
=======
  Total time: 4.1190 seconds
>>>>>>> 8881c4c611bda01e9087aa053fd9d402867ed68b:results/HighFlexibilityResults/2factories/la08.log
------------------------------------------------------------------
[*] Trying with Upper Bound = 449...
  SAT ! Makespan = 449
  Schedule is valid with Makespan = 449
<<<<<<< HEAD:results/LowFlexibilityResults/2factories/la08.log
  Total time: 4.7791 seconds
=======
  Total time: 4.1281 seconds
>>>>>>> 8881c4c611bda01e9087aa053fd9d402867ed68b:results/HighFlexibilityResults/2factories/la08.log
------------------------------------------------------------------
[*] Trying with Upper Bound = 448...
  SAT ! Makespan = 448
  Schedule is valid with Makespan = 448
<<<<<<< HEAD:results/LowFlexibilityResults/2factories/la08.log
  Total time: 4.7947 seconds
=======
  Total time: 4.1366 seconds
>>>>>>> 8881c4c611bda01e9087aa053fd9d402867ed68b:results/HighFlexibilityResults/2factories/la08.log
------------------------------------------------------------------
[*] Trying with Upper Bound = 447...
  SAT ! Makespan = 447
  Schedule is valid with Makespan = 447
<<<<<<< HEAD:results/LowFlexibilityResults/2factories/la08.log
  Total time: 4.9164 seconds
=======
  Total time: 4.1450 seconds
>>>>>>> 8881c4c611bda01e9087aa053fd9d402867ed68b:results/HighFlexibilityResults/2factories/la08.log
------------------------------------------------------------------
[*] Trying with Upper Bound = 446...
  SAT ! Makespan = 446
  Schedule is valid with Makespan = 446
<<<<<<< HEAD:results/LowFlexibilityResults/2factories/la08.log
  Total time: 5.1245 seconds
=======
  Total time: 4.1530 seconds
>>>>>>> 8881c4c611bda01e9087aa053fd9d402867ed68b:results/HighFlexibilityResults/2factories/la08.log
------------------------------------------------------------------
[*] Trying with Upper Bound = 445...
  SAT ! Makespan = 445
  Schedule is valid with Makespan = 445
<<<<<<< HEAD:results/LowFlexibilityResults/2factories/la08.log
  Total time: 5.5117 seconds
=======
  Total time: 4.1607 seconds
>>>>>>> 8881c4c611bda01e9087aa053fd9d402867ed68b:results/HighFlexibilityResults/2factories/la08.log
------------------------------------------------------------------
[*] Trying with Upper Bound = 444...
  SAT ! Makespan = 444
  Schedule is valid with Makespan = 444
<<<<<<< HEAD:results/LowFlexibilityResults/2factories/la08.log
  Total time: 5.6634 seconds
=======
  Total time: 4.1681 seconds
>>>>>>> 8881c4c611bda01e9087aa053fd9d402867ed68b:results/HighFlexibilityResults/2factories/la08.log
------------------------------------------------------------------
[*] Trying with Upper Bound = 443...
  SAT ! Makespan = 443
  Schedule is valid with Makespan = 443
<<<<<<< HEAD:results/LowFlexibilityResults/2factories/la08.log
  Total time: 5.7720 seconds
=======
  Total time: 4.1753 seconds
>>>>>>> 8881c4c611bda01e9087aa053fd9d402867ed68b:results/HighFlexibilityResults/2factories/la08.log
------------------------------------------------------------------
[*] Trying with Upper Bound = 442...
  SAT ! Makespan = 442
  Schedule is valid with Makespan = 442
<<<<<<< HEAD:results/LowFlexibilityResults/2factories/la08.log
  Total time: 5.7823 seconds
=======
  Total time: 4.1827 seconds
>>>>>>> 8881c4c611bda01e9087aa053fd9d402867ed68b:results/HighFlexibilityResults/2factories/la08.log
------------------------------------------------------------------
[*] Trying with Upper Bound = 441...
  SAT ! Makespan = 441
  Schedule is valid with Makespan = 441
<<<<<<< HEAD:results/LowFlexibilityResults/2factories/la08.log
  Total time: 5.9724 seconds
=======
  Total time: 4.1900 seconds
>>>>>>> 8881c4c611bda01e9087aa053fd9d402867ed68b:results/HighFlexibilityResults/2factories/la08.log
------------------------------------------------------------------
[*] Trying with Upper Bound = 440...
  SAT ! Makespan = 440
  Schedule is valid with Makespan = 440
<<<<<<< HEAD:results/LowFlexibilityResults/2factories/la08.log
  Total time: 6.1112 seconds
=======
  Total time: 4.1969 seconds
>>>>>>> 8881c4c611bda01e9087aa053fd9d402867ed68b:results/HighFlexibilityResults/2factories/la08.log
------------------------------------------------------------------
[*] Trying with Upper Bound = 439...
  SAT ! Makespan = 439
  Schedule is valid with Makespan = 439
<<<<<<< HEAD:results/LowFlexibilityResults/2factories/la08.log
  Total time: 6.1188 seconds
=======
  Total time: 4.2076 seconds
>>>>>>> 8881c4c611bda01e9087aa053fd9d402867ed68b:results/HighFlexibilityResults/2factories/la08.log
------------------------------------------------------------------
[*] Trying with Upper Bound = 438...
  SAT ! Makespan = 438
  Schedule is valid with Makespan = 438
<<<<<<< HEAD:results/LowFlexibilityResults/2factories/la08.log
  Total time: 6.1274 seconds
=======
  Total time: 4.2167 seconds
>>>>>>> 8881c4c611bda01e9087aa053fd9d402867ed68b:results/HighFlexibilityResults/2factories/la08.log
------------------------------------------------------------------
[*] Trying with Upper Bound = 437...
  SAT ! Makespan = 437
  Schedule is valid with Makespan = 437
<<<<<<< HEAD:results/LowFlexibilityResults/2factories/la08.log
  Total time: 6.2398 seconds
=======
  Total time: 4.2237 seconds
>>>>>>> 8881c4c611bda01e9087aa053fd9d402867ed68b:results/HighFlexibilityResults/2factories/la08.log
------------------------------------------------------------------
[*] Trying with Upper Bound = 436...
  SAT ! Makespan = 436
  Schedule is valid with Makespan = 436
<<<<<<< HEAD:results/LowFlexibilityResults/2factories/la08.log
  Total time: 6.8494 seconds
=======
  Total time: 4.2308 seconds
>>>>>>> 8881c4c611bda01e9087aa053fd9d402867ed68b:results/HighFlexibilityResults/2factories/la08.log
------------------------------------------------------------------
[*] Trying with Upper Bound = 435...
  SAT ! Makespan = 435
  Schedule is valid with Makespan = 435
<<<<<<< HEAD:results/LowFlexibilityResults/2factories/la08.log
  Total time: 6.9755 seconds
=======
  Total time: 6.1305 seconds
>>>>>>> 8881c4c611bda01e9087aa053fd9d402867ed68b:results/HighFlexibilityResults/2factories/la08.log
------------------------------------------------------------------
[*] Trying with Upper Bound = 434...
  SAT ! Makespan = 434
  Schedule is valid with Makespan = 434
<<<<<<< HEAD:results/LowFlexibilityResults/2factories/la08.log
  Total time: 6.9967 seconds
=======
  Total time: 6.4018 seconds
>>>>>>> 8881c4c611bda01e9087aa053fd9d402867ed68b:results/HighFlexibilityResults/2factories/la08.log
------------------------------------------------------------------
[*] Trying with Upper Bound = 433...
  SAT ! Makespan = 433
  Schedule is valid with Makespan = 433
<<<<<<< HEAD:results/LowFlexibilityResults/2factories/la08.log
  Total time: 7.1893 seconds
=======
  Total time: 6.6063 seconds
>>>>>>> 8881c4c611bda01e9087aa053fd9d402867ed68b:results/HighFlexibilityResults/2factories/la08.log
------------------------------------------------------------------
[*] Trying with Upper Bound = 432...
  SAT ! Makespan = 432
  Schedule is valid with Makespan = 432
<<<<<<< HEAD:results/LowFlexibilityResults/2factories/la08.log
  Total time: 7.3228 seconds
=======
  Total time: 7.3571 seconds
>>>>>>> 8881c4c611bda01e9087aa053fd9d402867ed68b:results/HighFlexibilityResults/2factories/la08.log
------------------------------------------------------------------
[*] Trying with Upper Bound = 431...
  SAT ! Makespan = 431
  Schedule is valid with Makespan = 431
<<<<<<< HEAD:results/LowFlexibilityResults/2factories/la08.log
  Total time: 7.8613 seconds
=======
  Total time: 7.6858 seconds
>>>>>>> 8881c4c611bda01e9087aa053fd9d402867ed68b:results/HighFlexibilityResults/2factories/la08.log
------------------------------------------------------------------
[*] Trying with Upper Bound = 430...
  SAT ! Makespan = 430
  Schedule is valid with Makespan = 430
<<<<<<< HEAD:results/LowFlexibilityResults/2factories/la08.log
  Total time: 7.9825 seconds
=======
  Total time: 7.8395 seconds
>>>>>>> 8881c4c611bda01e9087aa053fd9d402867ed68b:results/HighFlexibilityResults/2factories/la08.log
------------------------------------------------------------------
[*] Trying with Upper Bound = 429...
  SAT ! Makespan = 429
  Schedule is valid with Makespan = 429
<<<<<<< HEAD:results/LowFlexibilityResults/2factories/la08.log
  Total time: 8.1759 seconds
=======
  Total time: 7.9172 seconds
>>>>>>> 8881c4c611bda01e9087aa053fd9d402867ed68b:results/HighFlexibilityResults/2factories/la08.log
------------------------------------------------------------------
[*] Trying with Upper Bound = 428...
  SAT ! Makespan = 428
  Schedule is valid with Makespan = 428
<<<<<<< HEAD:results/LowFlexibilityResults/2factories/la08.log
  Total time: 8.2740 seconds
=======
  Total time: 7.9295 seconds
>>>>>>> 8881c4c611bda01e9087aa053fd9d402867ed68b:results/HighFlexibilityResults/2factories/la08.log
------------------------------------------------------------------
[*] Trying with Upper Bound = 427...
  SAT ! Makespan = 427
  Schedule is valid with Makespan = 427
<<<<<<< HEAD:results/LowFlexibilityResults/2factories/la08.log
  Total time: 8.2812 seconds
=======
  Total time: 7.9381 seconds
>>>>>>> 8881c4c611bda01e9087aa053fd9d402867ed68b:results/HighFlexibilityResults/2factories/la08.log
------------------------------------------------------------------
[*] Trying with Upper Bound = 426...
  SAT ! Makespan = 426
  Schedule is valid with Makespan = 426
<<<<<<< HEAD:results/LowFlexibilityResults/2factories/la08.log
  Total time: 8.2870 seconds
=======
  Total time: 8.1405 seconds
>>>>>>> 8881c4c611bda01e9087aa053fd9d402867ed68b:results/HighFlexibilityResults/2factories/la08.log
------------------------------------------------------------------
[*] Trying with Upper Bound = 425...
  SAT ! Makespan = 425
  Schedule is valid with Makespan = 425
<<<<<<< HEAD:results/LowFlexibilityResults/2factories/la08.log
  Total time: 8.4029 seconds
=======
  Total time: 8.2601 seconds
>>>>>>> 8881c4c611bda01e9087aa053fd9d402867ed68b:results/HighFlexibilityResults/2factories/la08.log
------------------------------------------------------------------
[*] Trying with Upper Bound = 424...
  SAT ! Makespan = 424
  Schedule is valid with Makespan = 424
<<<<<<< HEAD:results/LowFlexibilityResults/2factories/la08.log
  Total time: 8.5211 seconds
=======
  Total time: 8.3305 seconds
>>>>>>> 8881c4c611bda01e9087aa053fd9d402867ed68b:results/HighFlexibilityResults/2factories/la08.log
------------------------------------------------------------------
[*] Trying with Upper Bound = 423...
  SAT ! Makespan = 423
  Schedule is valid with Makespan = 423
<<<<<<< HEAD:results/LowFlexibilityResults/2factories/la08.log
  Total time: 8.6463 seconds
=======
  Total time: 9.8345 seconds
>>>>>>> 8881c4c611bda01e9087aa053fd9d402867ed68b:results/HighFlexibilityResults/2factories/la08.log
------------------------------------------------------------------
[*] Trying with Upper Bound = 422...
[runlim] sample:		10.00 time, 10.01 real, 235 MB, 0.95 load
  SAT ! Makespan = 422
  Schedule is valid with Makespan = 422
<<<<<<< HEAD:results/LowFlexibilityResults/2factories/la08.log
  Total time: 8.7497 seconds
=======
  Total time: 10.1096 seconds
>>>>>>> 8881c4c611bda01e9087aa053fd9d402867ed68b:results/HighFlexibilityResults/2factories/la08.log
------------------------------------------------------------------
[*] Trying with Upper Bound = 421...
  SAT ! Makespan = 421
  Schedule is valid with Makespan = 421
<<<<<<< HEAD:results/LowFlexibilityResults/2factories/la08.log
  Total time: 8.8635 seconds
=======
  Total time: 10.2645 seconds
>>>>>>> 8881c4c611bda01e9087aa053fd9d402867ed68b:results/HighFlexibilityResults/2factories/la08.log
------------------------------------------------------------------
[*] Trying with Upper Bound = 420...
  SAT ! Makespan = 420
  Schedule is valid with Makespan = 420
<<<<<<< HEAD:results/LowFlexibilityResults/2factories/la08.log
  Total time: 8.9969 seconds
=======
  Total time: 10.3157 seconds
>>>>>>> 8881c4c611bda01e9087aa053fd9d402867ed68b:results/HighFlexibilityResults/2factories/la08.log
------------------------------------------------------------------
[*] Trying with Upper Bound = 419...
  SAT ! Makespan = 419
  Schedule is valid with Makespan = 419
<<<<<<< HEAD:results/LowFlexibilityResults/2factories/la08.log
  Total time: 9.1398 seconds
=======
  Total time: 10.3265 seconds
>>>>>>> 8881c4c611bda01e9087aa053fd9d402867ed68b:results/HighFlexibilityResults/2factories/la08.log
------------------------------------------------------------------
[*] Trying with Upper Bound = 418...
  SAT ! Makespan = 418
  Schedule is valid with Makespan = 418
<<<<<<< HEAD:results/LowFlexibilityResults/2factories/la08.log
  Total time: 9.5325 seconds
=======
  Total time: 10.5441 seconds
>>>>>>> 8881c4c611bda01e9087aa053fd9d402867ed68b:results/HighFlexibilityResults/2factories/la08.log
------------------------------------------------------------------
[*] Trying with Upper Bound = 417...
[runlim] sample:		10.00 time, 10.01 real, 177 MB, 1.03 load
  SAT ! Makespan = 417
  Schedule is valid with Makespan = 417
<<<<<<< HEAD:results/LowFlexibilityResults/2factories/la08.log
  Total time: 10.3206 seconds
=======
  Total time: 10.5584 seconds
>>>>>>> 8881c4c611bda01e9087aa053fd9d402867ed68b:results/HighFlexibilityResults/2factories/la08.log
------------------------------------------------------------------
[*] Trying with Upper Bound = 416...
  SAT ! Makespan = 416
  Schedule is valid with Makespan = 416
<<<<<<< HEAD:results/LowFlexibilityResults/2factories/la08.log
  Total time: 10.4685 seconds
=======
  Total time: 10.7944 seconds
>>>>>>> 8881c4c611bda01e9087aa053fd9d402867ed68b:results/HighFlexibilityResults/2factories/la08.log
------------------------------------------------------------------
[*] Trying with Upper Bound = 415...
  SAT ! Makespan = 415
  Schedule is valid with Makespan = 415
<<<<<<< HEAD:results/LowFlexibilityResults/2factories/la08.log
  Total time: 10.6854 seconds
=======
  Total time: 11.3959 seconds
>>>>>>> 8881c4c611bda01e9087aa053fd9d402867ed68b:results/HighFlexibilityResults/2factories/la08.log
------------------------------------------------------------------
[*] Trying with Upper Bound = 414...
  SAT ! Makespan = 414
  Schedule is valid with Makespan = 414
<<<<<<< HEAD:results/LowFlexibilityResults/2factories/la08.log
  Total time: 10.8418 seconds
=======
  Total time: 11.6088 seconds
>>>>>>> 8881c4c611bda01e9087aa053fd9d402867ed68b:results/HighFlexibilityResults/2factories/la08.log
------------------------------------------------------------------
[*] Trying with Upper Bound = 413...
  SAT ! Makespan = 413
  Schedule is valid with Makespan = 413
<<<<<<< HEAD:results/LowFlexibilityResults/2factories/la08.log
  Total time: 10.9842 seconds
=======
  Total time: 11.7245 seconds
>>>>>>> 8881c4c611bda01e9087aa053fd9d402867ed68b:results/HighFlexibilityResults/2factories/la08.log
------------------------------------------------------------------
[*] Trying with Upper Bound = 412...
  SAT ! Makespan = 412
  Schedule is valid with Makespan = 412
<<<<<<< HEAD:results/LowFlexibilityResults/2factories/la08.log
  Total time: 11.2185 seconds
=======
  Total time: 12.8911 seconds
>>>>>>> 8881c4c611bda01e9087aa053fd9d402867ed68b:results/HighFlexibilityResults/2factories/la08.log
------------------------------------------------------------------
[*] Trying with Upper Bound = 411...
  SAT ! Makespan = 411
  Schedule is valid with Makespan = 411
<<<<<<< HEAD:results/LowFlexibilityResults/2factories/la08.log
  Total time: 11.4649 seconds
=======
  Total time: 14.0962 seconds
>>>>>>> 8881c4c611bda01e9087aa053fd9d402867ed68b:results/HighFlexibilityResults/2factories/la08.log
------------------------------------------------------------------
[*] Trying with Upper Bound = 410...
  SAT ! Makespan = 410
  Schedule is valid with Makespan = 410
<<<<<<< HEAD:results/LowFlexibilityResults/2factories/la08.log
  Total time: 12.3574 seconds
=======
  Total time: 14.4669 seconds
>>>>>>> 8881c4c611bda01e9087aa053fd9d402867ed68b:results/HighFlexibilityResults/2factories/la08.log
------------------------------------------------------------------
[*] Trying with Upper Bound = 409...
  SAT ! Makespan = 409
  Schedule is valid with Makespan = 409
<<<<<<< HEAD:results/LowFlexibilityResults/2factories/la08.log
  Total time: 12.8449 seconds
=======
  Total time: 14.6643 seconds
>>>>>>> 8881c4c611bda01e9087aa053fd9d402867ed68b:results/HighFlexibilityResults/2factories/la08.log
------------------------------------------------------------------
[*] Trying with Upper Bound = 408...
  SAT ! Makespan = 408
  Schedule is valid with Makespan = 408
<<<<<<< HEAD:results/LowFlexibilityResults/2factories/la08.log
  Total time: 12.9866 seconds
=======
  Total time: 14.9092 seconds
>>>>>>> 8881c4c611bda01e9087aa053fd9d402867ed68b:results/HighFlexibilityResults/2factories/la08.log
------------------------------------------------------------------
[*] Trying with Upper Bound = 407...
  SAT ! Makespan = 407
  Schedule is valid with Makespan = 407
<<<<<<< HEAD:results/LowFlexibilityResults/2factories/la08.log
  Total time: 13.0776 seconds
=======
  Total time: 15.0313 seconds
>>>>>>> 8881c4c611bda01e9087aa053fd9d402867ed68b:results/HighFlexibilityResults/2factories/la08.log
------------------------------------------------------------------
[*] Trying with Upper Bound = 406...
  SAT ! Makespan = 406
  Schedule is valid with Makespan = 406
<<<<<<< HEAD:results/LowFlexibilityResults/2factories/la08.log
  Total time: 14.1891 seconds
=======
  Total time: 15.2352 seconds
>>>>>>> 8881c4c611bda01e9087aa053fd9d402867ed68b:results/HighFlexibilityResults/2factories/la08.log
------------------------------------------------------------------
[*] Trying with Upper Bound = 405...
  SAT ! Makespan = 405
  Schedule is valid with Makespan = 405
<<<<<<< HEAD:results/LowFlexibilityResults/2factories/la08.log
  Total time: 15.1998 seconds
=======
  Total time: 16.3756 seconds
>>>>>>> 8881c4c611bda01e9087aa053fd9d402867ed68b:results/HighFlexibilityResults/2factories/la08.log
------------------------------------------------------------------
[*] Trying with Upper Bound = 404...
  SAT ! Makespan = 404
  Schedule is valid with Makespan = 404
<<<<<<< HEAD:results/LowFlexibilityResults/2factories/la08.log
  Total time: 15.4993 seconds
=======
  Total time: 16.3902 seconds
>>>>>>> 8881c4c611bda01e9087aa053fd9d402867ed68b:results/HighFlexibilityResults/2factories/la08.log
------------------------------------------------------------------
[*] Trying with Upper Bound = 403...
  SAT ! Makespan = 403
  Schedule is valid with Makespan = 403
<<<<<<< HEAD:results/LowFlexibilityResults/2factories/la08.log
  Total time: 15.5160 seconds
=======
  Total time: 16.6199 seconds
>>>>>>> 8881c4c611bda01e9087aa053fd9d402867ed68b:results/HighFlexibilityResults/2factories/la08.log
------------------------------------------------------------------
[*] Trying with Upper Bound = 402...
  SAT ! Makespan = 402
  Schedule is valid with Makespan = 402
<<<<<<< HEAD:results/LowFlexibilityResults/2factories/la08.log
  Total time: 15.7991 seconds
=======
  Total time: 17.4437 seconds
>>>>>>> 8881c4c611bda01e9087aa053fd9d402867ed68b:results/HighFlexibilityResults/2factories/la08.log
------------------------------------------------------------------
[*] Trying with Upper Bound = 401...
  SAT ! Makespan = 401
  Schedule is valid with Makespan = 401
<<<<<<< HEAD:results/LowFlexibilityResults/2factories/la08.log
  Total time: 15.9988 seconds
=======
  Total time: 18.2542 seconds
>>>>>>> 8881c4c611bda01e9087aa053fd9d402867ed68b:results/HighFlexibilityResults/2factories/la08.log
------------------------------------------------------------------
[*] Trying with Upper Bound = 400...
  SAT ! Makespan = 400
  Schedule is valid with Makespan = 400
<<<<<<< HEAD:results/LowFlexibilityResults/2factories/la08.log
  Total time: 16.0174 seconds
------------------------------------------------------------------
[*] Trying with Upper Bound = 399...
  SAT ! Makespan = 399
  Schedule is valid with Makespan = 399
  Total time: 17.7432 seconds
=======
  Total time: 18.4155 seconds
------------------------------------------------------------------
[*] Trying with Upper Bound = 399...
[runlim] sample:		19.99 time, 20.01 real, 235 MB, 0.96 load
  SAT ! Makespan = 399
  Schedule is valid with Makespan = 399
  Total time: 25.8230 seconds
>>>>>>> 8881c4c611bda01e9087aa053fd9d402867ed68b:results/HighFlexibilityResults/2factories/la08.log
------------------------------------------------------------------
[*] Trying with Upper Bound = 398...
  SAT ! Makespan = 398
  Schedule is valid with Makespan = 398
<<<<<<< HEAD:results/LowFlexibilityResults/2factories/la08.log
  Total time: 17.9904 seconds
=======
  Total time: 26.0384 seconds
>>>>>>> 8881c4c611bda01e9087aa053fd9d402867ed68b:results/HighFlexibilityResults/2factories/la08.log
------------------------------------------------------------------
[*] Trying with Upper Bound = 397...
  SAT ! Makespan = 397
  Schedule is valid with Makespan = 397
<<<<<<< HEAD:results/LowFlexibilityResults/2factories/la08.log
  Total time: 19.1436 seconds
------------------------------------------------------------------
[*] Trying with Upper Bound = 396...
[runlim] sample:		20.00 time, 20.01 real, 177 MB, 1.03 load
  SAT ! Makespan = 396
  Schedule is valid with Makespan = 396
  Total time: 23.5744 seconds
=======
  Total time: 29.8213 seconds
------------------------------------------------------------------
[*] Trying with Upper Bound = 396...
[runlim] sample:		29.99 time, 30.01 real, 235 MB, 0.96 load
  SAT ! Makespan = 396
  Schedule is valid with Makespan = 396
  Total time: 34.1910 seconds
>>>>>>> 8881c4c611bda01e9087aa053fd9d402867ed68b:results/HighFlexibilityResults/2factories/la08.log
------------------------------------------------------------------
[*] Trying with Upper Bound = 395...
  SAT ! Makespan = 395
  Schedule is valid with Makespan = 395
<<<<<<< HEAD:results/LowFlexibilityResults/2factories/la08.log
  Total time: 23.7873 seconds
------------------------------------------------------------------
[*] Trying with Upper Bound = 394...
  SAT ! Makespan = 394
  Schedule is valid with Makespan = 394
  Total time: 24.1077 seconds
=======
  Total time: 39.1398 seconds
------------------------------------------------------------------
[*] Trying with Upper Bound = 394...
[runlim] sample:		39.99 time, 40.01 real, 235 MB, 0.97 load
[runlim] sample:		49.99 time, 50.01 real, 235 MB, 0.97 load
  SAT ! Makespan = 394
  Schedule is valid with Makespan = 394
  Total time: 58.0922 seconds
>>>>>>> 8881c4c611bda01e9087aa053fd9d402867ed68b:results/HighFlexibilityResults/2factories/la08.log
------------------------------------------------------------------
[*] Trying with Upper Bound = 393...
  SAT ! Makespan = 393
  Schedule is valid with Makespan = 393
<<<<<<< HEAD:results/LowFlexibilityResults/2factories/la08.log
  Total time: 24.1266 seconds
------------------------------------------------------------------
[*] Trying with Upper Bound = 392...
[runlim] sample:		29.99 time, 30.01 real, 177 MB, 1.02 load
[runlim] sample:		39.99 time, 40.01 real, 177 MB, 1.02 load
  SAT ! Makespan = 392
  Schedule is valid with Makespan = 392
  Total time: 43.7227 seconds
------------------------------------------------------------------
[*] Trying with Upper Bound = 391...
  SAT ! Makespan = 391
  Schedule is valid with Makespan = 391
  Total time: 44.4936 seconds
------------------------------------------------------------------
[*] Trying with Upper Bound = 390...
   UNSAT

 Optimal Makespan = 391

 Summary:
  - Optimal Makespan   : 391
  - Greedy Time        : 0.0002s
  - SAT Time           : 48.3989s
  - Total Time         : 48.3995s
  - Schedule Status    : VALID
===========================================================================
[runlim] end:			Thu Aug 13 17:18:14 2026
[runlim] status:		ok
[runlim] result:		0
[runlim] children:		1
[runlim] processes:		2
[runlim] real:			48.44 seconds
[runlim] time:			48.39 seconds
[runlim] space:			248 MB
[runlim] load:			1.04 maximum
[runlim] samples:		485
=======
  Total time: 58.4254 seconds
------------------------------------------------------------------
[*] Trying with Upper Bound = 392...
[runlim] sample:		59.99 time, 60.01 real, 235 MB, 0.98 load
  SAT ! Makespan = 392
  Schedule is valid with Makespan = 392
  Total time: 64.2601 seconds
------------------------------------------------------------------
[*] Trying with Upper Bound = 391...
[runlim] sample:		69.99 time, 70.01 real, 235 MB, 0.98 load
  SAT ! Makespan = 391
  Schedule is valid with Makespan = 391
  Total time: 70.7964 seconds
------------------------------------------------------------------
[*] Trying with Upper Bound = 390...
  SAT ! Makespan = 390
  Schedule is valid with Makespan = 390
  Total time: 75.6840 seconds
------------------------------------------------------------------
[*] Trying with Upper Bound = 389...
[runlim] sample:		79.99 time, 80.01 real, 235 MB, 0.99 load
  SAT ! Makespan = 389
  Schedule is valid with Makespan = 389
  Total time: 83.0468 seconds
------------------------------------------------------------------
[*] Trying with Upper Bound = 388...
  SAT ! Makespan = 388
  Schedule is valid with Makespan = 388
  Total time: 84.2027 seconds
------------------------------------------------------------------
[*] Trying with Upper Bound = 387...
[runlim] sample:		89.99 time, 90.01 real, 235 MB, 0.99 load
[runlim] sample:		99.99 time, 100.01 real, 235 MB, 0.99 load
  SAT ! Makespan = 387
  Schedule is valid with Makespan = 387
  Total time: 104.8008 seconds
------------------------------------------------------------------
[*] Trying with Upper Bound = 386...
[runlim] sample:		109.99 time, 110.01 real, 235 MB, 0.99 load
[runlim] sample:		119.99 time, 120.01 real, 235 MB, 0.99 load
[runlim] sample:		129.98 time, 130.01 real, 235 MB, 1.00 load
[runlim] sample:		139.98 time, 140.01 real, 235 MB, 1.00 load
  SAT ! Makespan = 386
  Schedule is valid with Makespan = 386
  Total time: 145.2479 seconds
------------------------------------------------------------------
[*] Trying with Upper Bound = 385...
[runlim] sample:		149.98 time, 150.01 real, 235 MB, 1.00 load
[runlim] sample:		159.98 time, 160.01 real, 235 MB, 1.00 load
[runlim] sample:		169.98 time, 170.01 real, 235 MB, 1.00 load
  SAT ! Makespan = 385
  Schedule is valid with Makespan = 385
  Total time: 174.4989 seconds
------------------------------------------------------------------
[*] Trying with Upper Bound = 384...
[runlim] sample:		179.98 time, 180.01 real, 235 MB, 1.00 load
[runlim] sample:		189.97 time, 190.01 real, 235 MB, 1.00 load
[runlim] sample:		199.97 time, 200.01 real, 235 MB, 1.00 load
[runlim] sample:		209.97 time, 210.01 real, 235 MB, 1.00 load
  SAT ! Makespan = 384
  Schedule is valid with Makespan = 384
  Total time: 211.4887 seconds
------------------------------------------------------------------
[*] Trying with Upper Bound = 383...
[runlim] sample:		219.97 time, 220.01 real, 235 MB, 1.00 load
[runlim] sample:		229.96 time, 230.01 real, 235 MB, 1.00 load
[runlim] sample:		239.96 time, 240.01 real, 235 MB, 1.00 load
[runlim] sample:		249.96 time, 250.01 real, 235 MB, 1.00 load
[runlim] sample:		259.96 time, 260.01 real, 235 MB, 1.07 load
[runlim] sample:		269.96 time, 270.01 real, 235 MB, 1.06 load
[runlim] sample:		279.96 time, 280.01 real, 236 MB, 1.05 load
[runlim] sample:		289.96 time, 290.01 real, 236 MB, 1.04 load
[runlim] sample:		299.96 time, 300.01 real, 236 MB, 1.04 load
[runlim] sample:		309.96 time, 310.01 real, 236 MB, 1.03 load
[runlim] sample:		319.96 time, 320.01 real, 236 MB, 1.02 load
[runlim] sample:		329.96 time, 330.01 real, 236 MB, 1.02 load
[runlim] sample:		339.95 time, 340.01 real, 236 MB, 1.02 load
[runlim] sample:		349.95 time, 350.01 real, 236 MB, 1.01 load
[runlim] sample:		359.95 time, 360.01 real, 236 MB, 1.01 load
[runlim] sample:		369.95 time, 370.01 real, 236 MB, 1.01 load
[runlim] sample:		379.96 time, 380.01 real, 241 MB, 1.09 load
[runlim] sample:		389.96 time, 390.01 real, 241 MB, 1.07 load
[runlim] sample:		399.96 time, 400.01 real, 241 MB, 1.06 load
[runlim] sample:		409.96 time, 410.01 real, 241 MB, 1.05 load
[runlim] sample:		419.96 time, 420.01 real, 241 MB, 1.04 load
[runlim] sample:		429.96 time, 430.01 real, 241 MB, 1.04 load
[runlim] sample:		439.96 time, 440.01 real, 241 MB, 1.03 load
[runlim] sample:		449.95 time, 450.01 real, 241 MB, 1.02 load
[runlim] sample:		459.95 time, 460.01 real, 241 MB, 1.02 load
[runlim] sample:		469.95 time, 470.01 real, 243 MB, 1.02 load
[runlim] sample:		479.95 time, 480.01 real, 243 MB, 1.01 load
[runlim] sample:		489.95 time, 490.01 real, 243 MB, 1.01 load
[runlim] sample:		499.95 time, 500.01 real, 244 MB, 1.01 load
[runlim] sample:		509.95 time, 510.01 real, 244 MB, 1.01 load
[runlim] sample:		519.95 time, 520.01 real, 244 MB, 1.01 load
[runlim] sample:		529.89 time, 530.01 real, 245 MB, 1.00 load
[runlim] sample:		539.89 time, 540.01 real, 245 MB, 1.00 load
[runlim] sample:		549.89 time, 550.01 real, 245 MB, 1.00 load
[runlim] sample:		559.89 time, 560.01 real, 245 MB, 1.00 load
[runlim] sample:		569.88 time, 570.01 real, 248 MB, 1.00 load
[runlim] sample:		579.88 time, 580.01 real, 248 MB, 1.00 load
[runlim] sample:		589.88 time, 590.01 real, 248 MB, 1.00 load
[runlim] sample:		599.88 time, 600.01 real, 248 MB, 1.00 load
[runlim] sample:		609.88 time, 610.01 real, 249 MB, 1.00 load
[runlim] sample:		619.88 time, 620.01 real, 249 MB, 1.00 load
[runlim] sample:		629.88 time, 630.01 real, 249 MB, 1.00 load
[runlim] sample:		639.88 time, 640.01 real, 251 MB, 1.00 load
[runlim] sample:		649.88 time, 650.01 real, 251 MB, 1.00 load
[runlim] sample:		659.88 time, 660.01 real, 251 MB, 1.00 load
[runlim] sample:		669.88 time, 670.01 real, 251 MB, 1.00 load
[runlim] sample:		679.88 time, 680.01 real, 251 MB, 1.00 load
[runlim] sample:		689.88 time, 690.01 real, 251 MB, 1.00 load
[runlim] sample:		699.87 time, 700.01 real, 251 MB, 1.00 load
[runlim] sample:		709.87 time, 710.01 real, 251 MB, 1.00 load
[runlim] sample:		719.87 time, 720.01 real, 251 MB, 1.00 load
[runlim] sample:		729.87 time, 730.01 real, 251 MB, 1.00 load
[runlim] sample:		739.87 time, 740.01 real, 251 MB, 1.00 load
[runlim] sample:		749.87 time, 750.01 real, 251 MB, 1.00 load
[runlim] sample:		759.87 time, 760.01 real, 251 MB, 1.00 load
[runlim] sample:		769.87 time, 770.01 real, 251 MB, 1.00 load
[runlim] sample:		779.87 time, 780.01 real, 251 MB, 1.00 load
[runlim] sample:		789.87 time, 790.01 real, 251 MB, 1.00 load
[runlim] sample:		799.87 time, 800.01 real, 251 MB, 1.00 load
[runlim] sample:		809.87 time, 810.01 real, 251 MB, 1.00 load
[runlim] sample:		819.87 time, 820.01 real, 196 MB, 1.00 load
[runlim] sample:		829.87 time, 830.01 real, 195 MB, 1.00 load
[runlim] sample:		839.87 time, 840.01 real, 225 MB, 1.00 load
[runlim] sample:		849.87 time, 850.01 real, 225 MB, 1.00 load
[runlim] sample:		859.87 time, 860.01 real, 256 MB, 1.00 load
[runlim] sample:		869.87 time, 870.01 real, 256 MB, 1.00 load
[runlim] sample:		879.86 time, 880.01 real, 256 MB, 1.00 load
[runlim] sample:		889.87 time, 890.01 real, 197 MB, 1.00 load
[runlim] sample:		899.86 time, 900.01 real, 197 MB, 1.00 load
[runlim] sample:		909.86 time, 910.01 real, 198 MB, 1.00 load
[runlim] sample:		919.86 time, 920.01 real, 207 MB, 1.00 load
[runlim] sample:		929.86 time, 930.01 real, 206 MB, 1.00 load
[runlim] sample:		939.86 time, 940.01 real, 207 MB, 1.00 load
[runlim] sample:		949.87 time, 950.01 real, 207 MB, 1.00 load
[runlim] sample:		959.86 time, 960.01 real, 196 MB, 1.00 load
[runlim] sample:		969.86 time, 970.01 real, 196 MB, 1.00 load
[runlim] sample:		979.86 time, 980.01 real, 227 MB, 1.00 load
[runlim] sample:		989.86 time, 990.01 real, 258 MB, 1.00 load
[runlim] sample:		999.86 time, 1000.01 real, 258 MB, 1.00 load
[runlim] sample:		1009.86 time, 1010.01 real, 258 MB, 1.08 load
[runlim] sample:		1019.86 time, 1020.01 real, 258 MB, 1.07 load
[runlim] sample:		1029.86 time, 1030.01 real, 258 MB, 1.06 load
[runlim] sample:		1039.86 time, 1040.01 real, 258 MB, 1.05 load
[runlim] sample:		1049.86 time, 1050.01 real, 258 MB, 1.04 load
[runlim] sample:		1059.86 time, 1060.01 real, 258 MB, 1.03 load
[runlim] sample:		1069.85 time, 1070.01 real, 198 MB, 1.03 load
[runlim] sample:		1079.85 time, 1080.01 real, 198 MB, 1.02 load
[runlim] sample:		1089.86 time, 1090.01 real, 198 MB, 1.02 load
[runlim] sample:		1099.86 time, 1100.01 real, 198 MB, 1.02 load
[runlim] sample:		1109.85 time, 1110.01 real, 198 MB, 1.01 load
[runlim] sample:		1119.85 time, 1120.01 real, 198 MB, 1.01 load
[runlim] sample:		1129.85 time, 1130.01 real, 199 MB, 1.01 load
[runlim] sample:		1139.85 time, 1140.01 real, 208 MB, 1.01 load
[runlim] sample:		1149.84 time, 1150.01 real, 207 MB, 1.00 load
[runlim] sample:		1159.85 time, 1160.01 real, 207 MB, 1.00 load
[runlim] sample:		1169.85 time, 1170.01 real, 208 MB, 1.00 load
[runlim] sample:		1179.85 time, 1180.01 real, 208 MB, 1.00 load
[runlim] sample:		1189.84 time, 1190.01 real, 208 MB, 1.00 load
[runlim] sample:		1199.84 time, 1200.01 real, 208 MB, 1.00 load
[runlim] sample:		1209.84 time, 1210.01 real, 208 MB, 1.00 load
[runlim] sample:		1219.84 time, 1220.01 real, 208 MB, 1.00 load
[runlim] sample:		1229.84 time, 1230.01 real, 208 MB, 1.00 load
[runlim] sample:		1239.84 time, 1240.01 real, 208 MB, 1.00 load
[runlim] sample:		1249.84 time, 1250.01 real, 208 MB, 1.00 load
[runlim] sample:		1259.84 time, 1260.01 real, 208 MB, 1.00 load
[runlim] sample:		1269.84 time, 1270.01 real, 209 MB, 1.00 load
[runlim] sample:		1279.84 time, 1280.01 real, 209 MB, 1.00 load
[runlim] sample:		1289.84 time, 1290.01 real, 209 MB, 1.00 load
[runlim] sample:		1299.84 time, 1300.01 real, 209 MB, 1.00 load
[runlim] sample:		1309.83 time, 1310.01 real, 209 MB, 1.00 load
[runlim] sample:		1319.83 time, 1320.01 real, 209 MB, 1.00 load
[runlim] sample:		1329.84 time, 1330.01 real, 209 MB, 1.00 load
[runlim] sample:		1339.84 time, 1340.01 real, 209 MB, 1.00 load
[runlim] sample:		1349.83 time, 1350.01 real, 209 MB, 1.00 load
[runlim] sample:		1359.83 time, 1360.01 real, 209 MB, 1.00 load
[runlim] sample:		1369.83 time, 1370.01 real, 210 MB, 1.00 load
[runlim] sample:		1379.83 time, 1380.01 real, 210 MB, 1.08 load
[runlim] sample:		1389.83 time, 1390.01 real, 210 MB, 1.07 load
[runlim] sample:		1399.83 time, 1400.01 real, 210 MB, 1.06 load
[runlim] sample:		1409.83 time, 1410.01 real, 210 MB, 1.05 load
[runlim] sample:		1419.83 time, 1420.01 real, 210 MB, 1.04 load
[runlim] sample:		1429.83 time, 1430.01 real, 210 MB, 1.03 load
[runlim] sample:		1439.83 time, 1440.01 real, 210 MB, 1.03 load
[runlim] sample:		1449.83 time, 1450.01 real, 210 MB, 1.02 load
[runlim] sample:		1459.83 time, 1460.01 real, 210 MB, 1.02 load
[runlim] sample:		1469.83 time, 1470.01 real, 210 MB, 1.02 load
[runlim] sample:		1479.83 time, 1480.01 real, 210 MB, 1.01 load
[runlim] sample:		1489.83 time, 1490.01 real, 210 MB, 1.01 load
[runlim] sample:		1499.83 time, 1500.01 real, 210 MB, 1.01 load
[runlim] sample:		1509.83 time, 1510.01 real, 211 MB, 1.09 load
[runlim] sample:		1519.83 time, 1520.01 real, 211 MB, 1.07 load
[runlim] sample:		1529.83 time, 1530.01 real, 211 MB, 1.06 load
[runlim] sample:		1539.82 time, 1540.01 real, 211 MB, 1.05 load
[runlim] sample:		1549.82 time, 1550.01 real, 210 MB, 1.04 load
[runlim] sample:		1559.82 time, 1560.01 real, 210 MB, 1.04 load
[runlim] sample:		1569.82 time, 1570.01 real, 210 MB, 1.03 load
[runlim] sample:		1579.83 time, 1580.01 real, 211 MB, 1.02 load
[runlim] sample:		1589.82 time, 1590.01 real, 211 MB, 1.02 load
[runlim] sample:		1599.83 time, 1600.01 real, 211 MB, 1.02 load
[runlim] sample:		1609.83 time, 1610.01 real, 211 MB, 1.01 load
[runlim] sample:		1619.82 time, 1620.01 real, 211 MB, 1.01 load
[runlim] sample:		1629.82 time, 1630.01 real, 211 MB, 1.01 load
[runlim] sample:		1639.82 time, 1640.01 real, 223 MB, 1.01 load
[runlim] sample:		1649.82 time, 1650.01 real, 223 MB, 1.01 load
[runlim] sample:		1659.82 time, 1660.01 real, 223 MB, 1.00 load
[runlim] sample:		1669.82 time, 1670.01 real, 223 MB, 1.00 load
[runlim] sample:		1679.82 time, 1680.01 real, 223 MB, 1.00 load
[runlim] sample:		1689.81 time, 1690.01 real, 223 MB, 1.00 load
[runlim] sample:		1699.82 time, 1700.01 real, 223 MB, 1.00 load
[runlim] sample:		1709.82 time, 1710.01 real, 223 MB, 1.00 load
[runlim] sample:		1719.81 time, 1720.01 real, 223 MB, 1.00 load
[runlim] sample:		1729.78 time, 1730.01 real, 224 MB, 1.00 load
[runlim] sample:		1739.78 time, 1740.01 real, 225 MB, 1.00 load
[runlim] sample:		1749.78 time, 1750.01 real, 225 MB, 1.00 load
[runlim] sample:		1759.77 time, 1760.01 real, 225 MB, 1.00 load
[runlim] sample:		1769.78 time, 1770.01 real, 225 MB, 1.00 load
[runlim] sample:		1779.78 time, 1780.01 real, 225 MB, 1.00 load
[runlim] sample:		1789.77 time, 1790.01 real, 225 MB, 1.00 load
[runlim] sample:		1799.77 time, 1800.01 real, 225 MB, 1.00 load
[runlim] sample:		1809.77 time, 1810.01 real, 225 MB, 1.00 load
[runlim] sample:		1819.77 time, 1820.01 real, 226 MB, 1.00 load
[runlim] sample:		1829.77 time, 1830.01 real, 226 MB, 1.00 load
[runlim] sample:		1839.77 time, 1840.01 real, 225 MB, 1.00 load
[runlim] sample:		1849.77 time, 1850.01 real, 225 MB, 1.00 load
[runlim] sample:		1859.77 time, 1860.01 real, 225 MB, 1.00 load
[runlim] sample:		1869.76 time, 1870.01 real, 226 MB, 1.00 load
[runlim] sample:		1879.76 time, 1880.01 real, 226 MB, 1.00 load
[runlim] sample:		1889.76 time, 1890.01 real, 226 MB, 1.66 load
[runlim] sample:		1899.76 time, 1900.01 real, 226 MB, 1.56 load
[runlim] sample:		1909.76 time, 1910.01 real, 226 MB, 1.47 load
[runlim] sample:		1919.76 time, 1920.01 real, 228 MB, 1.40 load
[runlim] sample:		1929.76 time, 1930.01 real, 228 MB, 1.34 load
[runlim] sample:		1939.76 time, 1940.01 real, 228 MB, 1.29 load
[runlim] sample:		1949.76 time, 1950.01 real, 228 MB, 1.24 load
[runlim] sample:		1959.76 time, 1960.01 real, 228 MB, 1.20 load
[runlim] sample:		1969.76 time, 1970.01 real, 228 MB, 1.17 load
[runlim] sample:		1979.76 time, 1980.01 real, 228 MB, 1.15 load
[runlim] sample:		1989.76 time, 1990.01 real, 240 MB, 1.12 load
[runlim] sample:		1999.76 time, 2000.01 real, 240 MB, 1.10 load
[runlim] sample:		2009.76 time, 2010.01 real, 240 MB, 1.09 load
[runlim] sample:		2019.76 time, 2020.01 real, 240 MB, 1.07 load
[runlim] sample:		2029.76 time, 2030.01 real, 241 MB, 1.06 load
[runlim] sample:		2039.75 time, 2040.01 real, 241 MB, 1.05 load
[runlim] sample:		2049.76 time, 2050.01 real, 241 MB, 1.04 load
[runlim] sample:		2059.76 time, 2060.01 real, 241 MB, 1.04 load
[runlim] sample:		2069.76 time, 2070.01 real, 241 MB, 1.03 load
[runlim] sample:		2079.75 time, 2080.01 real, 241 MB, 1.02 load
[runlim] sample:		2089.75 time, 2090.01 real, 241 MB, 1.02 load
[runlim] sample:		2099.76 time, 2100.01 real, 241 MB, 1.02 load
[runlim] sample:		2109.75 time, 2110.01 real, 242 MB, 1.01 load
[runlim] sample:		2119.75 time, 2120.01 real, 242 MB, 1.01 load
[runlim] sample:		2129.75 time, 2130.01 real, 241 MB, 1.01 load
[runlim] sample:		2139.75 time, 2140.01 real, 241 MB, 1.01 load
[runlim] sample:		2149.75 time, 2150.01 real, 241 MB, 1.01 load
[runlim] sample:		2159.75 time, 2160.01 real, 241 MB, 1.00 load
[runlim] sample:		2169.75 time, 2170.01 real, 241 MB, 1.00 load
[runlim] sample:		2179.75 time, 2180.01 real, 241 MB, 1.00 load
[runlim] sample:		2189.75 time, 2190.01 real, 243 MB, 1.00 load
[runlim] sample:		2199.74 time, 2200.01 real, 243 MB, 1.00 load
[runlim] sample:		2209.75 time, 2210.01 real, 243 MB, 1.00 load
[runlim] sample:		2219.74 time, 2220.01 real, 243 MB, 1.00 load
[runlim] sample:		2229.74 time, 2230.01 real, 243 MB, 1.00 load
[runlim] sample:		2239.74 time, 2240.01 real, 243 MB, 1.00 load
[runlim] sample:		2249.74 time, 2250.01 real, 243 MB, 1.00 load
[runlim] sample:		2259.74 time, 2260.01 real, 243 MB, 1.00 load
[runlim] sample:		2269.74 time, 2270.01 real, 242 MB, 1.00 load
[runlim] sample:		2279.74 time, 2280.01 real, 242 MB, 1.00 load
[runlim] sample:		2289.74 time, 2290.01 real, 242 MB, 1.00 load
[runlim] sample:		2299.74 time, 2300.01 real, 242 MB, 1.00 load
[runlim] sample:		2309.73 time, 2310.01 real, 245 MB, 1.00 load
[runlim] sample:		2319.73 time, 2320.01 real, 245 MB, 1.00 load
[runlim] sample:		2329.73 time, 2330.01 real, 243 MB, 1.00 load
[runlim] sample:		2339.73 time, 2340.01 real, 243 MB, 1.00 load
[runlim] sample:		2349.72 time, 2350.01 real, 243 MB, 1.00 load
[runlim] sample:		2359.72 time, 2360.01 real, 243 MB, 1.00 load
[runlim] sample:		2369.72 time, 2370.01 real, 242 MB, 1.00 load
[runlim] sample:		2379.72 time, 2380.01 real, 242 MB, 1.00 load
[runlim] sample:		2389.72 time, 2390.01 real, 243 MB, 1.00 load
[runlim] sample:		2399.72 time, 2400.01 real, 243 MB, 1.00 load
[runlim] sample:		2409.72 time, 2410.01 real, 242 MB, 1.00 load
[runlim] sample:		2419.72 time, 2420.01 real, 242 MB, 1.00 load
[runlim] sample:		2429.72 time, 2430.01 real, 242 MB, 1.00 load
[runlim] sample:		2439.72 time, 2440.01 real, 243 MB, 1.00 load
[runlim] sample:		2449.72 time, 2450.01 real, 243 MB, 1.00 load
[runlim] sample:		2459.71 time, 2460.01 real, 244 MB, 1.00 load
[runlim] sample:		2469.71 time, 2470.01 real, 244 MB, 1.00 load
[runlim] sample:		2479.71 time, 2480.01 real, 243 MB, 1.00 load
[runlim] sample:		2489.71 time, 2490.01 real, 243 MB, 1.00 load
[runlim] sample:		2499.72 time, 2500.01 real, 243 MB, 1.00 load
[runlim] sample:		2509.72 time, 2510.01 real, 243 MB, 1.00 load
[runlim] sample:		2519.71 time, 2520.01 real, 243 MB, 1.00 load
[runlim] sample:		2529.71 time, 2530.01 real, 243 MB, 1.00 load
[runlim] sample:		2539.71 time, 2540.01 real, 243 MB, 1.00 load
[runlim] sample:		2549.71 time, 2550.01 real, 243 MB, 1.00 load
[runlim] sample:		2559.71 time, 2560.01 real, 243 MB, 1.00 load
[runlim] sample:		2569.71 time, 2570.01 real, 244 MB, 1.00 load
[runlim] sample:		2579.71 time, 2580.01 real, 244 MB, 1.00 load
[runlim] sample:		2589.70 time, 2590.01 real, 246 MB, 1.00 load
[runlim] sample:		2599.70 time, 2600.01 real, 246 MB, 1.00 load
[runlim] sample:		2609.70 time, 2610.01 real, 245 MB, 1.00 load
[runlim] sample:		2619.70 time, 2620.01 real, 245 MB, 1.00 load
[runlim] sample:		2629.71 time, 2630.01 real, 245 MB, 1.00 load
[runlim] sample:		2639.71 time, 2640.01 real, 245 MB, 1.07 load
[runlim] sample:		2649.71 time, 2650.01 real, 245 MB, 1.06 load
[runlim] sample:		2659.71 time, 2660.01 real, 245 MB, 1.05 load
[runlim] sample:		2669.70 time, 2670.01 real, 245 MB, 1.04 load
[runlim] sample:		2679.70 time, 2680.01 real, 245 MB, 1.04 load
[runlim] sample:		2689.70 time, 2690.01 real, 245 MB, 1.03 load
[runlim] sample:		2699.70 time, 2700.01 real, 245 MB, 1.02 load
[runlim] sample:		2709.70 time, 2710.01 real, 245 MB, 1.02 load
[runlim] sample:		2719.70 time, 2720.01 real, 245 MB, 1.02 load
[runlim] sample:		2729.70 time, 2730.01 real, 245 MB, 1.01 load
[runlim] sample:		2739.70 time, 2740.01 real, 245 MB, 1.01 load
[runlim] sample:		2749.69 time, 2750.01 real, 245 MB, 1.01 load
[runlim] sample:		2759.69 time, 2760.01 real, 245 MB, 1.09 load
[runlim] sample:		2769.69 time, 2770.01 real, 245 MB, 1.07 load
[runlim] sample:		2779.69 time, 2780.01 real, 244 MB, 1.06 load
[runlim] sample:		2789.69 time, 2790.01 real, 244 MB, 1.05 load
[runlim] sample:		2799.69 time, 2800.01 real, 244 MB, 1.04 load
[runlim] sample:		2809.69 time, 2810.01 real, 245 MB, 1.04 load
[runlim] sample:		2819.69 time, 2820.01 real, 245 MB, 1.03 load
[runlim] sample:		2829.69 time, 2830.01 real, 248 MB, 1.02 load
[runlim] sample:		2839.69 time, 2840.01 real, 248 MB, 1.02 load
[runlim] sample:		2849.69 time, 2850.01 real, 248 MB, 1.02 load
[runlim] sample:		2859.68 time, 2860.01 real, 248 MB, 1.01 load
[runlim] sample:		2869.68 time, 2870.01 real, 248 MB, 1.01 load
[runlim] sample:		2879.69 time, 2880.01 real, 247 MB, 1.01 load
[runlim] sample:		2889.69 time, 2890.01 real, 247 MB, 1.08 load
[runlim] sample:		2899.69 time, 2900.01 real, 247 MB, 1.07 load
[runlim] sample:		2909.68 time, 2910.01 real, 247 MB, 1.06 load
[runlim] sample:		2919.68 time, 2920.01 real, 247 MB, 1.05 load
[runlim] sample:		2929.69 time, 2930.01 real, 247 MB, 1.12 load
[runlim] sample:		2939.68 time, 2940.01 real, 247 MB, 1.10 load
[runlim] sample:		2949.68 time, 2950.01 real, 247 MB, 1.08 load
[runlim] sample:		2959.68 time, 2960.01 real, 245 MB, 1.07 load
[runlim] sample:		2969.68 time, 2970.01 real, 245 MB, 1.06 load
[runlim] sample:		2979.68 time, 2980.01 real, 246 MB, 1.05 load
[runlim] sample:		2989.68 time, 2990.01 real, 246 MB, 1.04 load
[runlim] sample:		2999.68 time, 3000.01 real, 248 MB, 1.04 load
[runlim] sample:		3009.68 time, 3010.01 real, 248 MB, 1.03 load
[runlim] sample:		3019.68 time, 3020.01 real, 293 MB, 1.02 load
[runlim] sample:		3029.67 time, 3030.01 real, 247 MB, 1.02 load
[runlim] sample:		3039.67 time, 3040.01 real, 247 MB, 1.02 load
[runlim] sample:		3049.67 time, 3050.01 real, 246 MB, 1.01 load
[runlim] sample:		3059.67 time, 3060.01 real, 246 MB, 1.01 load
[runlim] sample:		3069.67 time, 3070.01 real, 244 MB, 1.01 load
[runlim] sample:		3079.67 time, 3080.01 real, 244 MB, 1.01 load
[runlim] sample:		3089.67 time, 3090.01 real, 244 MB, 1.01 load
[runlim] sample:		3099.67 time, 3100.01 real, 246 MB, 1.00 load
[runlim] sample:		3109.67 time, 3110.01 real, 246 MB, 1.00 load
[runlim] sample:		3119.66 time, 3120.01 real, 248 MB, 1.00 load
[runlim] sample:		3129.66 time, 3130.01 real, 248 MB, 1.00 load
[runlim] sample:		3139.67 time, 3140.01 real, 248 MB, 1.00 load
[runlim] sample:		3149.66 time, 3150.01 real, 248 MB, 1.00 load
[runlim] sample:		3159.66 time, 3160.01 real, 248 MB, 1.00 load
[runlim] sample:		3169.66 time, 3170.01 real, 248 MB, 1.00 load
[runlim] sample:		3179.66 time, 3180.01 real, 246 MB, 1.00 load
[runlim] sample:		3189.66 time, 3190.01 real, 246 MB, 1.00 load
[runlim] sample:		3199.66 time, 3200.01 real, 249 MB, 1.00 load
[runlim] sample:		3209.66 time, 3210.01 real, 249 MB, 1.00 load
[runlim] sample:		3219.66 time, 3220.01 real, 249 MB, 1.00 load
[runlim] sample:		3229.66 time, 3230.01 real, 249 MB, 1.00 load
[runlim] sample:		3239.66 time, 3240.01 real, 249 MB, 1.00 load
[runlim] sample:		3249.66 time, 3250.01 real, 246 MB, 1.00 load
[runlim] sample:		3259.66 time, 3260.01 real, 246 MB, 1.00 load
[runlim] sample:		3269.66 time, 3270.01 real, 246 MB, 1.00 load
[runlim] sample:		3279.66 time, 3280.01 real, 246 MB, 1.00 load
[runlim] sample:		3289.65 time, 3290.01 real, 246 MB, 1.00 load
[runlim] sample:		3299.66 time, 3300.01 real, 246 MB, 1.00 load
[runlim] sample:		3309.65 time, 3310.01 real, 249 MB, 1.00 load
[runlim] sample:		3319.65 time, 3320.01 real, 249 MB, 1.00 load
[runlim] sample:		3329.65 time, 3330.01 real, 249 MB, 1.00 load
[runlim] sample:		3339.66 time, 3340.01 real, 248 MB, 1.00 load
[runlim] sample:		3349.66 time, 3350.01 real, 248 MB, 1.00 load
[runlim] sample:		3359.65 time, 3360.01 real, 248 MB, 1.00 load
[runlim] sample:		3369.65 time, 3370.01 real, 248 MB, 1.00 load
[runlim] sample:		3379.65 time, 3380.01 real, 248 MB, 1.00 load
[runlim] sample:		3389.65 time, 3390.01 real, 248 MB, 1.07 load
[runlim] sample:		3399.65 time, 3400.01 real, 248 MB, 1.06 load
[runlim] sample:		3409.65 time, 3410.01 real, 248 MB, 1.05 load
[runlim] sample:		3419.65 time, 3420.01 real, 251 MB, 1.04 load
[runlim] sample:		3429.64 time, 3430.01 real, 251 MB, 1.04 load
[runlim] sample:		3439.65 time, 3440.01 real, 251 MB, 1.03 load
[runlim] sample:		3449.65 time, 3450.01 real, 249 MB, 1.02 load
[runlim] sample:		3459.65 time, 3460.01 real, 249 MB, 1.02 load
[runlim] sample:		3469.65 time, 3470.01 real, 249 MB, 1.02 load
[runlim] sample:		3479.64 time, 3480.01 real, 249 MB, 1.01 load
[runlim] sample:		3489.64 time, 3490.01 real, 249 MB, 1.01 load
[runlim] sample:		3499.64 time, 3500.01 real, 249 MB, 1.01 load
[runlim] sample:		3509.64 time, 3510.01 real, 249 MB, 1.01 load
[runlim] sample:		3519.64 time, 3520.01 real, 249 MB, 1.08 load
[runlim] sample:		3529.63 time, 3530.01 real, 249 MB, 1.15 load
[runlim] sample:		3539.63 time, 3540.01 real, 253 MB, 1.12 load
[runlim] sample:		3549.63 time, 3550.01 real, 253 MB, 1.10 load
[runlim] sample:		3559.63 time, 3560.01 real, 253 MB, 1.09 load
[runlim] sample:		3569.63 time, 3570.01 real, 253 MB, 1.07 load
[runlim] sample:		3579.63 time, 3580.01 real, 253 MB, 1.06 load
[runlim] sample:		3589.63 time, 3590.01 real, 253 MB, 1.05 load
[runlim] sample:		3599.63 time, 3600.01 real, 250 MB, 1.04 load
[runlim] end:			Fri Aug 14 02:09:10 2026
[runlim] status:		out of time
[runlim] result:		2
[runlim] children:		1
[runlim] processes:		2
[runlim] real:			3601.04 seconds
[runlim] time:			3599.63 seconds
[runlim] space:			355 MB
[runlim] load:			1.72 maximum
[runlim] samples:		36000
>>>>>>> 8881c4c611bda01e9087aa053fd9d402867ed68b:results/HighFlexibilityResults/2factories/la08.log
