[runlim] version:		2.0.0rc12
[runlim] host:			fjssp-instance1
[runlim] time limit:		311040000 seconds
[runlim] real time limit:	3600 seconds
[runlim] space limit:		14000 MB
[runlim] argv[0]:		python3
[runlim] argv[1]:		-u
[runlim] argv[2]:		mip.py
[runlim] argv[3]:		--input
[runlim] argv[4]:		datasets/brandimarte/MK07
[runlim] argv[5]:		--factories
[runlim] argv[6]:		2
[runlim] start:			Tue Sep  1 04:54:33 2026
[runlim] child:			9491
======================================================================
INSTANCE
======================================================================
File       : datasets/brandimarte/MK07
Operations : 100
Jobs       : 20
Machines   : 5
Factories  : 2
Edges      : 80

======================================================================
GREEDY HEURISTIC
======================================================================
Greedy UB   : 109
Greedy time : 0.000304 sec

======================================================================
MODEL 1 PARAMETERS
======================================================================
Greedy UB = 109
First operations = 20
Last operations  = 20

Adding greedy MIP start...

======================================================================
MODEL STATISTICS
======================================================================
Variables    : 16579
Constraints : 32094
Greedy UB   : 109

======================================================================
START CPLEX
======================================================================
Version identifier: 22.2.0.0 | 2026-05-04 | 5dff98e58
CPXPARAM_Read_DataCheck                          1
Warning:  No solution found from 1 MIP starts.
Retaining values of one MIP start for possible repair.
Tried aggregator 2 times.
MIP Presolve eliminated 32 rows and 12 columns.
MIP Presolve modified 52933 coefficients.
Aggregator did 52 substitutions.
Reduced MIP has 32010 rows, 16515 columns, and 160592 nonzeros.
Reduced MIP has 16414 binaries, 0 generals, 0 SOSs, and 0 indicators.
Presolve time = 0.07 sec. (121.24 ticks)
Probing time = 0.03 sec. (13.66 ticks)
Tried aggregator 1 time.
Detecting symmetries...
Reduced MIP has 32010 rows, 16515 columns, and 160592 nonzeros.
Reduced MIP has 16414 binaries, 0 generals, 0 SOSs, and 0 indicators.
Presolve time = 0.06 sec. (76.55 ticks)
Probing time = 0.01 sec. (11.91 ticks)
Clique table members: 2144.
MIP emphasis: balance optimality and feasibility.
MIP search method: dynamic search.
Parallel mode: deterministic, using up to 2 threads.
Root relaxation solution time = 0.27 sec. (515.62 ticks)

        Nodes                                         Cuts/
   Node  Left     Objective  IInf  Best Integer    Best Bound    ItCnt     Gap

      0     0       68.6395   177                     68.6395      896         
*     0+    0                          105.0000       68.6395            34.63%
      0     0       69.0000    97      105.0000      Cuts: 80      983   34.29%
      0     0       69.0000   117      105.0000     Cuts: 272     1097   34.29%
      0     0       69.0000    88      105.0000       Cuts: 7     1146   34.29%
*     0+    0                          100.0000       69.0000            31.00%
      0     0       69.0000   111      100.0000      Cuts: 95     1261   31.00%
*     0+    0                           99.0000       69.0000            30.30%
*     0+    0                           98.0000       69.0000            29.59%
      0     0  -1.00000e+75     0       98.0000       69.0000     1261   29.59%
Repair heuristic found nothing.
Detecting symmetries...
      0     2       69.0000   111       98.0000       69.0000     1261   29.59%
Elapsed time = 8.44 sec. (17573.00 ticks, tree = 0.02 MB, solutions = 4)
*     6+    1                           97.0000       69.0000            28.87%
      6     8       69.0000    97       97.0000       69.0000     1641   28.87%
*     8+    1                           96.0000       69.0000            28.12%
*    10+    1                           95.0000       69.0000            27.37%
     12    14       69.0000    72       95.0000       69.0000     2113   27.37%
[runlim] sample:		18.13 time, 10.02 real, 276 MB, 2.06 load
     16    17       69.0000   138       95.0000       69.0000     2882   27.37%
     25    24       69.0000    95       95.0000       69.0000     3795   27.37%
     36    34       69.0000    87       95.0000       69.0000     4452   27.37%
     40    38       69.4149    95       95.0000       69.0000     4595   27.37%
     50    48       72.2041    87       95.0000       69.0000     4833   27.37%
     65    56       69.0000    88       95.0000       69.0000     5612   27.37%
     72    74       72.6281    91       95.0000       69.0000     6265   27.37%
    125   118       71.1120    80       95.0000       69.0000     7389   27.37%
Elapsed time = 9.95 sec. (20935.28 ticks, tree = 0.83 MB, solutions = 7)
    213   184       78.8029    80       95.0000       69.0000     8485   27.37%
    303   290       84.0000    52       95.0000       69.0000     9746   27.37%
    363   340       69.0000    80       95.0000       69.0000    10635   27.37%
    420   381       69.4935    71       95.0000       69.0000    12298   27.37%
*   433+  385                           94.0000       69.0000            26.60%
    476   442       71.3458    68       94.0000       69.0000    14173   26.60%
*   480+  445                           93.0000       69.0000            25.81%
    542   504       72.2428    67       93.0000       69.0000    15354   25.81%
    614   567       80.4664    77       93.0000       69.0000    16318   25.81%
*   690+  643                           92.0000       69.0000            25.00%
    718   656       89.0000     7       92.0000       69.0000    17024   25.00%
*   740   671      integral     0       91.0000       69.0000    17147   24.18%
*   796+  753                           90.0000       69.0000            23.33%
*   796+  753                           89.0000       69.0000            22.47%
*   796+  753                           87.0000       69.0000            20.69%
    796   705       69.0785    80       87.0000       69.0000    17751   20.69%
*   797+  753                           86.0000       69.0000            19.77%
*   797+  753                           85.0000       69.0000            18.82%
*   797+  753                           84.0000       69.0000            17.86%
*   812+  586                           82.0000       69.0000            15.85%

Performing restart 1

Repeating presolve.
Tried aggregator 1 time.
MIP Presolve eliminated 12 rows and 0 columns.
MIP Presolve modified 131346 coefficients.
Reduced MIP has 31998 rows, 16515 columns, and 160540 nonzeros.
Reduced MIP has 16414 binaries, 0 generals, 0 SOSs, and 0 indicators.
Presolve time = 0.04 sec. (66.78 ticks)
Tried aggregator 1 time.
Reduced MIP has 31998 rows, 16515 columns, and 160540 nonzeros.
Reduced MIP has 16414 binaries, 0 generals, 0 SOSs, and 0 indicators.
Presolve time = 0.07 sec. (81.42 ticks)
Represolve time = 0.25 sec. (245.95 ticks)
    813     0       69.0000   109       82.0000     Cuts: 203    19287   15.85%
[runlim] sample:		37.27 time, 20.02 real, 372 MB, 2.05 load
    813     0       69.0000   159       82.0000     Cuts: 530    19456   15.85%
    813     0       69.0000   150       82.0000      Cuts: 99    19629   15.85%
    813     0       69.0000   165       82.0000     Cuts: 405    19781   15.85%
[runlim] sample:		57.08 time, 30.02 real, 378 MB, 2.04 load
    813     0       69.0000    86       82.0000      Cuts: 58    19849   15.85%
    813     0       69.0000   150       82.0000     Cuts: 343    20040   15.85%
[runlim] sample:		76.93 time, 40.02 real, 395 MB, 2.04 load
    813     0       69.0000   146       82.0000      Cuts: 54    20177   15.85%
*   813+    0                           81.0000       69.0000            14.81%
*   813+    0                           80.0000       69.0000            13.75%
    813     0  -1.00000e+75     0       80.0000       69.0000    20177   13.75%
    813     2       69.0000    85       80.0000       69.0000    20177   13.75%
Elapsed time = 42.59 sec. (75609.12 ticks, tree = 0.02 MB, solutions = 26)
    817     6       69.0000   122       80.0000       69.0000    20480   13.75%
    819     3       69.0000   107       80.0000       69.0000    20841   13.75%
    823    11       69.0000    78       80.0000       69.0000    21886   13.75%
    826    14       69.0000   122       80.0000       69.0000    22444   13.75%
    829    17       69.0000    85       80.0000       69.0000    22445   13.75%
    832    18       69.0000   110       80.0000       69.0000    22985   13.75%
    837    24       69.0000    75       80.0000       69.0000    23729   13.75%
[runlim] sample:		96.37 time, 50.02 real, 417 MB, 2.03 load
    845    29       69.0000    84       80.0000       69.0000    23941   13.75%
    850    32       69.0266    82       80.0000       69.0000    24301   13.75%
    859    37       69.2783    74       80.0000       69.0000    24523   13.75%
Elapsed time = 50.07 sec. (88429.79 ticks, tree = 2.67 MB, solutions = 26)
    872    57       72.7921    69       80.0000       69.0000    25307   13.75%
    886    70       75.0000    64       80.0000       69.0000    25462   13.75%
    903    81       74.0000    69       80.0000       69.0000    29526   13.75%
    931    94       78.2518    71       80.0000       69.0000    29514   13.75%
    956   126       78.0000    53       80.0000       69.0000    30265   13.75%
    969    98       69.0000    75       80.0000       69.0000    29657   13.75%
    981   151       69.0550    75       80.0000       69.0000    30844   13.75%
    993   153       69.1329    74       80.0000       69.0000    31029   13.75%
   1027   181       69.0054    75       80.0000       69.0000    31712   13.75%
   1044   184       74.0000    63       80.0000       69.0000    31738   13.75%
Elapsed time = 56.45 sec. (99610.21 ticks, tree = 35.09 MB, solutions = 26)
   1053   213       74.0000    84       80.0000       69.0000    32464   13.75%
   1067   225       75.0000    67       80.0000       69.0000    32691   13.75%
   1073   231       76.4138    63       80.0000       69.0000    32937   13.75%
   1089   247       77.3739    59       80.0000       69.0000    33086   13.75%
   1094   187       69.0057    75       80.0000       69.0000    31719   13.75%
[runlim] sample:		116.23 time, 60.02 real, 439 MB, 2.02 load
   1114   257       74.0522    83       80.0000       69.0000    33163   13.75%
   1147   281       74.3864    69       80.0000       69.0000    33482   13.75%
   1190   319       75.3750    70       80.0000       69.0000    34096   13.75%
   1217   293       72.9046    64       80.0000       69.0000    33671   13.75%
   1245   361       78.5000    67       80.0000       69.0000    34516   13.75%
Elapsed time = 62.16 sec. (109866.95 ticks, tree = 79.59 MB, solutions = 26)
   1254   337       69.0000    79       80.0000       69.0000    34361   13.75%
   1282   404       69.5063    55       80.0000       69.0000    35062   13.75%
   1323   415       69.1231    78       80.0000       69.0000    35328   13.75%
   1372   447       69.9335    71       80.0000       69.0000    35733   13.75%
   1413   523       76.3049    58       80.0000       69.0000    36603   13.75%
   1452   554       79.0000    49       80.0000       69.0000    36889   13.75%
   1457   480       69.0000    73       80.0000       69.0000    36150   13.75%
   1493   580       69.8265    81       80.0000       69.0000    37602   13.75%
   1551   617       72.1231    64       80.0000       69.0000    37905   13.75%
   1592   663       77.5750    84       80.0000       69.0000    38777   13.75%
Elapsed time = 66.94 sec. (120688.95 ticks, tree = 155.21 MB, solutions = 26)
   1629   708       69.0000    68       80.0000       69.0000    39214   13.75%
[runlim] sample:		136.07 time, 70.02 real, 565 MB, 2.10 load
   1686   737       73.7283    66       80.0000       69.0000    39779   13.75%
   1743   769       76.2222    54       80.0000       69.0000    40169   13.75%
   1788   830       77.0000    47       80.0000       69.0000    41170   13.75%
   1831   911       77.0021    39       80.0000       69.0000    42062   13.75%
   1880   951       71.5544    92       80.0000       69.0000    43289   13.75%
   1914   978       72.2676    90       80.0000       69.0000    43894   13.75%
   1939  1003       74.1280    86       80.0000       69.0000    44434   13.75%
   1965  1022       69.0000    85       80.0000       69.0000    44701   13.75%
   2034  1077       70.0706    82       80.0000       69.0000    45071   13.75%
Elapsed time = 73.03 sec. (132129.10 ticks, tree = 194.91 MB, solutions = 26)
   2059  1132       69.0009    82       80.0000       69.0000    46291   13.75%
   2114  1187       71.7496    60       80.0000       69.0000    46705   13.75%
   2188  1178       69.4639    57       80.0000       69.0000    46868   13.75%
   2257  1214       69.6000    59       80.0000       69.0000    47023   13.75%
   2314  1358       69.3338    80       80.0000       69.0000    49092   13.75%
   2392  1329       79.0000    40       80.0000       69.0000    48391   13.75%
   2413  1384       69.5274    79       80.0000       69.0000    50184   13.75%
   2465  1436       76.7995    63       80.0000       69.0000    50733   13.75%
   2497  1457       69.3827    80       80.0000       69.0000    51080   13.75%
   2541  1501       72.2578    68       80.0000       69.0000    51529   13.75%
Elapsed time = 78.67 sec. (142067.14 ticks, tree = 198.33 MB, solutions = 26)
[runlim] sample:		155.90 time, 80.02 real, 589 MB, 2.08 load
   2573  1602       74.0000    62       80.0000       69.0000    52988   13.75%
   2607  1634       74.0000    65       80.0000       69.0000    53326   13.75%
   2643  1663       70.6133    65       80.0000       69.0000    53958   13.75%
   2725  1664       72.3209    68       80.0000       69.0000    53859   13.75%
   2788  1701       79.0383    63       80.0000       69.0000    54284   13.75%
   2792  1777       69.1531    71       80.0000       69.0000    56216   13.75%
   2836  1817       75.0670    61       80.0000       69.0000    56648   13.75%
   2882  1812       69.0000    88       80.0000       69.0000    57101   13.75%
   2920  1850       71.4202    69       80.0000       69.0000    57522   13.75%
   2985  1931       71.3020    61       80.0000       69.0000    58783   13.75%
Elapsed time = 84.21 sec. (152148.35 ticks, tree = 202.26 MB, solutions = 26)
   3049  1967       75.5768    59       80.0000       69.0000    59192   13.75%
   3116  2058       79.0000    47       80.0000       69.0000    60278   13.75%
   3138  2073       69.1639    87       80.0000       69.0000    60990   13.75%
   3191  2145       76.0000    61       80.0000       69.0000    61834   13.75%
   3230  2095       71.1683    83       80.0000       69.0000    61385   13.75%
   3276  2204       78.4000    62       80.0000       69.0000    62951   13.75%
   3320  2231       69.9467    77       80.0000       69.0000    63473   13.75%
   3375  2252       72.0000    67       80.0000       69.0000    64093   13.75%
[runlim] sample:		175.71 time, 90.02 real, 597 MB, 2.15 load
   3449  2279       76.0000    68       80.0000       69.0000    64504   13.75%
   3645  2503       71.5698    69       80.0000       69.0000    67880   13.75%
Elapsed time = 91.68 sec. (165536.06 ticks, tree = 206.55 MB, solutions = 26)
   3687  2541       69.0000    65       80.0000       69.0000    68369   13.75%
   3846  2636       69.0000    79       80.0000       69.0000    70315   13.75%
[runlim] sample:		195.58 time, 100.02 real, 597 MB, 2.20 load
   3913  2764       69.8459    66       80.0000       69.0000    72858   13.75%
   4084  2881       69.8892    68       80.0000       69.0000    75165   13.75%
   4172  2979       69.1100    94       80.0000       69.0000    76933   13.75%
   4383  3246       78.0000    44       80.0000       69.0000    80861   13.75%
   4485  3270       69.0361    92       80.0000       69.0000    81954   13.75%
[runlim] sample:		215.41 time, 110.02 real, 599 MB, 2.17 load
   4717  3445       69.0000    97       80.0000       69.0000    83985   13.75%
   4847  3613       79.4615    45       80.0000       69.0000    87288   13.75%
   5053  3696       69.0373    65       80.0000       69.0000    88523   13.75%
Elapsed time = 115.20 sec. (206243.54 ticks, tree = 218.20 MB, solutions = 26)
   5243  4024       70.4745    66       80.0000       69.0000    94186   13.75%
[runlim] sample:		235.26 time, 120.01 real, 600 MB, 2.14 load
   5399  4095       69.0238    63       80.0000       69.0000    95001   13.75%
   5617  4189       69.0000    67       80.0000       69.0000    96055   13.75%
   5778  4331       69.0000    82       80.0000       69.0000    98472   13.75%
   6019  4622       74.8596    56       80.0000       69.0000   102610   13.75%
[runlim] sample:		255.11 time, 130.01 real, 604 MB, 2.12 load
   6133  4635       69.0000    98       80.0000       69.0000   103258   13.75%
   6360  4945       74.8333    57       80.0000       69.0000   107968   13.75%
   6399  5087       76.0000    97       80.0000       69.0000   111608   13.75%
   6511  5188       77.9831    43       80.0000       69.0000   112287   13.75%
[runlim] sample:		274.97 time, 140.02 real, 616 MB, 2.10 load
   6590  5190       69.0000    68       80.0000       69.0000   112346   13.75%
Elapsed time = 138.81 sec. (247723.60 ticks, tree = 230.34 MB, solutions = 26)
   6806  5390       79.0000    45       80.0000       69.0000   116827   13.75%
   6977  5534       76.0000    50       80.0000       69.0000   119208   13.75%
   7061  5662       69.7359    72       80.0000       69.0000   122036   13.75%
   7299  5893       71.4377    58       80.0000       69.0000   128190   13.75%
[runlim] sample:		294.79 time, 150.02 real, 622 MB, 2.09 load
   7525  6022       72.0270    54       80.0000       69.0000   130901   13.75%
   7724  6182       76.7514    69       80.0000       69.0000   134692   13.75%
   7954  6298       76.4524    52       80.0000       69.0000   137530   13.75%
   8099  6632       76.0000    54       80.0000       69.0000   142598   13.75%
   8336  6724       70.5061    55       80.0000       69.0000   145200   13.75%
[runlim] sample:		314.64 time, 160.02 real, 623 MB, 2.07 load
   8505  6789       69.3474    68       80.0000       69.0000   146397   13.75%
Elapsed time = 159.66 sec. (286156.98 ticks, tree = 245.38 MB, solutions = 26)
   8758  7076       76.6662    64       80.0000       69.0000   151090   13.75%
   8887  7320       69.9320    72       80.0000       69.0000   157379   13.75%
   9103  7420       70.2428    84       80.0000       69.0000   158797   13.75%
   9290  7622       70.2953    72       80.0000       69.0000   162890   13.75%
[runlim] sample:		334.50 time, 170.02 real, 623 MB, 2.06 load
   9416  7705       78.8163    45       80.0000       69.0000   165319   13.75%
   9559  7912       74.7511    53       80.0000       69.0000   170036   13.75%
   9713  8052       73.2518    53       80.0000       69.0000   172110   13.75%
[runlim] sample:		354.36 time, 180.02 real, 632 MB, 2.05 load
   9860  8169       69.0000    83       80.0000       69.0000   174475   13.75%
  10070  8378       69.8229    61       80.0000       69.0000   178886   13.75%
  10284  8506       71.3861    47       80.0000       69.0000   181725   13.75%
Elapsed time = 183.08 sec. (329203.10 ticks, tree = 259.58 MB, solutions = 26)
  10512  8793       72.0000    52       80.0000       69.0000   186651   13.75%
  10737  8978       69.3399    69       80.0000       69.0000   189796   13.75%
[runlim] sample:		374.21 time, 190.02 real, 646 MB, 2.04 load
  10965  9110       79.0000    69       80.0000       69.0000   192441   13.75%
  11138  9300       73.2857    57       80.0000       69.0000   194295   13.75%
  11352  9458       71.3912    48       80.0000       69.0000   197411   13.75%
  11550  9590       69.2621    68       80.0000       69.0000   199761   13.75%
  11762  9949        cutoff             80.0000       69.0000   204649   13.75%
[runlim] sample:		394.06 time, 200.01 real, 648 MB, 2.11 load
  11957  9987       70.7837    68       80.0000       69.0000   205490   13.75%
  12192 10138       70.3380    74       80.0000       69.0000   209807   13.75%
  12373 10427       76.0182    50       80.0000       69.0000   215221   13.75%
Elapsed time = 203.82 sec. (367920.92 ticks, tree = 277.31 MB, solutions = 26)
  12606 10619       74.6049    56       80.0000       69.0000   218558   13.75%
  12825 10784       78.8000    48       80.0000       69.0000   220036   13.75%
[runlim] sample:		413.85 time, 210.02 real, 651 MB, 2.09 load
  12992 10841       75.0000    80       80.0000       69.0000   223186   13.75%
  13203 11085       70.8887    55       80.0000       69.0000   228785   13.75%
  13313 11221       71.9880    51       80.0000       69.0000   230435   13.75%
  13497 11486       77.0000    37       80.0000       69.0000   235789   13.75%
[runlim] sample:		433.68 time, 220.02 real, 661 MB, 2.16 load
  13610 11517       70.6182    57       80.0000       69.0000   237070   13.75%
  13863 11627       71.7011    61       80.0000       69.0000   239191   13.75%
  14100 12039       71.3542    48       80.0000       69.0000   247069   13.75%
  14255 11919       73.4000    56       80.0000       69.0000   244279   13.75%
Elapsed time = 225.41 sec. (408674.46 ticks, tree = 288.93 MB, solutions = 26)
  14404 12305       71.3186    54       80.0000       69.0000   251349   13.75%
[runlim] sample:		453.52 time, 230.02 real, 670 MB, 2.13 load
  14612 12416       78.0000    34       80.0000       69.0000   254385   13.75%
  14786 12472       69.4258    77       80.0000       69.0000   255364   13.75%
  15000 12751       76.4338    55       80.0000       69.0000   260220   13.75%
  15207 12946       72.3513    60       80.0000       69.0000   264173   13.75%
  15409 13195       74.0000    54       80.0000       69.0000   269378   13.75%
[runlim] sample:		473.37 time, 240.01 real, 673 MB, 2.11 load
  15633 13407       69.3542    53       80.0000       69.0000   273902   13.75%
  15794 13412       71.4066    72       80.0000       69.0000   276485   13.75%
  15940 13647       71.4801    57       80.0000       69.0000   279433   13.75%
  16173 13851       69.2001    63       80.0000       69.0000   283532   13.75%
Elapsed time = 244.80 sec. (447081.03 ticks, tree = 365.32 MB, solutions = 26)
  16389 14009       73.5398    47       80.0000       69.0000   286590   13.75%
* 16442+14043                           79.0000       69.0000            12.66%
* 16442+14043                           78.0000       69.0000            11.54%
[runlim] sample:		493.21 time, 250.02 real, 837 MB, 2.10 load
* 16442+14043                           77.0000       69.0000            10.39%
  16442 14228       70.5533    78       77.0000       69.0000   290094   10.39%
  16542 11452       76.7308    62       77.0000       69.0000   291787   10.39%
  16634 11434       74.0000    45       77.0000       69.0000   292193   10.39%
  16937 11637       75.6480    41       77.0000       69.0000   295574   10.39%
  17176 11931       70.5588    65       77.0000       69.0000   300749   10.39%
[runlim] sample:		513.06 time, 260.02 real, 960 MB, 2.08 load
  17349 12168       71.0953    64       77.0000       69.0000   305611   10.39%
  17419 12196       69.3992    68       77.0000       69.0000   307322   10.39%
  17674 12378       69.0000    68       77.0000       69.0000   310409   10.39%
  17938 12650       72.6309    53       77.0000       69.0000   315817   10.39%
Elapsed time = 266.41 sec. (487305.91 ticks, tree = 682.25 MB, solutions = 31)
[runlim] sample:		532.86 time, 270.01 real, 1163 MB, 2.07 load
  18049 12503       69.0237    71       77.0000       69.0000   313503   10.39%
  18204 12850       70.8621    70       77.0000       69.0000   320329   10.39%
  18489 13060       69.5719    63       77.0000       69.0000   322987   10.39%
  18714 13260        cutoff             77.0000       69.0000   327829   10.39%
  18901 13346       69.0000    73       77.0000       69.0000   328680   10.39%
[runlim] sample:		552.70 time, 280.02 real, 1402 MB, 2.06 load
  19119 13692       76.0000    51       77.0000       69.0000   334461   10.39%
  19295 13767       69.0000    69       77.0000       69.0000   336082   10.39%
  19594 14087       75.0000    47       77.0000       69.0000   342011   10.39%
  19862 14343       71.3849    58       77.0000       69.0000   345415   10.39%
  20035 14554       71.1037    65       77.0000       69.0000   349895   10.39%
Elapsed time = 287.97 sec. (527793.75 ticks, tree = 1162.59 MB, solutions = 31)
[runlim] sample:		572.55 time, 290.02 real, 1648 MB, 2.05 load
  20236 14651       74.0000    69       77.0000       69.0000   351405   10.39%
  20496 14793       69.0622    70       77.0000       69.0000   353849   10.39%
  20571 14979       72.3137    48       77.0000       69.0000   356970   10.39%
  20794 15092       74.1429    58       77.0000       69.0000   358830   10.39%
  20953 15361       69.7636    71       77.0000       69.0000   363986   10.39%
[runlim] sample:		592.40 time, 300.01 real, 1909 MB, 2.04 load
  21187 15494       74.0000    52       77.0000       69.0000   366074   10.39%
  21442 15750        cutoff             77.0000       69.0000   370401   10.39%
  21619 15894       69.5128    66       77.0000       69.0000   373638   10.39%
  21887 16105       76.0000    46       77.0000       69.0000   379751   10.39%
  22071 16324       75.0000    52       77.0000       69.0000   386423   10.39%
Elapsed time = 307.49 sec. (566168.68 ticks, tree = 1488.15 MB, solutions = 31)
[runlim] sample:		612.23 time, 310.02 real, 2002 MB, 2.03 load
  22287 16465       76.0000    42       77.0000       69.0000   390231   10.39%
  22442 16574       71.0000    70       77.0000       69.0000   393600   10.39%
  22675 16779       74.0000    56       77.0000       69.0000   398796   10.39%
  22913 16927       76.0000    58       77.0000       69.0000   401973   10.39%
  23092 17116       74.0000    64       77.0000       69.0000   406812   10.39%
[runlim] sample:		632.06 time, 320.02 real, 2006 MB, 2.11 load
  23223 17359       69.3183    79       77.0000       69.0000   413661   10.39%
  23470 17398       70.4609    68       77.0000       69.0000   416098   10.39%
  23673 17717       71.1238    72       77.0000       69.0000   424359   10.39%
  23865 17836       75.0000    62       77.0000       69.0000   430492   10.39%
  24049 17955       75.0000    70       77.0000       69.0000   433227   10.39%
Elapsed time = 327.74 sec. (605146.68 ticks, tree = 1502.09 MB, solutions = 31)
[runlim] sample:		651.88 time, 330.02 real, 2011 MB, 2.17 load
  24263 18067       69.6825    78       77.0000       69.0000   438259   10.39%
  24461 18435       70.2066    63       77.0000       69.0000   447619   10.39%
  24707 18580       74.0000    71       77.0000       69.0000   450520   10.39%
  24976 18771       76.0000    60       77.0000       69.0000   456907   10.39%
  25181 19057       74.0307    65       77.0000       69.0000   464581   10.39%
[runlim] sample:		671.72 time, 340.02 real, 2019 MB, 2.14 load
  25221 19091       69.0000    81       77.0000       69.0000   465416   10.39%
  25362 19146       69.0271    71       77.0000       69.0000   469201   10.39%
  25606 19401       69.2701    93       77.0000       69.0000   475111   10.39%
  25821 19480       73.7360    52       77.0000       69.0000   478642   10.39%
  26115 19825        cutoff             77.0000       69.0000   487105   10.39%
Elapsed time = 346.93 sec. (643639.32 ticks, tree = 1522.62 MB, solutions = 31)
[runlim] sample:		691.56 time, 350.02 real, 2018 MB, 2.19 load
  26298 19879       69.0000    83       77.0000       69.0000   489445   10.39%
  26456 19942       69.0173    97       77.0000       69.0000   492416   10.39%
  26622 20291       74.6630    59       77.0000       69.0000   500380   10.39%
  26903 20541       73.3772    67       77.0000       69.0000   505271   10.39%
  27118 20651       74.0000    56       77.0000       69.0000   511685   10.39%
[runlim] sample:		711.41 time, 360.01 real, 2020 MB, 2.16 load
  27338 20794       71.6086    52       77.0000       69.0000   514729   10.39%
  27628 21160       71.0000    64       77.0000       69.0000   522915   10.39%
  27849 21400       76.0000    32       77.0000       69.0000   527256   10.39%
  28077 21479       74.6248    55       77.0000       69.0000   530408   10.39%
  28398 21914       76.1111    59       77.0000       69.0000   539586   10.39%
Elapsed time = 366.60 sec. (682164.16 ticks, tree = 1537.87 MB, solutions = 31)
  28742 22096       75.1628    44       77.0000       69.0000   543097   10.39%
[runlim] sample:		731.24 time, 370.02 real, 2027 MB, 2.14 load
  28980 22256       69.4721    96       77.0000       69.0000   547919   10.39%
  29155 22537       72.9434    46       77.0000       69.0000   553609   10.39%
  29517 22799       76.0000    46       77.0000       69.0000   560478   10.39%
  29843 23265    infeasible             77.0000       69.0000   569284   10.39%
  30105 23246       74.3608    51       77.0000       69.0000   569456   10.39%
[runlim] sample:		751.08 time, 380.02 real, 2027 MB, 2.11 load
  30345 23552       71.0000    69       77.0000       69.0000   575020   10.39%
  30689 23892       75.1218    49       77.0000       69.0000   582512   10.39%
  30819 23939       74.9565    51       77.0000       69.0000   584601   10.39%
  30995 24220       71.8760    71       77.0000       69.0000   594496   10.39%
Elapsed time = 384.88 sec. (720445.79 ticks, tree = 1559.23 MB, solutions = 31)
  31397 24521       75.0000    55       77.0000       69.0000   600363   10.39%
[runlim] sample:		768.80 time, 390.02 real, 2056 MB, 2.18 load
  31523 24797       70.6963    52       77.0000       69.0000   606579   10.39%
  31937 24973       69.5920    79       77.0000       69.0000   610561   10.39%
  32168 25083       72.6061    70       77.0000       69.0000   613935   10.39%
  32412 25427       69.0000    69       77.0000       69.0000   621943   10.39%
  32771 25741       72.0988    70       77.0000       69.0000   630051   10.39%
[runlim] sample:		788.63 time, 400.02 real, 2057 MB, 2.23 load
  33046 26049       69.7615    78       77.0000       69.0000   636598   10.39%
  33334 26374       72.8889    60       77.0000       69.0000   644388   10.39%
  33688 26634       69.6584    78       77.0000       69.0000   649775   10.39%
  33971 26870       72.0051    68       77.0000       69.0000   654453   10.39%
Elapsed time = 404.75 sec. (760354.93 ticks, tree = 1582.54 MB, solutions = 31)
  34126 27008       73.2198    54       77.0000       69.0000   658310   10.39%
[runlim] sample:		808.46 time, 410.02 real, 2057 MB, 2.19 load
  34366 27315       71.5259    54       77.0000       69.0000   664870   10.39%
  34637 27367       69.0000    66       77.0000       69.0000   666228   10.39%
  34930 27722       69.9222    55       77.0000       69.0000   673968   10.39%
  35214 27846       74.0000    48       77.0000       69.0000   677173   10.39%
  35411 28271       72.1532    57       77.0000       69.0000   687133   10.39%
  35685 28408       75.3674    55       77.0000       69.0000   690414   10.39%
[runlim] sample:		828.29 time, 420.02 real, 2062 MB, 2.16 load
  35950 28620    infeasible             77.0000       69.0000   695563   10.39%
  36240 28848       72.8976    61       77.0000       69.0000   701533   10.39%
  36507 29267       75.1745    62       77.0000       69.0000   711431   10.39%
Elapsed time = 423.48 sec. (798639.50 ticks, tree = 1603.32 MB, solutions = 31)
  36800 29393       76.1088    44       77.0000       69.0000   714748   10.39%
  37087 29566       75.0000    49       77.0000       69.0000   716716   10.39%
[runlim] sample:		848.13 time, 430.02 real, 2068 MB, 2.14 load
  37302 30030       72.8243    52       77.0000       69.0000   726095   10.39%
  37621 30131       73.9003    50       77.0000       69.0000   729265   10.39%
  37948 30272       74.5574    59       77.0000       69.0000   732042   10.39%
  38213 30601       76.3137    81       77.0000       69.0000   739317   10.39%
  38447 30949       72.8610    58       77.0000       69.0000   746749   10.39%
  38659 31106       69.0000    65       77.0000       69.0000   749518   10.39%
[runlim] sample:		867.95 time, 440.02 real, 2069 MB, 2.20 load
  38994 31421       72.0761    54       77.0000       69.0000   756129   10.39%
  39329 31799       70.2551    67       77.0000       69.0000   763864   10.39%
Elapsed time = 441.63 sec. (838250.39 ticks, tree = 1624.48 MB, solutions = 31)
  39681 31749       74.5352    54       77.0000       69.0000   760950   10.39%
  39994 32097       73.0897    50       77.0000       69.0000   769653   10.39%
  40136 32516       69.1406    78       77.0000       69.0000   777052   10.39%
  40570 32596       70.8046    48       77.0000       69.0000   778118   10.39%
[runlim] sample:		887.76 time, 450.02 real, 2073 MB, 2.24 load
  40933 33138       72.9167    44       77.0000       69.0000   788621   10.39%
  41284 33535       72.2264    78       77.0000       69.0000   797721   10.39%
  41313 33563       75.5376    57       77.0000       69.0000   798179   10.39%
  41511 33772       70.8611    51       77.0000       69.0000   802137   10.39%
  41885 34065       69.0104    84       77.0000       69.0000   808267   10.39%
[runlim] sample:		907.61 time, 460.02 real, 2076 MB, 2.20 load
  42176 34269       70.3546    63       77.0000       69.0000   812772   10.39%
Elapsed time = 459.96 sec. (877932.39 ticks, tree = 1647.70 MB, solutions = 31)
  42526 34442       72.2456    60       77.0000       69.0000   816422   10.39%
  42829 34820       74.3488    45       77.0000       69.0000   823411   10.39%
  43049 34935       74.0000    35       77.0000       69.0000   828501   10.39%
  43367 35090       76.0000    45       77.0000       69.0000   831165   10.39%
[runlim] sample:		927.46 time, 470.02 real, 2077 MB, 2.25 load
  43726 35720       73.1682    45       77.0000       69.0000   842754   10.39%
  44089 35907       74.0042    48       77.0000       69.0000   845600   10.39%
  44232 36283       70.8144    66       77.0000       69.0000   854813   10.39%
  44392 36373       69.5106    80       77.0000       69.0000   858189   10.39%
  44672 36466       69.4363    60       77.0000       69.0000   863112   10.39%
  44949 36798       72.6062    47       77.0000       69.0000   872250   10.39%
Elapsed time = 478.09 sec. (916266.34 ticks, tree = 1669.73 MB, solutions = 31)
[runlim] sample:		947.31 time, 480.02 real, 2084 MB, 2.21 load
  45216 37051       70.3077    78       77.0000       69.0000   881575   10.39%
  45513 37203       72.6000    43       77.0000       69.0000   885818   10.39%
  45744 37326       69.0000    86       77.0000       69.0000   886963   10.39%
  46021 37705       72.0604    77       77.0000       69.0000   895999   10.39%
  46380 37973       69.0155    88       77.0000       69.0000   899899   10.39%
[runlim] sample:		967.14 time, 490.02 real, 2089 MB, 2.18 load
  46648 38090       76.0000    56       77.0000       69.0000   903711   10.39%
  46794 38326       70.1047    81       77.0000       69.0000   910275   10.39%
  46966 38622       75.0000    42       77.0000       69.0000   918436   10.39%
  47315 38782       72.0015    63       77.0000       69.0000   922315   10.39%
  47664 39120       69.0314    74       77.0000       69.0000   932487   10.39%
Elapsed time = 496.66 sec. (954832.54 ticks, tree = 1689.73 MB, solutions = 31)
  47898 39417       71.2688    72       77.0000       69.0000   940173   10.39%
[runlim] sample:		986.99 time, 500.02 real, 2104 MB, 2.15 load
  48119 39673       69.2838    68       77.0000       69.0000   947610   10.39%
  48438 39858       70.9640    66       77.0000       69.0000   952777   10.39%
  48839 39996       74.0000    32       77.0000       69.0000   955396   10.39%
  49186 40340       69.0263    74       77.0000       69.0000   965329   10.39%
  49526 40828       75.0000    53       77.0000       69.0000   972667   10.39%
[runlim] sample:		1006.75 time, 510.02 real, 2115 MB, 2.13 load
  49723 41098       69.0000    80       77.0000       69.0000   978909   10.39%
  50033 41358       75.0000    38       77.0000       69.0000   984653   10.39%
  50365 41469       69.3458    71       77.0000       69.0000   989059   10.39%
  50436 41631       71.6454    50       77.0000       69.0000   991310   10.39%
Elapsed time = 515.24 sec. (993510.64 ticks, tree = 1713.19 MB, solutions = 31)
  50650 41897       75.0122    55       77.0000       69.0000  1000920   10.39%
[runlim] sample:		1026.58 time, 520.02 real, 2129 MB, 2.11 load
  50836 42006       76.0000    53       77.0000       69.0000  1006224   10.39%
  51004 42106       76.2119    57       77.0000       69.0000  1012276   10.39%
  51310 42360       75.0000    65       77.0000       69.0000  1020957   10.39%
  51554 42678       76.0000    46       77.0000       69.0000  1030676   10.39%
  51660 42727       72.0000    65       77.0000       69.0000  1035057   10.39%
  51906 42859       69.0328    85       77.0000       69.0000  1038386   10.39%
[runlim] sample:		1046.42 time, 530.02 real, 2133 MB, 2.09 load
  52223 43178       73.0000    55       77.0000       69.0000  1048481   10.39%
  52580 43382       69.0000    87       77.0000       69.0000  1053797   10.39%
  52781 43516       72.2290    64       77.0000       69.0000  1056858   10.39%
Elapsed time = 533.86 sec. (1031752.27 ticks, tree = 1728.44 MB, solutions = 31)
  52972 43878       74.0000    49       77.0000       69.0000  1068515   10.39%
  53111 43972       71.9855    68       77.0000       69.0000  1072961   10.39%
[runlim] sample:		1066.27 time, 540.02 real, 2140 MB, 2.08 load
  53495 44122       72.9291    68       77.0000       69.0000  1073217   10.39%
  53653 44479       75.6897    53       77.0000       69.0000  1084237   10.39%
  53869 44553       71.1223    82       77.0000       69.0000  1087723   10.39%
  54200 44746       74.5925    53       77.0000       69.0000  1090361   10.39%
  54370 44925       75.0000    72       77.0000       69.0000  1098039   10.39%
[runlim] sample:		1086.10 time, 550.02 real, 2167 MB, 2.06 load
  54498 45130       69.0000   112       77.0000       69.0000  1102029   10.39%
  54812 45348       70.7417    57       77.0000       69.0000  1109309   10.39%
  55095 45706       75.4407    43       77.0000       69.0000  1117594   10.39%
Elapsed time = 552.76 sec. (1070070.17 ticks, tree = 1746.42 MB, solutions = 31)
  55291 45853       74.3158    43       77.0000       69.0000  1120508   10.39%
  55456 45961       70.4372    54       77.0000       69.0000  1126572   10.39%
  55816 46150       76.0000    44       77.0000       69.0000  1129300   10.39%
[runlim] sample:		1105.94 time, 560.02 real, 2169 MB, 2.05 load
  56089 46427       70.3955    90       77.0000       69.0000  1138388   10.39%
  56388 46806       69.0027    85       77.0000       69.0000  1146095   10.39%
  56513 46845       74.0000    62       77.0000       69.0000  1147017   10.39%
  56678 47173       74.6916    52       77.0000       69.0000  1155410   10.39%
  56934 47416       74.6070    47       77.0000       69.0000  1162513   10.39%
[runlim] sample:		1125.75 time, 570.02 real, 2178 MB, 2.20 load
  57120 47351       72.5500    64       77.0000       69.0000  1161562   10.39%
  57349 47666       75.0000    57       77.0000       69.0000  1168758   10.39%
Elapsed time = 571.38 sec. (1108434.35 ticks, tree = 1764.47 MB, solutions = 31)
  57589 47870       75.0000    61       77.0000       69.0000  1175588   10.39%
  57839 48010       72.0000    75       77.0000       69.0000  1178784   10.39%
  58201 48414       74.0000    53       77.0000       69.0000  1191215   10.39%
  58506 48530       75.0000    40       77.0000       69.0000  1194513   10.39%
[runlim] sample:		1145.59 time, 580.02 real, 2180 MB, 2.17 load
  58789 48886       72.9136    59       77.0000       69.0000  1203629   10.39%
  58986 49016       69.0000    97       77.0000       69.0000  1207182   10.39%
  59241 49306       69.0000    78       77.0000       69.0000  1211244   10.39%
  59340 49422       75.0000    47       77.0000       69.0000  1215653   10.39%
  59534 49718       75.0000    54       77.0000       69.0000  1221279   10.39%
[runlim] sample:		1165.44 time, 590.02 real, 2191 MB, 2.14 load
  59802 49723       74.0000    66       77.0000       69.0000  1222033   10.39%
Elapsed time = 589.60 sec. (1146859.25 ticks, tree = 1781.50 MB, solutions = 31)
  60163 49879       75.0000    65       77.0000       69.0000  1224719   10.39%
  60503 50308       74.6286    60       77.0000       69.0000  1232668   10.39%
  60882 50640       69.0000    76       77.0000       69.0000  1238731   10.39%
  61111 50984       69.6249    62       77.0000       69.0000  1245323   10.39%
  61481 51189       76.0000    52       77.0000       69.0000  1251641   10.39%
[runlim] sample:		1185.29 time, 600.02 real, 2209 MB, 2.19 load
  61754 51522       73.8082    66       77.0000       69.0000  1257360   10.39%
  62001 51645       73.6876    60       77.0000       69.0000  1260802   10.39%
  62328 52152       76.0000    59       77.0000       69.0000  1272318   10.39%
  62715 52327       74.9925    58       77.0000       69.0000  1275316   10.39%
  62882 52634       73.8000    61       77.0000       69.0000  1281365   10.39%
Elapsed time = 606.89 sec. (1185170.75 ticks, tree = 1806.87 MB, solutions = 31)
  63237 52806       69.0000    61       77.0000       69.0000  1283993   10.39%
[runlim] sample:		1205.10 time, 610.02 real, 2217 MB, 2.16 load
  63698 53214       74.7255    57       77.0000       69.0000  1290900   10.39%
  64080 53657       74.4578    63       77.0000       69.0000  1299583   10.39%
  64349 53924       71.1284    56       77.0000       69.0000  1304626   10.39%
  64688 54124       69.4591    60       77.0000       69.0000  1308528   10.39%
  64960 54516       74.0000    62       77.0000       69.0000  1316005   10.39%
[runlim] sample:		1224.95 time, 620.02 real, 2230 MB, 2.14 load
  65321 54730       75.3540    54       77.0000       69.0000  1319328   10.39%
  65616 54861       69.8302    79       77.0000       69.0000  1323339   10.39%
  65981 55286       70.6082    62       77.0000       69.0000  1333251   10.39%
  66101 55472       76.0000    51       77.0000       69.0000  1336917   10.39%
Elapsed time = 624.63 sec. (1223636.26 ticks, tree = 1831.24 MB, solutions = 31)
  66180 55612       69.0867    66       77.0000       69.0000  1340946   10.39%
[runlim] sample:		1244.76 time, 630.02 real, 2238 MB, 2.12 load
  66293 55741       69.0285    73       77.0000       69.0000  1344364   10.39%
  66403 55790       75.5814    63       77.0000       69.0000  1345067   10.39%
  66466 55891        cutoff             77.0000       69.0000  1349333   10.39%
  66631 55964       69.3020    79       77.0000       69.0000  1351238   10.39%
[runlim] sample:		1264.61 time, 640.02 real, 2254 MB, 2.10 load
  66848 56071       73.9301    54       77.0000       69.0000  1352714   10.39%
  66943 56105       69.0529    65       77.0000       69.0000  1353110   10.39%
  67128 56401       69.0000    80       77.0000       69.0000  1357459   10.39%
  67215 56430       69.0000   120       77.0000       69.0000  1358858   10.39%
[runlim] sample:		1284.46 time, 650.02 real, 2256 MB, 2.08 load
  67354 56669       70.3257    60       77.0000       69.0000  1365331   10.39%
Elapsed time = 650.87 sec. (1267005.43 ticks, tree = 1841.77 MB, solutions = 31)
  67455 56705       73.1353    61       77.0000       69.0000  1367552   10.39%
  67663 56788       74.0000    64       77.0000       69.0000  1369471   10.39%
  67802 57022       71.0000    76       77.0000       69.0000  1379866   10.39%
  68115 57102       69.3392    86       77.0000       69.0000  1381408   10.39%
[runlim] sample:		1304.31 time, 660.01 real, 2266 MB, 2.07 load
  68307 57262       71.6000    70       77.0000       69.0000  1386227   10.39%
  68517 57584       70.5771    54       77.0000       69.0000  1393423   10.39%
  68764 57748       74.0000    56       77.0000       69.0000  1396512   10.39%
  69008 58115       75.0000    44       77.0000       69.0000  1405346   10.39%
[runlim] sample:		1324.16 time, 670.02 real, 2269 MB, 2.06 load
  69252 57961       69.0000    75       77.0000       69.0000  1402883   10.39%
  69507 58529       69.6725    58       77.0000       69.0000  1416136   10.39%
Elapsed time = 670.69 sec. (1306933.11 ticks, tree = 1857.08 MB, solutions = 31)
  69684 58578       69.1644   100       77.0000       69.0000  1418586   10.39%
  69821 58792       69.0000   107       77.0000       69.0000  1424536   10.39%
  70008 58987       73.3795    80       77.0000       69.0000  1430074   10.39%
[runlim] sample:		1343.99 time, 680.02 real, 2274 MB, 2.05 load
  70199 59051       73.0000    63       77.0000       69.0000  1435323   10.39%
  70578 59339       69.2860    53       77.0000       69.0000  1440820   10.39%
  70719 59417       69.0353   100       77.0000       69.0000  1442844   10.39%
  71045 59849       74.0000    46       77.0000       69.0000  1453089   10.39%
  71278 60104       69.2984    68       77.0000       69.0000  1458179   10.39%
[runlim] sample:		1363.80 time, 690.02 real, 2302 MB, 2.04 load
  71645 60338       73.0000    56       77.0000       69.0000  1463282   10.39%
  71836 60677       74.0000    57       77.0000       69.0000  1473513   10.39%
Elapsed time = 691.63 sec. (1347574.10 ticks, tree = 1876.14 MB, solutions = 31)
  72166 60885       76.0000    48       77.0000       69.0000  1477249   10.39%
  72314 61020       71.2104    53       77.0000       69.0000  1479753   10.39%
  72686 61351       75.0000    48       77.0000       69.0000  1486217   10.39%
  72791 61369       73.0000    50       77.0000       69.0000  1487312   10.39%
[runlim] sample:		1383.66 time, 700.02 real, 2308 MB, 2.19 load
  73132 61639       75.0000    61       77.0000       69.0000  1492649   10.39%
  73243 61973       72.8715    66       77.0000       69.0000  1502862   10.39%
  73619 62126       71.9620    52       77.0000       69.0000  1505224   10.39%
  73860 62186       74.0597    56       77.0000       69.0000  1506872   10.39%
  74190 62647       76.0000    51       77.0000       69.0000  1514435   10.39%
[runlim] sample:		1403.48 time, 710.02 real, 2313 MB, 2.16 load
  74459 62753       69.7471    68       77.0000       69.0000  1516150   10.39%
Elapsed time = 710.31 sec. (1385935.10 ticks, tree = 1894.95 MB, solutions = 31)
  74868 63121       69.1992   111       77.0000       69.0000  1522360   10.39%
  75115 63556       72.8502    79       77.0000       69.0000  1533202   10.39%
  75340 63804       71.0437    61       77.0000       69.0000  1539129   10.39%
  75579 63860       75.0000    67       77.0000       69.0000  1542236   10.39%
[runlim] sample:		1423.33 time, 720.02 real, 2316 MB, 2.21 load
  75891 64184       69.0000    96       77.0000       69.0000  1548389   10.39%
  76112 64272       76.0000    42       77.0000       69.0000  1554311   10.39%
  76414 64670       69.0352    87       77.0000       69.0000  1563498   10.39%
  76614 64700       74.0000    68       77.0000       69.0000  1564037   10.39%
  76761 64934       69.0274    83       77.0000       69.0000  1569683   10.39%
[runlim] sample:		1443.17 time, 730.02 real, 2335 MB, 2.18 load
  76961 65118       72.8029    51       77.0000       69.0000  1574911   10.39%
Elapsed time = 729.79 sec. (1425185.37 ticks, tree = 1914.86 MB, solutions = 31)
  77274 65287       70.3279    49       77.0000       69.0000  1578734   10.39%
  77536 65684       69.9691    52       77.0000       69.0000  1589872   10.39%
  77973 65908       72.4205    54       77.0000       69.0000  1593162   10.39%
  78229 65994       69.0233    89       77.0000       69.0000  1598749   10.39%
[runlim] sample:		1463.01 time, 740.02 real, 2347 MB, 2.15 load
  78541 66545       74.3855    53       77.0000       69.0000  1608538   10.39%
  78836 66661       71.0954    76       77.0000       69.0000  1613734   10.39%
  79054 67018       69.2359    85       77.0000       69.0000  1625640   10.39%
  79372 67228       75.0000    59       77.0000       69.0000  1629558   10.39%
  79764 67562       69.0152    96       77.0000       69.0000  1637945   10.39%
  80016 67851       72.3621    56       77.0000       69.0000  1644143   10.39%
Elapsed time = 748.51 sec. (1464503.64 ticks, tree = 1942.88 MB, solutions = 31)
[runlim] sample:		1482.83 time, 750.02 real, 2354 MB, 2.13 load
  80419 68080       71.4613    51       77.0000       69.0000  1650449   10.39%
  80832 68458       74.3193    48       77.0000       69.0000  1656760   10.39%
  81100 68789       69.5425    75       77.0000       69.0000  1664474   10.39%
  81345 68940       73.0000    53       77.0000       69.0000  1668225   10.39%
  81579 69141       75.0000    40       77.0000       69.0000  1674674   10.39%
[runlim] sample:		1502.67 time, 760.02 real, 2361 MB, 2.11 load
  81875 69573       71.5158    71       77.0000       69.0000  1684331   10.39%
  82094 69605       70.1594    54       77.0000       69.0000  1685336   10.39%
  82319 69798       69.2447    86       77.0000       69.0000  1693491   10.39%
  82414 70023       69.7422    49       77.0000       69.0000  1698830   10.39%
  82484 70109       75.1918    52       77.0000       69.0000  1700336   10.39%
Elapsed time = 768.39 sec. (1502805.40 ticks, tree = 1962.19 MB, solutions = 31)
[runlim] sample:		1522.52 time, 770.02 real, 2375 MB, 2.09 load
  82610 70247       69.8719    64       77.0000       69.0000  1703677   10.39%
  82753 70345       69.0000    52       77.0000       69.0000  1704599   10.39%
  82881 70365       69.0071    81       77.0000       69.0000  1705377   10.39%
  83031 70632       70.3252    55       77.0000       69.0000  1711905   10.39%
[runlim] sample:		1542.38 time, 780.02 real, 2385 MB, 2.08 load
  83138 70679       69.0000    70       77.0000       69.0000  1714860   10.39%
  83424 70871       69.0000    70       77.0000       69.0000  1717313   10.39%
  83689 71123       76.4000    42       77.0000       69.0000  1723653   10.39%
  83790 71340       69.0000    68       77.0000       69.0000  1728050   10.39%
[runlim] sample:		1562.22 time, 790.02 real, 2380 MB, 2.06 load
  83965 71440       69.0000    68       77.0000       69.0000  1730071   10.39%
  84090 71548       69.0000    99       77.0000       69.0000  1737555   10.39%
Elapsed time = 791.72 sec. (1544490.20 ticks, tree = 1975.55 MB, solutions = 31)
  84361 71745       69.0000    65       77.0000       69.0000  1740975   10.39%
  84610 71868       76.0000    34       77.0000       69.0000  1745391   10.39%
  84831 72082       72.6512    67       77.0000       69.0000  1748269   10.39%
[runlim] sample:		1582.04 time, 800.01 real, 2390 MB, 2.05 load
  85030 72443       74.0178    48       77.0000       69.0000  1753267   10.39%
  85265 72540       69.5514    79       77.0000       69.0000  1754493   10.39%
  85540 72620       69.0000    66       77.0000       69.0000  1755138   10.39%
  85745 72937       69.0000   100       77.0000       69.0000  1759952   10.39%
[runlim] sample:		1601.86 time, 810.01 real, 2402 MB, 2.05 load
  85919 73172       71.9482    48       77.0000       69.0000  1763165   10.39%
  86054 73102       69.0638    57       77.0000       69.0000  1762946   10.39%
  86197 73233       69.1219    60       77.0000       69.0000  1764974   10.39%
Elapsed time = 814.50 sec. (1585523.65 ticks, tree = 1988.16 MB, solutions = 31)
  86503 73540       69.0000    59       77.0000       69.0000  1770383   10.39%
[runlim] sample:		1621.70 time, 820.02 real, 2409 MB, 2.12 load
  86868 73693       69.0965    69       77.0000       69.0000  1772272   10.39%
  87236 74223       69.3100    62       77.0000       69.0000  1780668   10.39%
  87549 74518       76.0000    39       77.0000       69.0000  1782438   10.39%
  87797 74618       76.0000    48       77.0000       69.0000  1784254   10.39%
  88092 75232       72.1390    57       77.0000       69.0000  1793568   10.39%
[runlim] sample:		1641.54 time, 830.02 real, 2422 MB, 2.10 load
  88260 75045       73.8150    44       77.0000       69.0000  1790941   10.39%
  88610 75524       74.0000    57       77.0000       69.0000  1799158   10.39%
  88836 75651       71.1734    48       77.0000       69.0000  1802901   10.39%
  89147 75975       69.4121    59       77.0000       69.0000  1807447   10.39%
Elapsed time = 834.70 sec. (1626050.17 ticks, tree = 2014.39 MB, solutions = 31)
  89320 76152       72.9600    46       77.0000       69.0000  1812533   10.39%
  89554 76387       72.0000    46       77.0000       69.0000  1817448   10.39%
[runlim] sample:		1661.39 time, 840.02 real, 2438 MB, 2.41 load
  89897 76604       69.3952    82       77.0000       69.0000  1820641   10.39%
  90327 76783       73.0000    80       77.0000       69.0000  1823703   10.39%
  90502 77173       71.2225    53       77.0000       69.0000  1830207   10.39%
  90804 77548       75.8000    54       77.0000       69.0000  1840995   10.39%
  91090 77622       69.2437    77       77.0000       69.0000  1841919   10.39%
[runlim] sample:		1681.24 time, 850.02 real, 2450 MB, 2.42 load
  91340 77871       69.0779    95       77.0000       69.0000  1848092   10.39%
  91678 78207       72.2500    45       77.0000       69.0000  1852745   10.39%
  91913 78537       74.9095    50       77.0000       69.0000  1858248   10.39%
Elapsed time = 854.81 sec. (1666919.15 ticks, tree = 2036.38 MB, solutions = 31)
  92055 78716       76.7761    46       77.0000       69.0000  1861503   10.39%
  92335 78918       69.2904    71       77.0000       69.0000  1868906   10.39%
[runlim] sample:		1701.08 time, 860.02 real, 2465 MB, 2.35 load
  92554 79029       71.4457    54       77.0000       69.0000  1871262   10.39%
  92727 79347       76.3434    63       77.0000       69.0000  1884149   10.39%
  93006 79429       69.0076   100       77.0000       69.0000  1886682   10.39%
  93303 79588       69.0035   103       77.0000       69.0000  1891348   10.39%
[runlim] sample:		1720.89 time, 870.02 real, 2475 MB, 2.30 load
  93610 79928       69.0138   113       77.0000       69.0000  1901811   10.39%
  93849 80232       74.0000    62       77.0000       69.0000  1909930   10.39%
  94064 80533       69.0000    56       77.0000       69.0000  1916619   10.39%
  94359 80732        cutoff             77.0000       69.0000  1921632   10.39%
Elapsed time = 875.55 sec. (1707130.95 ticks, tree = 2054.11 MB, solutions = 31)
  94532 80680       69.1506    99       77.0000       69.0000  1923336   10.39%
[runlim] sample:		1740.73 time, 880.02 real, 2481 MB, 2.25 load
  94827 81092       75.0000    34       77.0000       69.0000  1931499   10.39%
  94959 81191       74.5920    53       77.0000       69.0000  1935116   10.39%
  95005 81320       72.2754    71       77.0000       69.0000  1944682   10.39%
  95277 81550       74.0000    49       77.0000       69.0000  1951380   10.39%
  95591 81506       69.0000   116       77.0000       69.0000  1948647   10.39%
[runlim] sample:		1760.57 time, 890.02 real, 2486 MB, 2.21 load
  95648 81696       69.0420    93       77.0000       69.0000  1955018   10.39%
  96008 82043       69.0685    95       77.0000       69.0000  1965327   10.39%
  96390 82415       74.1915    44       77.0000       69.0000  1975096   10.39%
  96575 82660       74.7175    42       77.0000       69.0000  1978848   10.39%
Elapsed time = 895.23 sec. (1745940.82 ticks, tree = 2072.26 MB, solutions = 31)
Nodefile size = 16.24 MB (11.55 MB after compression)
  96860 82781       69.7613    64       77.0000       69.0000  1982440   10.39%
[runlim] sample:		1780.40 time, 900.02 real, 2489 MB, 2.18 load
  97099 82870       69.2560    68       77.0000       69.0000  1983867   10.39%
  97213 83108       74.0000    40       77.0000       69.0000  1988139   10.39%
  97466 83460       69.0209    88       77.0000       69.0000  1994937   10.39%
  97684 83517       72.7838    59       77.0000       69.0000  1996055   10.39%
  97905 83819       76.0000    49       77.0000       69.0000  2001143   10.39%
[runlim] sample:		1800.24 time, 910.02 real, 2506 MB, 2.15 load
  98241 83948       69.0000    47       77.0000       69.0000  2003437   10.39%
  98598 84145       73.4089    42       77.0000       69.0000  2005978   10.39%
  98917 84373       74.0000    46       77.0000       69.0000  2008331   10.39%
  99225 84719       75.0299    42       77.0000       69.0000  2013602   10.39%
Elapsed time = 915.04 sec. (1786253.98 ticks, tree = 2088.70 MB, solutions = 31)
Nodefile size = 33.83 MB (24.04 MB after compression)
  99412 85067       69.1605    44       77.0000       69.0000  2017490   10.39%
[runlim] sample:		1820.10 time, 920.02 real, 2510 MB, 2.13 load
  99635 85167       69.0385    60       77.0000       69.0000  2019297   10.39%
  99829 85496       69.5401    46       77.0000       69.0000  2023843   10.39%
 100050 85840       69.4349    54       77.0000       69.0000  2029368   10.39%
 100320 86047       70.3247    49       77.0000       69.0000  2032750   10.39%
[runlim] sample:		1839.90 time, 930.02 real, 2534 MB, 2.11 load
 100430 86098       69.1804    47       77.0000       69.0000  2033655   10.39%
 100685 86435       69.0194    78       77.0000       69.0000  2042341   10.39%
 100793 86379       70.8957    54       77.0000       69.0000  2039885   10.39%
 100925 86555       74.3966    51       77.0000       69.0000  2044645   10.39%
[runlim] sample:		1859.76 time, 940.02 real, 2531 MB, 2.09 load
 100975 86657       73.4419    58       77.0000       69.0000  2047245   10.39%
Elapsed time = 938.91 sec. (1828711.13 ticks, tree = 2106.37 MB, solutions = 31)
Nodefile size = 52.51 MB (38.38 MB after compression)
 101135 86794       76.0000    36       77.0000       69.0000  2049686   10.39%
 101233 86801       69.3921    76       77.0000       69.0000  2050347   10.39%
 101381 86918       69.4130    80       77.0000       69.0000  2053818   10.39%
[runlim] sample:		1879.61 time, 950.01 real, 2536 MB, 2.15 load
 101502 87133       74.5570    52       77.0000       69.0000  2058622   10.39%
 101660 87256       72.9915    76       77.0000       69.0000  2061723   10.39%
 101786 87284       69.0000    99       77.0000       69.0000  2062770   10.39%
 101921 87427       72.7500    79       77.0000       69.0000  2066401   10.39%
[runlim] sample:		1899.47 time, 960.02 real, 2557 MB, 2.13 load
 102019 87575       69.0000    85       77.0000       69.0000  2070983   10.39%
 102258 87830       76.5385    52       77.0000       69.0000  2077609   10.39%
 102412 87829       72.7931    45       77.0000       69.0000  2077091   10.39%
Elapsed time = 963.89 sec. (1872084.84 ticks, tree = 2116.24 MB, solutions = 31)
Nodefile size = 60.83 MB (44.11 MB after compression)
 102570 88029       70.1285    42       77.0000       69.0000  2081734   10.39%
 102649 88103       70.1457    58       77.0000       69.0000  2082646   10.39%
[runlim] sample:		1919.32 time, 970.02 real, 2550 MB, 2.19 load
 102792 88134       69.0000    84       77.0000       69.0000  2083195   10.39%
 102964 88447       75.0000    42       77.0000       69.0000  2090708   10.39%
 103061 88464       69.0022    87       77.0000       69.0000  2091501   10.39%
[runlim] sample:		1939.17 time, 980.02 real, 2560 MB, 2.16 load
 103213 88662       70.9925    53       77.0000       69.0000  2096123   10.39%
 103407 88815       71.3508    57       77.0000       69.0000  2100778   10.39%
 103605 88911       75.0000    58       77.0000       69.0000  2102654   10.39%
 103748 89136       73.4862    51       77.0000       69.0000  2107177   10.39%
 103909 89128       75.0000    77       77.0000       69.0000  2108104   10.39%
Elapsed time = 988.33 sec. (1914894.74 ticks, tree = 2128.72 MB, solutions = 31)
Nodefile size = 74.39 MB (53.07 MB after compression)
[runlim] sample:		1956.97 time, 990.02 real, 2593 MB, 2.37 load
 104190 89489       72.4701    66       77.0000       69.0000  2116090   10.39%
 104272 89452       69.7290    64       77.0000       69.0000  2115676   10.39%
 104564 89837       75.0000    48       77.0000       69.0000  2122702   10.39%
 104749 89879       69.0137    77       77.0000       69.0000  2124717   10.39%
 105197 90237       75.0000    36       77.0000       69.0000  2130873   10.39%
[runlim] sample:		1976.79 time, 1000.02 real, 2599 MB, 2.32 load
 105424 90597       76.0000    39       77.0000       69.0000  2138606   10.39%
 105644 90820       74.2632    54       77.0000       69.0000  2143778   10.39%
 105776 90726       69.0000    95       77.0000       69.0000  2141956   10.39%
 105905 90974       70.5000    72       77.0000       69.0000  2150956   10.39%
 106075 91227       69.2810    82       77.0000       69.0000  2156874   10.39%
Elapsed time = 1007.91 sec. (1953505.66 ticks, tree = 2146.27 MB, solutions = 31)
Nodefile size = 91.36 MB (64.61 MB after compression)
[runlim] sample:		1996.65 time, 1010.02 real, 2603 MB, 2.27 load
 106167 91243       74.0000    42       77.0000       69.0000  2160635   10.39%
 106336 91355       69.0000   125       77.0000       69.0000  2165123   10.39%
 106445 91557       69.1929    86       77.0000       69.0000  2171370   10.39%
 106643 91724       69.0060    67       77.0000       69.0000  2177453   10.39%
 106885 91935       69.0000    79       77.0000       69.0000  2183980   10.39%
[runlim] sample:		2016.49 time, 1020.02 real, 2606 MB, 2.23 load
 107196 92139       75.0000    35       77.0000       69.0000  2188137   10.39%
 107420 92329       71.9532    70       77.0000       69.0000  2192962   10.39%
 107622 92555       76.0000    37       77.0000       69.0000  2196907   10.39%
 107835 92709       74.0000    51       77.0000       69.0000  2200564   10.39%
 108151 93021       75.2742    50       77.0000       69.0000  2208479   10.39%
Elapsed time = 1027.72 sec. (1993095.05 ticks, tree = 2161.54 MB, solutions = 31)
Nodefile size = 105.95 MB (76.39 MB after compression)
[runlim] sample:		2036.32 time, 1030.02 real, 2611 MB, 2.19 load
 108331 93145       71.1588    59       77.0000       69.0000  2212275   10.39%
 108580 93318       74.0000    41       77.0000       69.0000  2214229   10.39%
 108755 93426       76.0000    53       77.0000       69.0000  2220586   10.39%
 108896 93520       73.6000    44       77.0000       69.0000  2224780   10.39%
 109111 93837       69.3440    84       77.0000       69.0000  2231051   10.39%
[runlim] sample:		2056.17 time, 1040.02 real, 2614 MB, 2.16 load
 109297 93881       75.0000    51       77.0000       69.0000  2232477   10.39%
 109481 94210       76.2642    48       77.0000       69.0000  2241349   10.39%
 109824 94351       69.7044    63       77.0000       69.0000  2245310   10.39%
 109935 94545       75.0000    55       77.0000       69.0000  2249161   10.39%
 110131 94868       70.9103    62       77.0000       69.0000  2258467   10.39%
Elapsed time = 1047.66 sec. (2031351.10 ticks, tree = 2179.29 MB, solutions = 31)
Nodefile size = 124.00 MB (88.75 MB after compression)
[runlim] sample:		2075.99 time, 1050.02 real, 2617 MB, 2.14 load
 110499 95074       69.4070    67       77.0000       69.0000  2262653   10.39%
 110778 95442       71.5714   121       77.0000       69.0000  2272670   10.39%
 111061 95540       75.0000    48       77.0000       69.0000  2279689   10.39%
 111253 95623       69.1468    71       77.0000       69.0000  2284151   10.39%
 111562 96096       69.2488    59       77.0000       69.0000  2294706   10.39%
[runlim] sample:		2095.84 time, 1060.02 real, 2624 MB, 2.19 load
 111726 96385       76.0000    31       77.0000       69.0000  2302804   10.39%
 111805 96386       69.1482    88       77.0000       69.0000  2303084   10.39%
 112132 96657       69.2035    84       77.0000       69.0000  2309832   10.39%
 112395 96572       69.0562   103       77.0000       69.0000  2310497   10.39%
 112673 96874       69.0686    71       77.0000       69.0000  2318156   10.39%
Elapsed time = 1067.62 sec. (2070893.81 ticks, tree = 2193.64 MB, solutions = 31)
Nodefile size = 138.01 MB (97.52 MB after compression)
[runlim] sample:		2115.68 time, 1070.02 real, 2630 MB, 2.24 load
 113024 97296       76.0000    44       77.0000       69.0000  2328566   10.39%
 113109 97391       72.4430    58       77.0000       69.0000  2330149   10.39%
 113347 97536       75.5493    48       77.0000       69.0000  2335152   10.39%
 113588 97908       69.0000    66       77.0000       69.0000  2345914   10.39%
[runlim] sample:		2135.53 time, 1080.02 real, 2635 MB, 2.28 load
 113785 98095       75.0000    40       77.0000       69.0000  2356037   10.39%
 114123 98347       76.0000    42       77.0000       69.0000  2360522   10.39%
 114431 98723       69.0000    60       77.0000       69.0000  2374198   10.39%
 114572 98754       74.0000    43       77.0000       69.0000  2375851   10.39%
 114699 98820       69.2164    63       77.0000       69.0000  2377376   10.39%
[runlim] sample:		2155.37 time, 1090.02 real, 2640 MB, 2.23 load
 114953 99037       69.2288    64       77.0000       69.0000  2381275   10.39%
Elapsed time = 1090.03 sec. (2114302.40 ticks, tree = 2214.68 MB, solutions = 31)
Nodefile size = 159.52 MB (112.13 MB after compression)
 115273 99348       73.0000    32       77.0000       69.0000  2389812   10.39%
 115560 99445       69.8323    88       77.0000       69.0000  2393189   10.39%
 115877 99854       69.0038    63       77.0000       69.0000  2406105   10.39%
[runlim] sample:		2175.18 time, 1100.02 real, 2637 MB, 2.35 load
 116259 100023       74.0000    83       77.0000       69.0000  2409802   10.39%
 116527 100324       69.0000    76       77.0000       69.0000  2418370   10.39%
 116798 100745        cutoff             77.0000       69.0000  2431902   10.39%
 117207 100938       74.0380    43       77.0000       69.0000  2435428   10.39%
[runlim] sample:		2194.98 time, 1110.02 real, 2655 MB, 2.30 load
 117467 101214       69.0000    71       77.0000       69.0000  2441854   10.39%
 117804 101671       70.7477    46       77.0000       69.0000  2455327   10.39%
 118084 101855       69.4212    81       77.0000       69.0000  2460432   10.39%
Elapsed time = 1113.44 sec. (2160614.12 ticks, tree = 2239.29 MB, solutions = 31)
Nodefile size = 185.95 MB (127.86 MB after compression)
 118294 102205       69.0437   101       77.0000       69.0000  2466399   10.39%
 118553 102386       72.0000    42       77.0000       69.0000  2474807   10.39%
[runlim] sample:		2214.82 time, 1120.02 real, 2685 MB, 2.25 load
 118850 102525       75.0000    37       77.0000       69.0000  2479603   10.39%
 119174 102901       70.0444    40       77.0000       69.0000  2487448   10.39%
 119491 103217       70.9177    94       77.0000       69.0000  2494002   10.39%
 119769 103359       70.7062   102       77.0000       69.0000  2497550   10.39%
 120166 103760       75.0000    45       77.0000       69.0000  2506880   10.39%
 120565 104024       72.5665    50       77.0000       69.0000  2514420   10.39%
[runlim] sample:		2234.66 time, 1130.02 real, 2693 MB, 2.21 load
 120777 104344       74.0000   115       77.0000       69.0000  2519819   10.39%
 120921 104471       76.1814    47       77.0000       69.0000  2523095   10.39%
Elapsed time = 1132.53 sec. (2200066.58 ticks, tree = 2261.15 MB, solutions = 31)
Nodefile size = 207.23 MB (139.66 MB after compression)
 121276 104851       71.6936    53       77.0000       69.0000  2532382   10.39%
 121655 105010       76.1191    57       77.0000       69.0000  2535557   10.39%
 121803 105063       74.0000    52       77.0000       69.0000  2536577   10.39%
[runlim] sample:		2254.50 time, 1140.02 real, 2698 MB, 2.18 load
 121829 105298       69.0330    81       77.0000       69.0000  2542903   10.39%
 122053 105528       69.0353    87       77.0000       69.0000  2546849   10.39%
 122442 105766       71.9851    51       77.0000       69.0000  2552755   10.39%
 122794 106062       72.0308    66       77.0000       69.0000  2558190   10.39%
 123017 106233       72.0000    47       77.0000       69.0000  2561814   10.39%
[runlim] sample:		2274.35 time, 1150.02 real, 2699 MB, 2.15 load
 123366 106517       74.1109    48       77.0000       69.0000  2565570   10.39%
 123687 106679       76.0000    42       77.0000       69.0000  2568759   10.39%
Elapsed time = 1151.89 sec. (2238293.09 ticks, tree = 2281.47 MB, solutions = 31)
Nodefile size = 223.97 MB (149.37 MB after compression)
 123957 107380       76.0000    41       77.0000       69.0000  2583433   10.39%
 124280 107288       69.0057    88       77.0000       69.0000  2582620   10.39%
 124557 107952       75.0000    51       77.0000       69.0000  2598074   10.39%
[runlim] sample:		2294.18 time, 1160.02 real, 2705 MB, 2.13 load
 124860 107630       75.0000    58       77.0000       69.0000  2593191   10.39%
 125140 108133       69.2280    84       77.0000       69.0000  2604083   10.39%
 125426 108299       73.8779    55       77.0000       69.0000  2608564   10.39%
 125721 108926       69.0467    62       77.0000       69.0000  2623215   10.39%
 125901 108886       75.0000    52       77.0000       69.0000  2620417   10.39%
[runlim] sample:		2314.00 time, 1170.02 real, 2717 MB, 2.11 load
 126180 109408       74.0000    44       77.0000       69.0000  2636356   10.39%
 126537 109570       69.0000    98       77.0000       69.0000  2639939   10.39%
Elapsed time = 1171.19 sec. (2276778.89 ticks, tree = 2305.94 MB, solutions = 31)
Nodefile size = 250.52 MB (161.10 MB after compression)
 126823 109749       73.0000    62       77.0000       69.0000  2645960   10.39%
 127070 110086       75.0000    47       77.0000       69.0000  2654661   10.39%
 127379 110468       76.0000    54       77.0000       69.0000  2664132   10.39%
 127803 110671       71.5073    66       77.0000       69.0000  2668330   10.39%
[runlim] sample:		2333.85 time, 1180.02 real, 2722 MB, 2.09 load
 128013 110897       75.0526    37       77.0000       69.0000  2674688   10.39%
 128217 110931       69.4514    72       77.0000       69.0000  2676165   10.39%
 128530 111292       72.4073    66       77.0000       69.0000  2685108   10.39%
 128967 111740       69.0388    89       77.0000       69.0000  2695620   10.39%
 129290 111875       76.1024    59       77.0000       69.0000  2698112   10.39%
[runlim] sample:		2353.69 time, 1190.02 real, 2731 MB, 2.16 load
 129463 112365       69.0000   117       77.0000       69.0000  2709905   10.39%
Elapsed time = 1191.44 sec. (2317034.14 ticks, tree = 2329.93 MB, solutions = 31)
Nodefile size = 277.74 MB (178.18 MB after compression)
 129752 112451       75.7189    46       77.0000       69.0000  2711891   10.39%
 130158 112619       72.9408    48       77.0000       69.0000  2715993   10.39%
 130531 113076       72.4729    49       77.0000       69.0000  2725350   10.39%
[runlim] sample:		2373.53 time, 1200.02 real, 2738 MB, 2.21 load
 130802 113206       69.0000    89       77.0000       69.0000  2728235   10.39%
 131071 113849       73.5782    57       77.0000       69.0000  2745300   10.39%
 131502 113874       71.1618    42       77.0000       69.0000  2744375   10.39%
 131838 114242       70.4033    61       77.0000       69.0000  2755027   10.39%
 132098 114734       75.0909    51       77.0000       69.0000  2767811   10.39%
 132381 114886       72.3794    43       77.0000       69.0000  2769417   10.39%
[runlim] sample:		2393.35 time, 1210.02 real, 2747 MB, 2.17 load
 132823 115113       75.0000    43       77.0000       69.0000  2772677   10.39%
Elapsed time = 1209.97 sec. (2356447.06 ticks, tree = 2354.55 MB, solutions = 31)
Nodefile size = 299.93 MB (191.98 MB after compression)
 133202 115390       69.0467    69       77.0000       69.0000  2784512   10.39%
 133587 115722       76.0000    29       77.0000       69.0000  2787774   10.39%
 134007 116240       73.6709    56       77.0000       69.0000  2801207   10.39%
 134090 116246       69.0000    60       77.0000       69.0000  2801375   10.39%
[runlim] sample:		2413.20 time, 1220.02 real, 2752 MB, 2.23 load
 134312 116515       76.0000    48       77.0000       69.0000  2807630   10.39%
 134765 116867       75.0000    39       77.0000       69.0000  2814065   10.39%
 135007 117102       75.0000    43       77.0000       69.0000  2819464   10.39%
 135340 117512       76.0000    34       77.0000       69.0000  2828528   10.39%
 135655 117702       69.0746    59       77.0000       69.0000  2832891   10.39%
[runlim] sample:		2433.02 time, 1230.02 real, 2769 MB, 2.19 load
 135961 118193       71.5399    48       77.0000       69.0000  2846832   10.39%
Elapsed time = 1229.60 sec. (2395805.38 ticks, tree = 2382.60 MB, solutions = 31)
Nodefile size = 327.26 MB (208.28 MB after compression)
 136254 118381       69.6765    85       77.0000       69.0000  2853076   10.39%
 136537 118498       73.0508    50       77.0000       69.0000  2858104   10.39%
 136886 118900       72.6872    40       77.0000       69.0000  2860365   10.39%
 137147 118974       75.2803    45       77.0000       69.0000  2870694   10.39%
[runlim] sample:		2452.85 time, 1240.02 real, 2792 MB, 2.16 load
 137600 119481       76.0000    41       77.0000       69.0000  2879236   10.39%
 137885 119773       69.9908    54       77.0000       69.0000  2887852   10.39%
 138314 120270       76.0000    41       77.0000       69.0000  2895760   10.39%
 138609 120079       76.1764    70       77.0000       69.0000  2897829   10.39%
 138794 120490       71.9364    45       77.0000       69.0000  2902443   10.39%
[runlim] sample:		2472.70 time, 1250.02 real, 2801 MB, 2.14 load
 139058 120741       69.0000    70       77.0000       69.0000  2910814   10.39%
Elapsed time = 1251.02 sec. (2438271.91 ticks, tree = 2404.23 MB, solutions = 31)
Nodefile size = 350.35 MB (221.80 MB after compression)
 139413 121206       69.6846    64       77.0000       69.0000  2922201   10.39%
 139751 121354       70.2391    63       77.0000       69.0000  2925991   10.39%
 140059 121578       69.5754    68       77.0000       69.0000  2932503   10.39%
 140314 121940       74.7054    52       77.0000       69.0000  2940045   10.39%
[runlim] sample:		2492.55 time, 1260.02 real, 2806 MB, 2.12 load
 140532 122343       72.0114    66       77.0000       69.0000  2950290   10.39%
 140884 122477       76.0000    31       77.0000       69.0000  2953734   10.39%
 141243 122624       70.0817    78       77.0000       69.0000  2958735   10.39%
 141677 122869       75.2500    54       77.0000       69.0000  2961439   10.39%
 141954 123290       75.0000    48       77.0000       69.0000  2972955   10.39%
 142413 123512       70.4222    49       77.0000       69.0000  2973963   10.39%
Elapsed time = 1268.53 sec. (2476554.17 ticks, tree = 2428.43 MB, solutions = 31)
Nodefile size = 372.89 MB (235.90 MB after compression)
[runlim] sample:		2512.38 time, 1270.02 real, 2816 MB, 2.10 load
 142710 123932       69.5621    62       77.0000       69.0000  2984301   10.39%
 142961 124169       69.0000   107       77.0000       69.0000  2987141   10.39%
 143215 124525       75.1765    41       77.0000       69.0000  2997239   10.39%
 143459 124916       76.0000    30       77.0000       69.0000  3005144   10.39%
 143788 125064       69.0000    81       77.0000       69.0000  3008449   10.39%
[runlim] sample:		2532.22 time, 1280.02 real, 2822 MB, 2.16 load
 144162 125221       74.0000    49       77.0000       69.0000  3013260   10.39%
 144367 125592       73.0000    57       77.0000       69.0000  3022395   10.39%
 144776 126131       73.0000    36       77.0000       69.0000  3033961   10.39%
 144984 126277       73.0000    48       77.0000       69.0000  3036849   10.39%
 145306 126318       75.4699    48       77.0000       69.0000  3037585   10.39%
Elapsed time = 1286.87 sec. (2514960.50 ticks, tree = 2453.76 MB, solutions = 31)
Nodefile size = 399.72 MB (251.26 MB after compression)
[runlim] sample:		2552.04 time, 1290.01 real, 2832 MB, 2.14 load
 145413 126418       72.2849    51       77.0000       69.0000  3039100   10.39%
 145544 126723        cutoff             77.0000       69.0000  3044530   10.39%
 145906 126927       73.1074    55       77.0000       69.0000  3048012   10.39%
 146232 127194       70.7451    54       77.0000       69.0000  3053856   10.39%
 146579 127337       74.9098    67       77.0000       69.0000  3057330   10.39%
 146838 127671       69.0086    68       77.0000       69.0000  3063864   10.39%
[runlim] sample:		2571.86 time, 1300.02 real, 2843 MB, 2.12 load
 147196 127916       71.5000    55       77.0000       69.0000  3069465   10.39%
 147522 128274       70.0076    63       77.0000       69.0000  3077242   10.39%
 147856 128563       74.1543    49       77.0000       69.0000  3084835   10.39%
 148095 128988       73.9015    51       77.0000       69.0000  3094057   10.39%
Elapsed time = 1305.38 sec. (2553473.56 ticks, tree = 2477.98 MB, solutions = 31)
Nodefile size = 424.17 MB (268.01 MB after compression)
 148452 128934       71.0000    90       77.0000       69.0000  3091166   10.39%
 148816 129415       72.1037    63       77.0000       69.0000  3103351   10.39%
[runlim] sample:		2591.72 time, 1310.02 real, 2853 MB, 2.10 load
 149196 129794       70.4258    85       77.0000       69.0000  3109598   10.39%
 149503 129893       69.4048    61       77.0000       69.0000  3111029   10.39%
 149726 130368       70.9358    57       77.0000       69.0000  3123025   10.39%
 150065 130627       69.0972    74       77.0000       69.0000  3128941   10.39%
 150352 130832       74.0000    77       77.0000       69.0000  3135639   10.39%
[runlim] sample:		2611.57 time, 1320.02 real, 2873 MB, 2.16 load
 150756 131027       73.0000    43       77.0000       69.0000  3138967   10.39%
 151096 131404       70.6052    58       77.0000       69.0000  3143935   10.39%
 151392 131695       76.0000    28       77.0000       69.0000  3149415   10.39%
Elapsed time = 1322.61 sec. (2591722.48 ticks, tree = 2502.35 MB, solutions = 31)
Nodefile size = 447.04 MB (283.02 MB after compression)
 151695 131884       71.6544    64       77.0000       69.0000  3153260   10.39%
 152088 132419       73.4051    64       77.0000       69.0000  3163379   10.39%
 152350 132660       73.0000    49       77.0000       69.0000  3170103   10.39%
[runlim] sample:		2631.40 time, 1330.02 real, 2885 MB, 2.14 load
 152500 132715       75.0000    64       77.0000       69.0000  3174180   10.39%
 152674 132908       69.6032    65       77.0000       69.0000  3178029   10.39%
 152941 133210       76.0000    50       77.0000       69.0000  3185496   10.39%
 153357 133577       74.0000    39       77.0000       69.0000  3193586   10.39%
 153752 133762       70.8258    51       77.0000       69.0000  3196891   10.39%
[runlim] sample:		2651.24 time, 1340.02 real, 2891 MB, 2.12 load
 153893 133940       69.3143    65       77.0000       69.0000  3201164   10.39%
 154288 134149       70.8813    60       77.0000       69.0000  3204680   10.39%
Elapsed time = 1340.89 sec. (2629939.42 ticks, tree = 2522.31 MB, solutions = 31)
Nodefile size = 465.67 MB (294.54 MB after compression)
 154413 134549       69.2516    63       77.0000       69.0000  3213367   10.39%
 154620 134727       74.3589    54       77.0000       69.0000  3217026   10.39%
 154924 134883       76.3478    40       77.0000       69.0000  3219614   10.39%
 155342 135217       75.0000    53       77.0000       69.0000  3227966   10.39%
[runlim] sample:		2671.05 time, 1350.02 real, 2905 MB, 2.17 load
 155689 135498       73.3224    67       77.0000       69.0000  3232922   10.39%
 155960 135585       75.9225    72       77.0000       69.0000  3235494   10.39%
 156226 136323       73.0000    51       77.0000       69.0000  3254545   10.39%
 156422 136076       69.0000   110       77.0000       69.0000  3251514   10.39%
 156699 136555       70.7813    44       77.0000       69.0000  3263711   10.39%
[runlim] sample:		2690.88 time, 1360.02 real, 2915 MB, 2.15 load
 156952 136725       72.7474    55       77.0000       69.0000  3268056   10.39%
Elapsed time = 1359.96 sec. (2668491.19 ticks, tree = 2545.58 MB, solutions = 31)
Nodefile size = 489.29 MB (309.53 MB after compression)
 157277 136922       72.1193    47       77.0000       69.0000  3277682   10.39%
 157635 137519       74.0000    59       77.0000       69.0000  3288490   10.39%
 158016 137531       73.5852    48       77.0000       69.0000  3287658   10.39%
 158321 138225       76.0000    48       77.0000       69.0000  3302851   10.39%
[runlim] sample:		2710.71 time, 1370.02 real, 2928 MB, 2.12 load
 158525 138007       69.2339    98       77.0000       69.0000  3298651   10.39%
 158843 138501       71.0700    52       77.0000       69.0000  3309488   10.39%
 159082 138628       69.0000    63       77.0000       69.0000  3313002   10.39%
 159403 139071       76.0000    33       77.0000       69.0000  3321219   10.39%
 159613 139324       75.8166    49       77.0000       69.0000  3330998   10.39%
[runlim] sample:		2730.56 time, 1380.01 real, 2931 MB, 2.10 load
 159871 139482       69.1791    82       77.0000       69.0000  3335333   10.39%
Elapsed time = 1380.07 sec. (2707832.21 ticks, tree = 2568.66 MB, solutions = 31)
Nodefile size = 512.45 MB (323.97 MB after compression)
 160082 139762       75.8166    77       77.0000       69.0000  3341634   10.39%
 160425 139923       69.6509    70       77.0000       69.0000  3345683   10.39%
 160929 140256       75.0000    42       77.0000       69.0000  3349168   10.39%
 161363 140704       69.0737    66       77.0000       69.0000  3359786   10.39%
[runlim] sample:		2750.39 time, 1390.01 real, 2938 MB, 2.09 load
 161611 140860       69.0679    67       77.0000       69.0000  3362009   10.39%
 162008 141432       74.0000    58       77.0000       69.0000  3371915   10.39%
 162502 141638       69.7679    70       77.0000       69.0000  3375479   10.39%
 162961 141851       70.2627    53       77.0000       69.0000  3377896   10.39%
 163304 142423       76.1111    52       77.0000       69.0000  3388310   10.39%
 163584 142615       76.1667    50       77.0000       69.0000  3390428   10.39%
Elapsed time = 1397.69 sec. (2747191.48 ticks, tree = 2596.64 MB, solutions = 31)
Nodefile size = 543.90 MB (340.51 MB after compression)
[runlim] sample:		2770.21 time, 1400.02 real, 2935 MB, 2.07 load
 164091 143176       70.1386    58       77.0000       69.0000  3400930   10.39%
 164473 143080       74.7260    62       77.0000       69.0000  3396873   10.39%
 164665 143456       69.0067    70       77.0000       69.0000  3404156   10.39%
 165012 144065       74.0000    47       77.0000       69.0000  3413023   10.39%
 165383 144457       69.0000    66       77.0000       69.0000  3419801   10.39%
 165768 144364       76.0000    52       77.0000       69.0000  3419590   10.39%
[runlim] sample:		2790.01 time, 1410.02 real, 2964 MB, 2.06 load
 166215 145298       73.2449    47       77.0000       69.0000  3436648   10.39%
 166559 145485       74.4051    38       77.0000       69.0000  3440128   10.39%
 166953 145113       76.0000    46       77.0000       69.0000  3432762   10.39%
 167407 146235       70.5124    64       77.0000       69.0000  3452742   10.39%
Elapsed time = 1415.50 sec. (2785420.00 ticks, tree = 2629.46 MB, solutions = 31)
Nodefile size = 573.65 MB (355.50 MB after compression)
 167783 146018       69.2089    64       77.0000       69.0000  3448696   10.39%
[runlim] sample:		2809.86 time, 1420.02 real, 2971 MB, 2.05 load
 168220 146631       76.5168    50       77.0000       69.0000  3460508   10.39%
 168587 147228       74.0000    47       77.0000       69.0000  3468740   10.39%
 168813 147250       69.8145    62       77.0000       69.0000  3470108   10.39%
 169198 147802       76.0000    47       77.0000       69.0000  3477914   10.39%
 169544 147910       72.0000    43       77.0000       69.0000  3479463   10.39%
[runlim] sample:		2829.68 time, 1430.02 real, 2982 MB, 2.04 load
 169867 148444       76.1417    69       77.0000       69.0000  3489390   10.39%
 170247 148659       71.2150    55       77.0000       69.0000  3494166   10.39%
 170674 148819       69.0850    66       77.0000       69.0000  3497697   10.39%
 170964 149188       69.1339    68       77.0000       69.0000  3504240   10.39%
Elapsed time = 1435.21 sec. (2825050.43 ticks, tree = 2654.87 MB, solutions = 31)
Nodefile size = 601.27 MB (370.02 MB after compression)
 171455 149419       69.1437    64       77.0000       69.0000  3507900   10.39%
 171896 149942       76.0000    40       77.0000       69.0000  3517283   10.39%
[runlim] sample:		2849.54 time, 1440.02 real, 2995 MB, 2.04 load
 172297 150482       75.0000    49       77.0000       69.0000  3527108   10.39%
 172647 150855       69.8004    59       77.0000       69.0000  3537218   10.39%
 172861 150683       71.0000    78       77.0000       69.0000  3532477   10.39%
 173265 151270       69.0624    78       77.0000       69.0000  3546131   10.39%
 173566 151570       75.1501    80       77.0000       69.0000  3554212   10.39%
[runlim] sample:		2869.36 time, 1450.02 real, 3006 MB, 2.10 load
 173835 151713       72.0365    61       77.0000       69.0000  3558979   10.39%
 174277 152268       71.0000    53       77.0000       69.0000  3572702   10.39%
 174402 152424       70.0302    61       77.0000       69.0000  3577123   10.39%
Elapsed time = 1453.64 sec. (2863290.98 ticks, tree = 2683.05 MB, solutions = 31)
Nodefile size = 630.10 MB (383.37 MB after compression)
 174538 152465       69.4544    60       77.0000       69.0000  3577504   10.39%
 174956 152985        cutoff             77.0000       69.0000  3587433   10.39%
[runlim] sample:		2889.21 time, 1460.02 real, 2998 MB, 2.09 load
 175485 153208       75.0000    44       77.0000       69.0000  3591146   10.39%
 175732 153210       73.0000    58       77.0000       69.0000  3593487   10.39%
 176049 153675       69.0091    85       77.0000       69.0000  3600652   10.39%
 176420 154203       72.8478    61       77.0000       69.0000  3612163   10.39%
 176804 154568       69.7442    62       77.0000       69.0000  3622228   10.39%
 177229 154631       69.7795    56       77.0000       69.0000  3618856   10.39%
[runlim] sample:		2909.01 time, 1470.02 real, 3004 MB, 2.07 load
 177659 154970       71.5000    51       77.0000       69.0000  3631152   10.39%
 177780 155493       75.6105    49       77.0000       69.0000  3641290   10.39%
Elapsed time = 1471.85 sec. (2902044.90 ticks, tree = 2711.75 MB, solutions = 31)
Nodefile size = 657.86 MB (393.79 MB after compression)
 178188 155931       75.0000    55       77.0000       69.0000  3648673   10.39%
 178623 156144       74.0000    52       77.0000       69.0000  3652255   10.39%
 178842 156285       69.0000    75       77.0000       69.0000  3658481   10.39%
[runlim] sample:		2928.84 time, 1480.02 real, 3033 MB, 2.06 load
 179292 156499       74.0000    49       77.0000       69.0000  3662497   10.39%
 179552 156987       74.9843    51       77.0000       69.0000  3676008   10.39%
 179779 156884       69.0000   113       77.0000       69.0000  3674329   10.39%
 179884 157337       76.5110    51       77.0000       69.0000  3687039   10.39%
 180013 157578       70.8241    64       77.0000       69.0000  3688255   10.39%
[runlim] sample:		2948.69 time, 1490.02 real, 3041 MB, 2.05 load
 180209 157758       71.2646    65       77.0000       69.0000  3692142   10.39%
 180555 157891       70.7082    55       77.0000       69.0000  3698030   10.39%
Elapsed time = 1491.09 sec. (2940984.10 ticks, tree = 2732.57 MB, solutions = 31)
Nodefile size = 677.76 MB (404.14 MB after compression)
 180831 158038       74.2143    45       77.0000       69.0000  3701175   10.39%
 181149 158709       74.0000    46       77.0000       69.0000  3721478   10.39%
 181498 158838       73.7500    48       77.0000       69.0000  3726335   10.39%
 181883 159453       72.8168    60       77.0000       69.0000  3740052   10.39%
[runlim] sample:		2968.50 time, 1500.02 real, 3049 MB, 2.04 load
 182141 159325       73.0000    34       77.0000       69.0000  3733310   10.39%
 182423 159645       69.0686    87       77.0000       69.0000  3744299   10.39%
 182661 160102       69.1190    64       77.0000       69.0000  3755948   10.39%
 183200 160353       72.2159    49       77.0000       69.0000  3760141   10.39%
 183593 160582       74.4028    42       77.0000       69.0000  3764096   10.39%
[runlim] sample:		2988.34 time, 1510.02 real, 3053 MB, 2.04 load
 184119 161200       76.0000    43       77.0000       69.0000  3777383   10.39%
Elapsed time = 1509.48 sec. (2979257.14 ticks, tree = 2761.56 MB, solutions = 31)
Nodefile size = 707.97 MB (421.23 MB after compression)
 184513 161392       76.0000    33       77.0000       69.0000  3781005   10.39%
 184664 161928       72.4286    59       77.0000       69.0000  3791434   10.39%
 185051 161690       75.0000    41       77.0000       69.0000  3786912   10.39%
 185339 161886       70.2444    92       77.0000       69.0000  3791107   10.39%
[runlim] sample:		3008.18 time, 1520.02 real, 3074 MB, 2.03 load
 185719 162500       69.2060    61       77.0000       69.0000  3803912   10.39%
 186046 162917       76.0000    46       77.0000       69.0000  3813365   10.39%
 186392 163090       69.3028    62       77.0000       69.0000  3818976   10.39%
 186763 163642       70.8027    65       77.0000       69.0000  3831247   10.39%
 187155 163766       69.8353    62       77.0000       69.0000  3833528   10.39%
[runlim] sample:		3027.99 time, 1530.02 real, 3084 MB, 2.02 load
 187413 164315       69.1116    86       77.0000       69.0000  3843417   10.39%
Elapsed time = 1529.52 sec. (3020691.85 ticks, tree = 2787.83 MB, solutions = 31)
Nodefile size = 734.25 MB (435.41 MB after compression)
 187697 164599       75.0000    42       77.0000       69.0000  3848251   10.39%
 188017 164787       73.9939    51       77.0000       69.0000  3852733   10.39%
 188484 165116       76.0000    47       77.0000       69.0000  3857956   10.39%
 188799 165304       76.0000    44       77.0000       69.0000  3862282   10.39%
 189227 165746       69.4902    61       77.0000       69.0000  3875622   10.39%
[runlim] sample:		3047.83 time, 1540.01 real, 3101 MB, 2.02 load
 189431 165916       74.0000    54       77.0000       69.0000  3880182   10.39%
 189756 166435       74.1358    59       77.0000       69.0000  3892496   10.39%
 189884 166078       69.4383    67       77.0000       69.0000  3885893   10.39%
 190248 166934       72.1003    57       77.0000       69.0000  3909209   10.39%
 190628 166854       76.0000    39       77.0000       69.0000  3901703   10.39%
Elapsed time = 1548.19 sec. (3058928.73 ticks, tree = 2810.88 MB, solutions = 31)
Nodefile size = 754.24 MB (443.90 MB after compression)
[runlim] sample:		3067.68 time, 1550.02 real, 3105 MB, 2.02 load
 190927 167269       69.0000    70       77.0000       69.0000  3917454   10.39%
 191344 167526       74.0000    64       77.0000       69.0000  3920815   10.39%
 191731 167927       71.0000    70       77.0000       69.0000  3936557   10.39%
 192035 168267       71.9186    53       77.0000       69.0000  3936364   10.39%
 192563 168711       70.8180    65       77.0000       69.0000  3948476   10.39%
[runlim] sample:		3087.52 time, 1560.02 real, 3112 MB, 2.01 load
 192996 169490       69.0000    64       77.0000       69.0000  3959657   10.39%
 193436 169709       71.3603    55       77.0000       69.0000  3963086   10.39%
 193750 169877       74.0000    82       77.0000       69.0000  3967402   10.39%
 194072 170304       74.1884    45       77.0000       69.0000  3976424   10.39%
 194501 170213       69.2843    81       77.0000       69.0000  3972975   10.39%
Elapsed time = 1566.63 sec. (3097273.91 ticks, tree = 2840.05 MB, solutions = 31)
Nodefile size = 783.79 MB (460.90 MB after compression)
 194806 170809       76.0000    64       77.0000       69.0000  3987136   10.39%
[runlim] sample:		3107.35 time, 1570.02 real, 3141 MB, 2.17 load
 195228 171041       72.6055    63       77.0000       69.0000  3990746   10.39%
 195312 171293       71.7500    52       77.0000       69.0000  3999277   10.39%
 195537 171466       69.7559    48       77.0000       69.0000  4003461   10.39%
 195907 171635       70.4093    78       77.0000       69.0000  4008511   10.39%
 196177 171960       73.0000    56       77.0000       69.0000  4019412   10.39%
[runlim] sample:		3127.20 time, 1580.02 real, 3145 MB, 2.14 load
 196545 172158       71.0046    49       77.0000       69.0000  4023733   10.39%
 196882 172791       70.2557    67       77.0000       69.0000  4035477   10.39%
 197121 173232       76.0000    54       77.0000       69.0000  4046676   10.39%
 197402 172869       76.0000    45       77.0000       69.0000  4043448   10.39%
Elapsed time = 1587.25 sec. (3135471.01 ticks, tree = 2863.76 MB, solutions = 31)
Nodefile size = 808.17 MB (475.60 MB after compression)
[runlim] sample:		3145.14 time, 1590.02 real, 3152 MB, 2.12 load
 197536 172979       75.0000    40       77.0000       69.0000  4047846   10.39%
 197713 173711       76.3333    46       77.0000       69.0000  4065909   10.39%
 197908 173834       70.3646    90       77.0000       69.0000  4070708   10.39%
 198166 174152       76.0000    45       77.0000       69.0000  4081174   10.39%
 198454 174260       69.1129    65       77.0000       69.0000  4086592   10.39%
[runlim] sample:		3164.93 time, 1600.02 real, 3146 MB, 2.17 load
 198873 174782       69.1189    68       77.0000       69.0000  4102083   10.39%
 199158 174927       76.7130    51       77.0000       69.0000  4106889   10.39%
 199610 175114       74.6255    50       77.0000       69.0000  4111077   10.39%
 199954 175701        cutoff             77.0000       69.0000  4122759   10.39%
 200146 175883       76.0208    66       77.0000       69.0000  4126692   10.39%
Elapsed time = 1607.28 sec. (3174830.36 ticks, tree = 2890.95 MB, solutions = 31)
Nodefile size = 834.45 MB (488.09 MB after compression)
[runlim] sample:		3184.76 time, 1610.02 real, 3160 MB, 2.15 load
 200500 175896       73.1860    56       77.0000       69.0000  4126046   10.39%
 200778 176336       69.6569    52       77.0000       69.0000  4141107   10.39%
 201145 176541       71.0000    79       77.0000       69.0000  4144747   10.39%
 201524 177080       69.0156    84       77.0000       69.0000  4159976   10.39%
 201830 176921       76.0000    26       77.0000       69.0000  4153952   10.39%
[runlim] sample:		3204.61 time, 1620.02 real, 3167 MB, 2.12 load
 202179 177484       76.0000    39       77.0000       69.0000  4167478   10.39%
 202313 177866       76.0000    51       77.0000       69.0000  4176173   10.39%
 202586 178041       75.0187    46       77.0000       69.0000  4179979   10.39%
 202995 178195       69.9291    63       77.0000       69.0000  4183895   10.39%
 203402 178508       75.3207    44       77.0000       69.0000  4189871   10.39%
Elapsed time = 1627.58 sec. (3216755.17 ticks, tree = 2912.39 MB, solutions = 31)
Nodefile size = 859.05 MB (500.32 MB after compression)
[runlim] sample:		3224.45 time, 1630.02 real, 3189 MB, 2.10 load
 203718 179026       69.0951    79       77.0000       69.0000  4201285   10.39%
 203998 179193       71.1769    72       77.0000       69.0000  4205377   10.39%
 204282 179675       75.4390    54       77.0000       69.0000  4216931   10.39%
 204710 179490       74.0000    44       77.0000       69.0000  4211948   10.39%
 205084 180125       75.0000    53       77.0000       69.0000  4224194   10.39%
[runlim] sample:		3244.30 time, 1640.02 real, 3204 MB, 2.09 load
 205330 180283       74.0000    62       77.0000       69.0000  4228294   10.39%
 205817 180746       70.0814    71       77.0000       69.0000  4235779   10.39%
 206115 180908       69.0113    72       77.0000       69.0000  4241287   10.39%
 206508 181149       73.0000    76       77.0000       69.0000  4245291   10.39%
 206811 181547       70.4186    68       77.0000       69.0000  4256135   10.39%
Elapsed time = 1645.51 sec. (3255028.46 ticks, tree = 2940.01 MB, solutions = 31)
Nodefile size = 885.45 MB (513.53 MB after compression)
 207087 182187       69.0011    84       77.0000       69.0000  4269130   10.39%
[runlim] sample:		3264.09 time, 1650.02 real, 3220 MB, 2.07 load
 207431 182038       69.0000    74       77.0000       69.0000  4265347   10.39%
 207848 182597       71.6618    62       77.0000       69.0000  4274678   10.39%
 208264 183061       69.1878    88       77.0000       69.0000  4288054   10.39%
 208542 182818       74.8597    66       77.0000       69.0000  4286852   10.39%
 208704 183343       69.0868    72       77.0000       69.0000  4296845   10.39%
[runlim] sample:		3283.94 time, 1660.02 real, 3235 MB, 2.06 load
 209009 183793       71.2876    54       77.0000       69.0000  4307956   10.39%
 209344 183969       74.0000    50       77.0000       69.0000  4312105   10.39%
 209688 184480       69.2307    60       77.0000       69.0000  4325110   10.39%
 209943 184562       74.7273    49       77.0000       69.0000  4326739   10.39%
Elapsed time = 1664.59 sec. (3293260.27 ticks, tree = 2965.51 MB, solutions = 31)
Nodefile size = 911.73 MB (527.58 MB after compression)
 210323 184881       74.7941    59       77.0000       69.0000  4332695   10.39%
 210513 185272       76.0000    52       77.0000       69.0000  4341713   10.39%
[runlim] sample:		3303.78 time, 1670.02 real, 3239 MB, 2.05 load
 210814 185358       75.0000    54       77.0000       69.0000  4343424   10.39%
 210948 185742       75.0000    61       77.0000       69.0000  4350772   10.39%
 211066 185776       75.0000    70       77.0000       69.0000  4352282   10.39%
 211164 185815       74.4142    75       77.0000       69.0000  4354417   10.39%
[runlim] sample:		3323.63 time, 1680.02 real, 3248 MB, 2.04 load
 211237 185879       75.0000    40       77.0000       69.0000  4355547   10.39%
 211393 185928       69.9878    57       77.0000       69.0000  4357217   10.39%
 211554 185992       72.0000    58       77.0000       69.0000  4358197   10.39%
 211647 186153       69.5948    67       77.0000       69.0000  4362928   10.39%
Elapsed time = 1686.60 sec. (3332855.14 ticks, tree = 2979.76 MB, solutions = 31)
Nodefile size = 927.26 MB (534.94 MB after compression)
 211797 186378       72.7308    60       77.0000       69.0000  4369116   10.39%
[runlim] sample:		3343.44 time, 1690.02 real, 3252 MB, 2.04 load
 211970 186352       76.0000    43       77.0000       69.0000  4367453   10.39%
 212165 186585       73.0000    42       77.0000       69.0000  4372150   10.39%
 212391 186905       71.1594    47       77.0000       69.0000  4380296   10.39%
 212525 186742       75.4286    53       77.0000       69.0000  4375522   10.39%
[runlim] sample:		3363.29 time, 1700.01 real, 3252 MB, 2.10 load
 212682 186759       69.0000   106       77.0000       69.0000  4376359   10.39%
 212843 187093       76.6667    49       77.0000       69.0000  4385886   10.39%
 213142 187411       71.3058    84       77.0000       69.0000  4393015   10.39%
 213286 187826       70.0000    82       77.0000       69.0000  4402314   10.39%
 213536 187597       69.0000   108       77.0000       69.0000  4399266   10.39%
Elapsed time = 1707.89 sec. (3372438.45 ticks, tree = 2991.81 MB, solutions = 31)
Nodefile size = 937.95 MB (539.89 MB after compression)
[runlim] sample:		3383.11 time, 1710.02 real, 3270 MB, 2.09 load
 213704 187708       74.0000    51       77.0000       69.0000  4402319   10.39%
 213909 188353       69.0782    73       77.0000       69.0000  4418676   10.39%
 214125 188389       69.0000    59       77.0000       69.0000  4419771   10.39%
 214408 188812       71.0149    50       77.0000       69.0000  4427793   10.39%
[runlim] sample:		3402.96 time, 1720.02 real, 3273 MB, 2.15 load
 214513 188548       69.7514    67       77.0000       69.0000  4423458   10.39%
 214710 188925       74.0000    45       77.0000       69.0000  4431946   10.39%
 214884 189147       69.0572    72       77.0000       69.0000  4437409   10.39%
 215233 189150       75.0380    43       77.0000       69.0000  4435590   10.39%
 215507 189352       70.4961    50       77.0000       69.0000  4438857   10.39%
 215859 190020       69.0000    55       77.0000       69.0000  4451675   10.39%
Elapsed time = 1728.68 sec. (3411946.70 ticks, tree = 3013.93 MB, solutions = 31)
Nodefile size = 959.74 MB (549.98 MB after compression)
[runlim] sample:		3422.80 time, 1730.02 real, 3272 MB, 2.13 load
 216110 189752       75.2505    46       77.0000       69.0000  4449945   10.39%
 216335 190267       76.1786    50       77.0000       69.0000  4455074   10.39%
 216733 190402       76.0000    45       77.0000       69.0000  4459807   10.39%
 217116 190869       71.6372    43       77.0000       69.0000  4465249   10.39%
 217392 191462       76.0000    38       77.0000       69.0000  4474111   10.39%
[runlim] sample:		3442.66 time, 1740.02 real, 3285 MB, 2.11 load
 217727 191543       70.0041    76       77.0000       69.0000  4475557   10.39%
 217987 191722       75.1888    54       77.0000       69.0000  4478594   10.39%
 218224 192161       74.0000    43       77.0000       69.0000  4487611   10.39%
 218670 192075       74.1224    59       77.0000       69.0000  4485906   10.39%
 218980 192587       73.1176    48       77.0000       69.0000  4493794   10.39%
Elapsed time = 1747.49 sec. (3450207.58 ticks, tree = 3036.01 MB, solutions = 31)
Nodefile size = 982.28 MB (562.21 MB after compression)
[runlim] sample:		3462.51 time, 1750.02 real, 3312 MB, 2.09 load
 219212 192743       72.6888    49       77.0000       69.0000  4497683   10.39%
 219472 192910       73.9348    52       77.0000       69.0000  4501322   10.39%
 219761 193316       70.3950    56       77.0000       69.0000  4504794   10.39%
 219831 193359       74.0000    55       77.0000       69.0000  4506089   10.39%
 220144 193517       69.0000    61       77.0000       69.0000  4509280   10.39%
 220437 193941       74.0000    42       77.0000       69.0000  4518300   10.39%
[runlim] sample:		3482.34 time, 1760.02 real, 3316 MB, 2.08 load
 220703 194140       72.6000    56       77.0000       69.0000  4521466   10.39%
 221055 194451       74.0000    40       77.0000       69.0000  4529321   10.39%
 221315 194713       76.4894    38       77.0000       69.0000  4531833   10.39%
 221618 195084       69.0008    79       77.0000       69.0000  4539194   10.39%
Elapsed time = 1766.21 sec. (3488490.99 ticks, tree = 3058.12 MB, solutions = 31)
Nodefile size = 1005.34 MB (574.49 MB after compression)
 221919 195305       71.1661    52       77.0000       69.0000  4542464   10.39%
[runlim] sample:		3502.15 time, 1770.01 real, 3317 MB, 2.06 load
 222208 195448       69.0000    61       77.0000       69.0000  4545278   10.39%
 222614 195673       74.0000    47       77.0000       69.0000  4548580   10.39%
 222858 196192       70.2266    58       77.0000       69.0000  4558265   10.39%
 223041 196441       71.3618    53       77.0000       69.0000  4563833   10.39%
 223367 196490       75.0000    35       77.0000       69.0000  4563740   10.39%
[runlim] sample:		3521.99 time, 1780.02 real, 3329 MB, 2.05 load
 223783 196932       74.0000    43       77.0000       69.0000  4572338   10.39%
 224148 197113       75.0000    48       77.0000       69.0000  4575383   10.39%
 224310 197452       69.0074    91       77.0000       69.0000  4584580   10.39%
 224689 197639       72.6385    52       77.0000       69.0000  4588604   10.39%
Elapsed time = 1785.73 sec. (3527849.02 ticks, tree = 3084.25 MB, solutions = 31)
Nodefile size = 1027.61 MB (585.67 MB after compression)
 225034 198162       70.7066    65       77.0000       69.0000  4598422   10.39%
[runlim] sample:		3541.83 time, 1790.01 real, 3341 MB, 2.05 load
 225172 198411       75.0000    50       77.0000       69.0000  4603226   10.39%
 225552 198737       70.6565    49       77.0000       69.0000  4610362   10.39%
 225960 198979       74.0870    44       77.0000       69.0000  4613280   10.39%
 226162 199098       74.8590    41       77.0000       69.0000  4619016   10.39%
 226509 199548       69.0007    83       77.0000       69.0000  4626629   10.39%
[runlim] sample:		3561.67 time, 1800.02 real, 3351 MB, 2.04 load
 226822 199670       69.0096    57       77.0000       69.0000  4631408   10.39%
 227101 199831       71.0000    76       77.0000       69.0000  4635175   10.39%
 227489 200478       72.1234    50       77.0000       69.0000  4647501   10.39%
 227652 200229       72.7124    49       77.0000       69.0000  4640436   10.39%
Elapsed time = 1804.78 sec. (3566124.28 ticks, tree = 3106.43 MB, solutions = 31)
Nodefile size = 1050.41 MB (595.23 MB after compression)
 227846 200601       75.0000    44       77.0000       69.0000  4649491   10.39%
 228002 201093       75.0000    60       77.0000       69.0000  4662060   10.39%
[runlim] sample:		3581.50 time, 1810.02 real, 3358 MB, 2.03 load
 228197 200846       74.0000    43       77.0000       69.0000  4657346   10.39%
 228603 201558       69.6034    63       77.0000       69.0000  4673896   10.39%
 228857 201736       75.0000    37       77.0000       69.0000  4677438   10.39%
 229189 201507       70.5486    62       77.0000       69.0000  4671003   10.39%
 229582 202024       74.0000    37       77.0000       69.0000  4684042   10.39%
[runlim] sample:		3601.35 time, 1820.02 real, 3366 MB, 2.11 load
 229880 202555       71.0000    84       77.0000       69.0000  4693997   10.39%
 230100 202680       69.0373    65       77.0000       69.0000  4698106   10.39%
 230344 202762       69.0768    88       77.0000       69.0000  4699674   10.39%
Elapsed time = 1824.30 sec. (3605041.85 ticks, tree = 3129.28 MB, solutions = 31)
Nodefile size = 1074.68 MB (605.83 MB after compression)
 230670 203136       74.0000    51       77.0000       69.0000  4708262   10.39%
 231069 203786       73.1453    55       77.0000       69.0000  4720462   10.39%
[runlim] sample:		3621.16 time, 1830.02 real, 3376 MB, 2.09 load
 231371 203707       76.0000    46       77.0000       69.0000  4717567   10.39%
 231616 203983       69.1391    98       77.0000       69.0000  4725230   10.39%
 232017 204567       73.4328    56       77.0000       69.0000  4736334   10.39%
 232261 204407        cutoff             77.0000       69.0000  4732778   10.39%
 232678 204940       70.0713    48       77.0000       69.0000  4743037   10.39%
[runlim] sample:		3640.99 time, 1840.02 real, 3384 MB, 2.08 load
 232979 205459       74.0000    47       77.0000       69.0000  4753266   10.39%
 233264 205523       71.2491    65       77.0000       69.0000  4755336   10.39%
 233576 206043       75.0000    42       77.0000       69.0000  4766584   10.39%
Elapsed time = 1842.93 sec. (3643326.92 ticks, tree = 3157.11 MB, solutions = 31)
Nodefile size = 1104.00 MB (619.62 MB after compression)
 233883 206260       69.3185    87       77.0000       69.0000  4770480   10.39%
 234154 206350       69.3435    66       77.0000       69.0000  4774834   10.39%
 234425 206400       72.3830    45       77.0000       69.0000  4776671   10.39%
[runlim] sample:		3660.83 time, 1850.02 real, 3404 MB, 2.14 load
 234749 206642       70.0769    59       77.0000       69.0000  4779663   10.39%
 234959 206946       69.3029    66       77.0000       69.0000  4793146   10.39%
 235247 207462       76.0000    45       77.0000       69.0000  4803432   10.39%
 235522 207325       70.1657    55       77.0000       69.0000  4799481   10.39%
 235783 207744       69.1284    65       77.0000       69.0000  4811656   10.39%
[runlim] sample:		3680.68 time, 1860.02 real, 3406 MB, 2.12 load
 236012 208099       69.0000    79       77.0000       69.0000  4822846   10.39%
 236133 208175       76.0000    53       77.0000       69.0000  4825215   10.39%
Elapsed time = 1861.98 sec. (3681670.45 ticks, tree = 3174.92 MB, solutions = 31)
Nodefile size = 1121.89 MB (628.84 MB after compression)
 236375 208337       70.6000   111       77.0000       69.0000  4828982   10.39%
 236681 208730       75.0000    38       77.0000       69.0000  4840547   10.39%
 236962 208892       74.0000    44       77.0000       69.0000  4844625   10.39%
[runlim] sample:		3700.52 time, 1870.02 real, 3416 MB, 2.10 load
 237172 209059       74.0840    51       77.0000       69.0000  4849215   10.39%
 237407 209460       71.9467    67       77.0000       69.0000  4859984   10.39%
 237726 209625       76.6649    52       77.0000       69.0000  4863648   10.39%
 238031 209740       74.2561    53       77.0000       69.0000  4867064   10.39%
 238381 210219       75.8000    52       77.0000       69.0000  4881142   10.39%
[runlim] sample:		3720.37 time, 1880.02 real, 3423 MB, 2.08 load
 238629 210329       71.0913    47       77.0000       69.0000  4882918   10.39%
 239821 211648       69.0000    80       77.0000       69.0000  4914935   10.39%
Elapsed time = 1886.85 sec. (3731563.74 ticks, tree = 3206.55 MB, solutions = 31)
Nodefile size = 1153.76 MB (643.75 MB after compression)
[runlim] sample:		3740.18 time, 1890.02 real, 3420 MB, 2.07 load
 240995 212440       76.0000    35       77.0000       69.0000  4933676   10.39%
[runlim] sample:		3760.03 time, 1900.02 real, 3438 MB, 2.06 load
 242399 213626       70.0131    55       77.0000       69.0000  4960057   10.39%
[runlim] sample:		3779.87 time, 1910.02 real, 3455 MB, 2.05 load
 243534 214807       69.1193    78       77.0000       69.0000  4989577   10.39%
 244670 215743       69.0000   103       77.0000       69.0000  5011055   10.39%
[runlim] sample:		3799.72 time, 1920.02 real, 3459 MB, 2.04 load
 245984 216697       69.0000    57       77.0000       69.0000  5028730   10.39%
[runlim] sample:		3819.56 time, 1930.02 real, 3469 MB, 2.03 load
 247434 218240       76.0000    45       77.0000       69.0000  5056743   10.39%
 248944 219402       74.0000    40       77.0000       69.0000  5080035   10.39%
[runlim] sample:		3839.39 time, 1940.02 real, 3480 MB, 2.03 load
 249954 220541       75.3243    46       77.0000       69.0000  5101070   10.39%
[runlim] sample:		3859.20 time, 1950.02 real, 3479 MB, 2.18 load
 251590 221781    infeasible             77.0000       69.0000  5120550   10.39%
[runlim] sample:		3879.03 time, 1960.02 real, 3488 MB, 2.15 load
 252936 223040       69.0000    69       77.0000       69.0000  5143009   10.39%
Elapsed time = 1960.21 sec. (3884292.56 ticks, tree = 3308.77 MB, solutions = 31)
Nodefile size = 1253.17 MB (688.52 MB after compression)
[runlim] sample:		3898.88 time, 1970.02 real, 3502 MB, 2.21 load
 253698 223951       76.0000    44       77.0000       69.0000  5160479   10.39%
 254347 224491       74.0993    48       77.0000       69.0000  5171163   10.39%
[runlim] sample:		3918.72 time, 1980.02 real, 3504 MB, 2.17 load
 255366 225292       75.0000    36       77.0000       69.0000  5184994   10.39%
[runlim] sample:		3938.57 time, 1990.01 real, 3512 MB, 2.15 load
 256181 226285       69.6035    64       77.0000       69.0000  5201882   10.39%
[runlim] sample:		3958.41 time, 2000.01 real, 3516 MB, 2.12 load
 256742 226678       69.1330    72       77.0000       69.0000  5210247   10.39%
[runlim] sample:		3978.23 time, 2010.02 real, 3519 MB, 2.10 load
 257651 227568       71.0000   111       77.0000       69.0000  5231587   10.39%
[runlim] sample:		3998.09 time, 2020.02 real, 3524 MB, 2.09 load
 258319 227891       69.1574    77       77.0000       69.0000  5237170   10.39%
[runlim] sample:		4017.94 time, 2030.02 real, 3532 MB, 2.07 load
 259074 228501       76.6000    54       77.0000       69.0000  5252511   10.39%
 260006 229498       69.3260    51       77.0000       69.0000  5274548   10.39%
[runlim] sample:		4037.80 time, 2040.02 real, 3538 MB, 2.06 load
 260971 230171       69.0017    79       77.0000       69.0000  5288997   10.39%
Elapsed time = 2046.76 sec. (4040080.56 ticks, tree = 3371.20 MB, solutions = 31)
Nodefile size = 1313.91 MB (714.90 MB after compression)
[runlim] sample:		4057.64 time, 2050.01 real, 3539 MB, 2.05 load
 261844 230873       69.0000   119       77.0000       69.0000  5303704   10.39%
[runlim] sample:		4077.50 time, 2060.02 real, 3545 MB, 2.04 load
 262535 231719       75.1682    45       77.0000       69.0000  5327373   10.39%
[runlim] sample:		4097.32 time, 2070.02 real, 3558 MB, 2.12 load
 263650 232890       73.2090    52       77.0000       69.0000  5347888   10.39%
 265371 233753       69.3223    66       77.0000       69.0000  5361641   10.39%
[runlim] sample:		4117.16 time, 2080.01 real, 3560 MB, 2.17 load
 266557 235660       70.1075    59       77.0000       69.0000  5391874   10.39%
[runlim] sample:		4137.01 time, 2090.01 real, 3570 MB, 2.15 load
 267953 236238       69.0000    88       77.0000       69.0000  5403593   10.39%
[runlim] sample:		4156.87 time, 2100.02 real, 3582 MB, 2.20 load
 268813 237507       75.0000    39       77.0000       69.0000  5425604   10.39%
[runlim] sample:		4176.72 time, 2110.01 real, 3588 MB, 2.17 load
 269420 237938       76.0000    35       77.0000       69.0000  5434493   10.39%
[runlim] sample:		4196.56 time, 2120.01 real, 3595 MB, 2.14 load
 270090 238557       69.0000    73       77.0000       69.0000  5449143   10.39%
[runlim] sample:		4216.37 time, 2130.02 real, 3598 MB, 2.12 load
 270983 239270       74.0852    50       77.0000       69.0000  5464811   10.39%
Elapsed time = 2129.09 sec. (4195505.97 ticks, tree = 3452.79 MB, solutions = 31)
Nodefile size = 1396.76 MB (750.52 MB after compression)
 271732 240082       69.0436    99       77.0000       69.0000  5486543   10.39%
[runlim] sample:		4236.22 time, 2140.01 real, 3611 MB, 2.10 load
 272870 241174       72.8148    53       77.0000       69.0000  5509424   10.39%
[runlim] sample:		4256.07 time, 2150.01 real, 3615 MB, 2.08 load
 273437 241881       71.0000   113       77.0000       69.0000  5532754   10.39%
[runlim] sample:		4275.93 time, 2160.02 real, 3618 MB, 2.07 load
 274108 242397       74.0000    46       77.0000       69.0000  5545627   10.39%
[runlim] sample:		4295.78 time, 2170.02 real, 3621 MB, 2.06 load
 274770 242831       69.0000   103       77.0000       69.0000  5556088   10.39%
[runlim] sample:		4315.64 time, 2180.02 real, 3622 MB, 2.05 load
 275484 243429       69.0000   139       77.0000       69.0000  5575959   10.39%
[runlim] sample:		4333.33 time, 2190.02 real, 3633 MB, 2.12 load
 276447 244354       74.1124    67       77.0000       69.0000  5596313   10.39%
[runlim] sample:		4353.15 time, 2200.02 real, 3640 MB, 2.18 load
 277129 244992       69.3378    75       77.0000       69.0000  5615125   10.39%
 278183 245852       74.0800    46       77.0000       69.0000  5630709   10.39%
[runlim] sample:		4373.00 time, 2210.02 real, 3646 MB, 2.15 load
 279042 246709       69.0542    94       77.0000       69.0000  5651129   10.39%
Elapsed time = 2215.87 sec. (4350662.39 ticks, tree = 3517.43 MB, solutions = 31)
Nodefile size = 1463.80 MB (775.76 MB after compression)
[runlim] sample:		4392.84 time, 2220.02 real, 3660 MB, 2.28 load
 280036 247325       69.7135    78       77.0000       69.0000  5669056   10.39%
[runlim] sample:		4412.69 time, 2230.01 real, 3665 MB, 2.24 load
 281442 248834       70.5042    53       77.0000       69.0000  5695517   10.39%
[runlim] sample:		4432.54 time, 2240.02 real, 3665 MB, 2.20 load
 282483 249631       69.0121    93       77.0000       69.0000  5711664   10.39%
 283524 250563       76.0000    35       77.0000       69.0000  5738907   10.39%
[runlim] sample:		4452.33 time, 2250.02 real, 3671 MB, 2.17 load
 284582 251473       72.1739    47       77.0000       69.0000  5762390   10.39%
[runlim] sample:		4472.19 time, 2260.02 real, 3693 MB, 2.14 load
 285561 252394       69.2981    77       77.0000       69.0000  5779016   10.39%
[runlim] sample:		4492.03 time, 2270.02 real, 3707 MB, 2.13 load
 286953 253623       75.0000    36       77.0000       69.0000  5805641   10.39%
 288237 254800       69.5275    71       77.0000       69.0000  5827892   10.39%
[runlim] sample:		4511.85 time, 2280.02 real, 3677 MB, 2.11 load
 289346 255830       71.4628    50       77.0000       69.0000  5846433   10.39%
[runlim] sample:		4531.69 time, 2290.02 real, 3719 MB, 2.09 load
 290492 256713       70.6289    71       77.0000       69.0000  5860323   10.39%
Elapsed time = 2292.57 sec. (4506229.10 ticks, tree = 3607.43 MB, solutions = 31)
Nodefile size = 1549.68 MB (812.67 MB after compression)
[runlim] sample:		4551.52 time, 2300.02 real, 3736 MB, 2.08 load
 291989 258181       69.0576    64       77.0000       69.0000  5884484   10.39%
[runlim] sample:		4571.34 time, 2310.02 real, 3743 MB, 2.07 load
 293251 259727       69.0386    70       77.0000       69.0000  5912462   10.39%
 293969 260269       72.3266    50       77.0000       69.0000  5919418   10.39%
[runlim] sample:		4591.18 time, 2320.02 real, 3744 MB, 2.06 load
 294406 260805       69.5675    91       77.0000       69.0000  5929622   10.39%
[runlim] sample:		4611.03 time, 2330.01 real, 3746 MB, 2.12 load
 295147 261051       69.0158    77       77.0000       69.0000  5936350   10.39%
[runlim] sample:		4630.89 time, 2340.01 real, 3763 MB, 2.10 load
 295832 261764       74.0000    39       77.0000       69.0000  5949413   10.39%
[runlim] sample:		4650.75 time, 2350.02 real, 3749 MB, 2.09 load
 296592 262290       76.0000    40       77.0000       69.0000  5961434   10.39%
[runlim] sample:		4670.59 time, 2360.02 real, 3758 MB, 2.07 load
 297482 263363       69.7757    48       77.0000       69.0000  5979246   10.39%
[runlim] sample:		4690.41 time, 2370.02 real, 3769 MB, 2.06 load
 298596 264415       75.0000    37       77.0000       69.0000  5996375   10.39%
 299494 265057       69.3239    59       77.0000       69.0000  6011604   10.39%
Elapsed time = 2377.18 sec. (4663107.52 ticks, tree = 3681.48 MB, solutions = 31)
Nodefile size = 1627.05 MB (841.03 MB after compression)
[runlim] sample:		4710.26 time, 2380.02 real, 3782 MB, 2.05 load
 300440 266013       70.3124    66       77.0000       69.0000  6026951   10.39%
[runlim] sample:		4730.10 time, 2390.02 real, 3792 MB, 2.04 load
 301383 266284       70.5899    64       77.0000       69.0000  6035870   10.39%
[runlim] sample:		4749.94 time, 2400.02 real, 3798 MB, 2.04 load
 302590 267801       69.0183    66       77.0000       69.0000  6062722   10.39%
 303815 269235       76.0000    32       77.0000       69.0000  6092741   10.39%
[runlim] sample:		4769.79 time, 2410.02 real, 3804 MB, 2.03 load
 304984 269876       76.0000    33       77.0000       69.0000  6105709   10.39%
[runlim] sample:		4789.64 time, 2420.02 real, 3806 MB, 2.02 load
 306062 271119       70.0641    66       77.0000       69.0000  6126242   10.39%
[runlim] sample:		4809.46 time, 2430.02 real, 3820 MB, 2.02 load
 307268 272056       74.0514    47       77.0000       69.0000  6144774   10.39%
 308269 272939       69.1469    72       77.0000       69.0000  6165455   10.39%
[runlim] sample:		4829.28 time, 2440.02 real, 3822 MB, 2.02 load
 309413 273931       69.1516    81       77.0000       69.0000  6183644   10.39%
[runlim] sample:		4849.12 time, 2450.02 real, 3824 MB, 2.09 load
 310258 275171       76.0000    31       77.0000       69.0000  6206391   10.39%
Elapsed time = 2453.44 sec. (4816224.90 ticks, tree = 3772.57 MB, solutions = 31)
Nodefile size = 1718.02 MB (873.11 MB after compression)
[runlim] sample:		4868.98 time, 2460.02 real, 3841 MB, 2.08 load
 311505 275814       69.0032    73       77.0000       69.0000  6222431   10.39%
[runlim] sample:		4888.82 time, 2470.02 real, 3842 MB, 2.07 load
 312748 277080       69.0000    88       77.0000       69.0000  6248056   10.39%
 314000 278201       74.0000    25       77.0000       69.0000  6273550   10.39%
[runlim] sample:		4908.65 time, 2480.02 real, 3858 MB, 2.13 load
 315162 279215       76.6263    41       77.0000       69.0000  6294070   10.39%
[runlim] sample:		4928.45 time, 2490.02 real, 3865 MB, 2.11 load
 316333 280478       69.3857    60       77.0000       69.0000  6322984   10.39%
[runlim] sample:		4948.30 time, 2500.02 real, 3875 MB, 2.09 load
 317393 281356       74.6609    42       77.0000       69.0000  6341228   10.39%
 318613 282297       74.0000    38       77.0000       69.0000  6363034   10.39%
[runlim] sample:		4968.13 time, 2510.02 real, 3873 MB, 2.08 load
 319639 283175       69.0000    67       77.0000       69.0000  6391745   10.39%
[runlim] sample:		4987.98 time, 2520.02 real, 3894 MB, 2.07 load
 320603 284234       74.0000    46       77.0000       69.0000  6421567   10.39%
[runlim] sample:		5007.82 time, 2530.02 real, 3899 MB, 2.06 load
 321459 285091       71.0833    55       77.0000       69.0000  6447169   10.39%
Elapsed time = 2530.27 sec. (4969109.67 ticks, tree = 3862.59 MB, solutions = 31)
Nodefile size = 1806.46 MB (908.73 MB after compression)
 322345 285517       69.1770    73       77.0000       69.0000  6469603   10.39%
[runlim] sample:		5027.67 time, 2540.01 real, 3892 MB, 2.05 load
 323101 286492       76.0000    41       77.0000       69.0000  6497804   10.39%
[runlim] sample:		5047.47 time, 2550.02 real, 3910 MB, 2.04 load
 324079 287069       74.5576    51       77.0000       69.0000  6516653   10.39%
[runlim] sample:		5067.32 time, 2560.02 real, 3905 MB, 2.03 load
 325065 288196       76.0000    48       77.0000       69.0000  6550311   10.39%
[runlim] sample:		5087.12 time, 2570.02 real, 3928 MB, 2.03 load
 326234 289373       75.0000    45       77.0000       69.0000  6581951   10.39%
 327299 290063       69.7365    63       77.0000       69.0000  6604602   10.39%
[runlim] sample:		5106.98 time, 2580.02 real, 3933 MB, 2.10 load
 328382 291275       74.0000    37       77.0000       69.0000  6635991   10.39%
[runlim] sample:		5126.81 time, 2590.02 real, 3929 MB, 2.09 load
 329286 291842       71.0000    70       77.0000       69.0000  6654061   10.39%
[runlim] sample:		5146.65 time, 2600.02 real, 3934 MB, 2.15 load
 330293 292568       69.0000    49       77.0000       69.0000  6682224   10.39%
[runlim] sample:		5166.47 time, 2610.02 real, 3949 MB, 2.13 load
 331505 293845       69.0000    65       77.0000       69.0000  6714989   10.39%
Elapsed time = 2609.09 sec. (5121782.35 ticks, tree = 3939.94 MB, solutions = 31)
Nodefile size = 1884.48 MB (939.85 MB after compression)
 332892 295120       69.0000    56       77.0000       69.0000  6743107   10.39%
[runlim] sample:		5186.31 time, 2620.02 real, 3958 MB, 2.11 load
 334323 296018       76.0000    35       77.0000       69.0000  6759394   10.39%
[runlim] sample:		5206.15 time, 2630.01 real, 3954 MB, 2.09 load
 335570 297744       69.8091    58       77.0000       69.0000  6790498   10.39%
 337081 298703       75.0000    22       77.0000       69.0000  6803657   10.39%
[runlim] sample:		5225.99 time, 2640.02 real, 3964 MB, 2.08 load
 338657 300391       69.0000    55       77.0000       69.0000  6836735   10.39%
[runlim] sample:		5245.83 time, 2650.02 real, 3995 MB, 2.06 load
 339744 301004       76.5556    36       77.0000       69.0000  6848629   10.39%
[runlim] sample:		5265.67 time, 2660.02 real, 3984 MB, 2.05 load
 341328 302649       72.8182    45       77.0000       69.0000  6880187   10.39%
 342876 303706       69.5709    48       77.0000       69.0000  6899241   10.39%
[runlim] sample:		5285.46 time, 2670.02 real, 4013 MB, 2.13 load
 344239 305304       69.6656    61       77.0000       69.0000  6937978   10.39%
[runlim] sample:		5305.30 time, 2680.02 real, 4020 MB, 2.11 load
 345871 306582       72.2060    47       77.0000       69.0000  6959695   10.39%
Elapsed time = 2681.30 sec. (5274431.57 ticks, tree = 4052.26 MB, solutions = 31)
Nodefile size = 1995.32 MB (977.88 MB after compression)
 347443 307943       70.4292    58       77.0000       69.0000  6981948   10.39%
[runlim] sample:		5325.15 time, 2690.02 real, 4013 MB, 2.09 load
*347613+308126                           76.0000       69.0000             9.21%
*347713+284847                           75.0000       69.0000             8.00%
 348440 244225       69.5866    51       75.0000       69.0000  7003337    8.00%
[runlim] sample:		5345.01 time, 2700.02 real, 4013 MB, 2.16 load
 349629 245294       74.0000    43       75.0000       69.0000  7023921    8.00%
[runlim] sample:		5364.85 time, 2710.02 real, 4013 MB, 2.13 load
 350996 246425       74.0000    36       75.0000       69.0000  7045067    8.00%
 352443 247110       74.0000    37       75.0000       69.0000  7062632    8.00%
[runlim] sample:		5384.70 time, 2720.02 real, 4013 MB, 2.11 load
 353888 248790       69.0000    69       75.0000       69.0000  7093962    8.00%
[runlim] sample:		5404.51 time, 2730.02 real, 4013 MB, 2.17 load
 355382 250118       73.6824    42       75.0000       69.0000  7122439    8.00%
[runlim] sample:		5424.36 time, 2740.02 real, 4013 MB, 2.14 load
 356783 251738       69.4896    75       75.0000       69.0000  7155872    8.00%
 358297 252535       69.2180    74       75.0000       69.0000  7171295    8.00%
[runlim] sample:		5444.21 time, 2750.02 real, 4013 MB, 2.12 load
 359793 253898       72.8000    38       75.0000       69.0000  7199084    8.00%
Elapsed time = 2755.83 sec. (5427066.88 ticks, tree = 3271.31 MB, solutions = 33)
Nodefile size = 1215.02 MB (573.66 MB after compression)
[runlim] sample:		5464.06 time, 2760.02 real, 4013 MB, 2.10 load
 361164 255031       73.0000    42       75.0000       69.0000  7222665    8.00%
[runlim] sample:		5483.91 time, 2770.02 real, 4013 MB, 2.08 load
 362745 256276       74.0000    27       75.0000       69.0000  7247665    8.00%
 364352 257666       70.2016    45       75.0000       69.0000  7269777    8.00%
[runlim] sample:		5503.75 time, 2780.02 real, 4013 MB, 2.07 load
 365765 259404       74.0000    40       75.0000       69.0000  7302739    8.00%
[runlim] sample:		5521.57 time, 2790.02 real, 4013 MB, 2.06 load
 367309 260025       69.9353    75       75.0000       69.0000  7317432    8.00%
[runlim] sample:		5541.40 time, 2800.02 real, 4013 MB, 2.05 load
 368825 261377        cutoff             75.0000       69.0000  7346624    8.00%
 370306 263181       73.0000    33       75.0000       69.0000  7384276    8.00%
[runlim] sample:		5561.26 time, 2810.02 real, 4013 MB, 2.04 load
 371869 264087       73.0000    39       75.0000       69.0000  7396826    8.00%
[runlim] sample:		5581.10 time, 2820.01 real, 4013 MB, 2.04 load
 373338 265902       70.0000    37       75.0000       69.0000  7427102    8.00%
[runlim] sample:		5600.94 time, 2830.02 real, 4013 MB, 2.18 load
 375104 267267       69.9337    53       75.0000       69.0000  7448861    8.00%
Elapsed time = 2828.93 sec. (5579713.48 ticks, tree = 3391.16 MB, solutions = 33)
Nodefile size = 1331.79 MB (617.72 MB after compression)
 376680 268667       72.0000    38       75.0000       69.0000  7472055    8.00%
[runlim] sample:		5620.79 time, 2840.02 real, 4013 MB, 2.16 load
 378369 270132       70.2386    75       75.0000       69.0000  7494459    8.00%
[runlim] sample:		5640.61 time, 2850.02 real, 4013 MB, 2.21 load
 380033 271372       74.0000    46       75.0000       69.0000  7515003    8.00%
 381368 273364       75.0000    31       75.0000       69.0000  7548905    8.00%
[runlim] sample:		5660.44 time, 2860.02 real, 4013 MB, 2.18 load
 382891 274235       73.0000    40       75.0000       69.0000  7563836    8.00%
[runlim] sample:		5680.28 time, 2870.01 real, 4013 MB, 2.15 load
 384651 276178       69.0069    47       75.0000       69.0000  7594641    8.00%
 386416 277050       69.2586    56       75.0000       69.0000  7609929    8.00%
[runlim] sample:		5700.13 time, 2880.02 real, 4013 MB, 2.13 load
 388031 278524       72.0000    41       75.0000       69.0000  7632991    8.00%
[runlim] sample:		5719.98 time, 2890.02 real, 4013 MB, 2.19 load
 389986 280246       71.6000    38       75.0000       69.0000  7659360    8.00%
[runlim] sample:		5739.82 time, 2900.02 real, 4013 MB, 2.16 load
 391685 281682       73.0000    35       75.0000       69.0000  7684003    8.00%
Elapsed time = 2899.72 sec. (5732428.64 ticks, tree = 3519.25 MB, solutions = 33)
Nodefile size = 1463.19 MB (675.92 MB after compression)
 392876 283528       69.7699    44       75.0000       69.0000  7726264    8.00%
[runlim] sample:		5759.62 time, 2910.02 real, 4013 MB, 2.13 load
 394463 284128       69.0000    55       75.0000       69.0000  7736678    8.00%
[runlim] sample:		5779.47 time, 2920.02 real, 4013 MB, 2.11 load
 396042 286004       69.0064    59       75.0000       69.0000  7775360    8.00%
[runlim] sample:		5799.32 time, 2930.02 real, 4013 MB, 2.10 load
 397513 287285       69.0064    66       75.0000       69.0000  7804028    8.00%
 398943 288293       69.9411    53       75.0000       69.0000  7831453    8.00%
[runlim] sample:		5819.16 time, 2940.02 real, 4045 MB, 2.08 load
 400536 289804       69.4485    66       75.0000       69.0000  7861676    8.00%
[runlim] sample:		5839.00 time, 2950.02 real, 4060 MB, 2.07 load
 401810 290372       72.0000    40       75.0000       69.0000  7872559    8.00%
[runlim] sample:		5858.86 time, 2960.02 real, 4061 MB, 2.06 load
 403142 292116       74.0000    37       75.0000       69.0000  7917482    8.00%
 404689 293306    infeasible             75.0000       69.0000  7945535    8.00%
[runlim] sample:		5878.68 time, 2970.02 real, 4065 MB, 2.05 load
 406341 294586       69.0002    77       75.0000       69.0000  7971828    8.00%
Elapsed time = 2973.65 sec. (5886639.81 ticks, tree = 3632.83 MB, solutions = 33)
Nodefile size = 1574.87 MB (721.58 MB after compression)
[runlim] sample:		5898.53 time, 2980.02 real, 4073 MB, 2.11 load
 407322 295259       69.0000    49       75.0000       69.0000  7984438    8.00%
[runlim] sample:		5918.39 time, 2990.02 real, 4076 MB, 2.10 load
 407810 296157       69.6978    85       75.0000       69.0000  8004860    8.00%
[runlim] sample:		5938.25 time, 3000.02 real, 4077 MB, 2.08 load
 408430 296814       74.0286    50       75.0000       69.0000  8020391    8.00%
[runlim] sample:		5958.12 time, 3010.02 real, 4077 MB, 2.07 load
 409328 297523       73.2661    52       75.0000       69.0000  8038722    8.00%
[runlim] sample:		5977.98 time, 3020.01 real, 4077 MB, 2.06 load
 410188 298290       69.4928    67       75.0000       69.0000  8053148    8.00%
 411102 298981       72.0000    42       75.0000       69.0000  8069653    8.00%
[runlim] sample:		5997.79 time, 3030.02 real, 4077 MB, 2.05 load
 411596 299653       71.0031    48       75.0000       69.0000  8086138    8.00%
[runlim] sample:		6017.66 time, 3040.02 real, 4077 MB, 2.04 load
 412042 299934       71.4293    61       75.0000       69.0000  8094486    8.00%
[runlim] sample:		6037.52 time, 3050.01 real, 4077 MB, 2.03 load
 412602 300407       74.0000    75       75.0000       69.0000  8105862    8.00%
[runlim] sample:		6057.38 time, 3060.02 real, 4077 MB, 2.03 load
 413452 300921       72.5825    55       75.0000       69.0000  8124695    8.00%
Elapsed time = 3062.16 sec. (6044042.89 ticks, tree = 3689.74 MB, solutions = 33)
Nodefile size = 1631.94 MB (741.88 MB after compression)
[runlim] sample:		6077.23 time, 3070.02 real, 4077 MB, 2.02 load
 414128 301479       69.6768    68       75.0000       69.0000  8139971    8.00%
 415048 302177       69.1922    69       75.0000       69.0000  8159231    8.00%
[runlim] sample:		6097.09 time, 3080.02 real, 4077 MB, 2.09 load
 416158 303211       74.0000    37       75.0000       69.0000  8182741    8.00%
[runlim] sample:		6116.91 time, 3090.02 real, 4077 MB, 2.08 load
 416479 303855       69.1478    64       75.0000       69.0000  8200454    8.00%
[runlim] sample:		6136.78 time, 3100.02 real, 4077 MB, 2.15 load
 416890 304202       69.0000    72       75.0000       69.0000  8211725    8.00%
[runlim] sample:		6156.63 time, 3110.02 real, 4077 MB, 2.12 load
 417731 304822       69.4765    86       75.0000       69.0000  8230150    8.00%
[runlim] sample:		6176.49 time, 3120.01 real, 4082 MB, 2.10 load
 418445 305566       69.5360    60       75.0000       69.0000  8247663    8.00%
[runlim] sample:		6196.33 time, 3130.01 real, 4082 MB, 2.09 load
 419100 306234       69.4931    59       75.0000       69.0000  8261157    8.00%
 420013 306695       69.3302    57       75.0000       69.0000  8275399    8.00%
[runlim] sample:		6216.19 time, 3140.02 real, 4087 MB, 2.07 load
 420865 307754       70.2736    67       75.0000       69.0000  8298813    8.00%
Elapsed time = 3146.02 sec. (6197335.23 ticks, tree = 3749.52 MB, solutions = 33)
Nodefile size = 1695.39 MB (760.86 MB after compression)
[runlim] sample:		6236.00 time, 3150.01 real, 4082 MB, 2.06 load
 421689 308373       70.7375    71       75.0000       69.0000  8315993    8.00%
[runlim] sample:		6255.85 time, 3160.02 real, 4085 MB, 2.05 load
 422745 309212       69.0000    61       75.0000       69.0000  8336900    8.00%
[runlim] sample:		6275.71 time, 3170.02 real, 4082 MB, 2.04 load
 423345 309637       74.0000    46       75.0000       69.0000  8351040    8.00%
[runlim] sample:		6295.56 time, 3180.02 real, 4082 MB, 2.04 load
 423873 310429       69.0062    74       75.0000       69.0000  8370266    8.00%
[runlim] sample:		6315.41 time, 3190.02 real, 4086 MB, 2.03 load
 424555 310925       70.2105    60       75.0000       69.0000  8383446    8.00%
 425277 311531       69.6791    55       75.0000       69.0000  8399215    8.00%
[runlim] sample:		6335.27 time, 3200.02 real, 4109 MB, 2.11 load
 425985 312427       74.6144    50       75.0000       69.0000  8424071    8.00%
[runlim] sample:		6355.07 time, 3210.01 real, 4120 MB, 2.09 load
 426887 313217       69.0444    67       75.0000       69.0000  8439464    8.00%
[runlim] sample:		6374.94 time, 3220.02 real, 4127 MB, 2.07 load
 428028 313855       72.3122    48       75.0000       69.0000  8457530    8.00%
[runlim] sample:		6394.80 time, 3230.02 real, 4127 MB, 2.14 load
 429037 314844       72.3550    56       75.0000       69.0000  8476542    8.00%
Elapsed time = 3230.56 sec. (6353639.88 ticks, tree = 3813.62 MB, solutions = 33)
Nodefile size = 1757.95 MB (786.62 MB after compression)
 430094 315815       69.9266    70       75.0000       69.0000  8495486    8.00%
[runlim] sample:		6414.66 time, 3240.02 real, 4128 MB, 2.12 load
 431239 316654       69.7400    70       75.0000       69.0000  8516142    8.00%
[runlim] sample:		6434.49 time, 3250.02 real, 4135 MB, 2.10 load
 432559 317869       70.1034    55       75.0000       69.0000  8540989    8.00%
[runlim] sample:		6454.36 time, 3260.02 real, 4137 MB, 2.08 load
 433864 319260       73.0000    44       75.0000       69.0000  8571306    8.00%
[runlim] sample:		6474.17 time, 3270.02 real, 4139 MB, 2.07 load
 434886 320199       70.5060    57       75.0000       69.0000  8597584    8.00%
 436241 320762       74.0000    41       75.0000       69.0000  8614348    8.00%
[runlim] sample:		6494.02 time, 3280.02 real, 4143 MB, 2.06 load
 437299 321855       72.7615    50       75.0000       69.0000  8636048    8.00%
[runlim] sample:		6513.88 time, 3290.02 real, 4147 MB, 2.05 load
 438467 323479       69.0069    68       75.0000       69.0000  8670881    8.00%
[runlim] sample:		6533.73 time, 3300.01 real, 4147 MB, 2.04 load
 439524 324511       72.9164    66       75.0000       69.0000  8697615    8.00%
 440602 325630       69.5015    59       75.0000       69.0000  8725056    8.00%
Elapsed time = 3307.77 sec. (6507464.10 ticks, tree = 3909.69 MB, solutions = 33)
Nodefile size = 1854.49 MB (823.96 MB after compression)
[runlim] sample:		6553.59 time, 3310.02 real, 4148 MB, 2.03 load
 441717 326630       74.0000    40       75.0000       69.0000  8753503    8.00%
[runlim] sample:		6573.43 time, 3320.02 real, 4148 MB, 2.11 load
 442748 327024       72.5000    61       75.0000       69.0000  8764635    8.00%
[runlim] sample:		6593.24 time, 3330.02 real, 4149 MB, 2.17 load
 443668 328481       72.0109    54       75.0000       69.0000  8798817    8.00%
[runlim] sample:		6613.11 time, 3340.02 real, 4149 MB, 2.14 load
 444363 328871       73.1818    68       75.0000       69.0000  8813307    8.00%
 445460 329616       69.5000    58       75.0000       69.0000  8834982    8.00%
[runlim] sample:		6632.95 time, 3350.02 real, 4154 MB, 2.20 load
 446649 330097       69.4725    55       75.0000       69.0000  8848035    8.00%
[runlim] sample:		6652.82 time, 3360.01 real, 4154 MB, 2.17 load
 447516 331193       70.0024    91       75.0000       69.0000  8874522    8.00%
[runlim] sample:		6672.67 time, 3370.01 real, 4154 MB, 2.14 load
 447983 331973       74.0000    35       75.0000       69.0000  8893534    8.00%
[runlim] sample:		6692.53 time, 3380.02 real, 4154 MB, 2.12 load
 448460 332365       70.4542    61       75.0000       69.0000  8901826    8.00%
[runlim] sample:		6710.35 time, 3390.01 real, 4154 MB, 2.18 load
 448954 333004       69.8412    64       75.0000       69.0000  8924700    8.00%
Elapsed time = 3389.91 sec. (6660406.34 ticks, tree = 3974.87 MB, solutions = 33)
Nodefile size = 1918.33 MB (845.57 MB after compression)
 449447 333488       69.6945    93       75.0000       69.0000  8944593    8.00%
[runlim] sample:		6730.19 time, 3400.02 real, 4155 MB, 2.15 load
 449918 333653       69.0000    61       75.0000       69.0000  8949838    8.00%
[runlim] sample:		6750.03 time, 3410.01 real, 4155 MB, 2.13 load
 450946 334367       69.3618    88       75.0000       69.0000  8966966    8.00%
[runlim] sample:		6769.89 time, 3420.02 real, 4160 MB, 2.11 load
 451959 335466       69.0000    73       75.0000       69.0000  8991669    8.00%
[runlim] sample:		6789.74 time, 3430.02 real, 4160 MB, 2.09 load
 452969 336271       70.2868    62       75.0000       69.0000  9018051    8.00%
[runlim] sample:		6809.57 time, 3440.02 real, 4160 MB, 2.08 load
 453630 337139       70.0000    62       75.0000       69.0000  9041077    8.00%
 454727 337840       71.3768    50       75.0000       69.0000  9056353    8.00%
[runlim] sample:		6829.37 time, 3450.01 real, 4163 MB, 2.15 load
 455659 338716       74.2278    49       75.0000       69.0000  9084635    8.00%
[runlim] sample:		6849.23 time, 3460.02 real, 4165 MB, 2.12 load
 456118 338899       69.0278    93       75.0000       69.0000  9090480    8.00%
[runlim] sample:		6869.08 time, 3470.01 real, 4165 MB, 2.10 load
 456586 339810       69.2155    57       75.0000       69.0000  9115936    8.00%
Elapsed time = 3475.56 sec. (6818990.71 ticks, tree = 4034.76 MB, solutions = 33)
Nodefile size = 1978.39 MB (867.75 MB after compression)
[runlim] sample:		6888.93 time, 3480.02 real, 4165 MB, 2.16 load
 457266 340116       71.1777    67       75.0000       69.0000  9123724    8.00%
[runlim] sample:		6908.78 time, 3490.02 real, 4193 MB, 2.14 load
 457779 340644       70.3512    58       75.0000       69.0000  9139047    8.00%
[runlim] sample:		6928.64 time, 3500.02 real, 4208 MB, 2.11 load
 458449 341156       72.0000    56       75.0000       69.0000  9153183    8.00%
[runlim] sample:		6948.46 time, 3510.02 real, 4214 MB, 2.10 load
 459028 342113       70.2503    51       75.0000       69.0000  9178761    8.00%
 459871 342696       69.6824    56       75.0000       69.0000  9200555    8.00%
[runlim] sample:		6968.30 time, 3520.02 real, 4217 MB, 2.08 load
 460537 343161       73.0000    42       75.0000       69.0000  9214276    8.00%
[runlim] sample:		6988.16 time, 3530.02 real, 4218 MB, 2.07 load
 461335 343739       70.7544    43       75.0000       69.0000  9228356    8.00%
[runlim] sample:		7008.02 time, 3540.01 real, 4219 MB, 2.06 load
 461927 344011       69.2829    60       75.0000       69.0000  9240492    8.00%
[runlim] sample:		7027.85 time, 3550.02 real, 4221 MB, 2.05 load
 462734 345227       69.1254    71       75.0000       69.0000  9271940    8.00%
[runlim] sample:		7047.71 time, 3560.02 real, 4223 MB, 2.04 load
 463612 345984       74.2977    75       75.0000       69.0000  9293449    8.00%
Elapsed time = 3559.49 sec. (6975404.75 ticks, tree = 4089.66 MB, solutions = 33)
Nodefile size = 2033.87 MB (890.32 MB after compression)
 464566 346917       69.8733    92       75.0000       69.0000  9317762    8.00%
[runlim] sample:		7067.54 time, 3570.02 real, 4224 MB, 2.03 load
 465563 347247       69.0563    72       75.0000       69.0000  9326543    8.00%
[runlim] sample:		7087.40 time, 3580.02 real, 4225 MB, 2.10 load
 466331 348521       70.5122    71       75.0000       69.0000  9368340    8.00%
[runlim] sample:		7107.25 time, 3590.01 real, 4227 MB, 2.09 load
 467092 348842       69.0000    89       75.0000       69.0000  9382889    8.00%
[runlim] sample:		7127.10 time, 3600.02 real, 4230 MB, 2.23 load
[runlim] end:			Tue Sep  1 05:54:34 2026
[runlim] status:		out of time
[runlim] result:		2
[runlim] children:		1
[runlim] processes:		2
[runlim] real:			3601.04 seconds
[runlim] time:			7127.10 seconds
[runlim] space:			4230 MB
[runlim] load:			2.45 maximum
[runlim] samples:		36000
