[runlim] version:		2.0.0rc12
[runlim] host:			fjssp-instance1
[runlim] time limit:		311040000 seconds
[runlim] real time limit:	3600 seconds
[runlim] space limit:		14000 MB
[runlim] argv[0]:		python3
[runlim] argv[1]:		-u
[runlim] argv[2]:		mip.py
[runlim] argv[3]:		--input
[runlim] argv[4]:		datasets/rdata/la08.txt
[runlim] argv[5]:		--factories
[runlim] argv[6]:		2
[runlim] start:			Tue Sep  1 13:26:33 2026
[runlim] child:			2165
======================================================================
INSTANCE
======================================================================
File       : datasets/rdata/la08.txt
Operations : 75
Jobs       : 15
Machines   : 5
Factories  : 2
Edges      : 60

======================================================================
GREEDY HEURISTIC
======================================================================
Greedy UB   : 639
Greedy time : 0.000267 sec

======================================================================
MODEL 1 PARAMETERS
======================================================================
Greedy UB = 639
First operations = 15
Last operations  = 15

Adding greedy MIP start...

======================================================================
MODEL STATISTICS
======================================================================
Variables    : 4486
Constraints : 8445
Greedy UB   : 639

======================================================================
START CPLEX
======================================================================
Version identifier: 22.2.0.0 | 2026-05-04 | 5dff98e58
CPXPARAM_Read_DataCheck                          1
1 of 1 MIP starts provided solutions.
MIP start 'm1' defined initial solution with objective 639.0000.
Tried aggregator 2 times.
MIP Presolve eliminated 41 rows and 18 columns.
MIP Presolve modified 30857 coefficients.
Aggregator did 67 substitutions.
Reduced MIP has 8337 rows, 4401 columns, and 41726 nonzeros.
Reduced MIP has 4325 binaries, 0 generals, 0 SOSs, and 0 indicators.
Presolve time = 0.03 sec. (37.35 ticks)
Probing time = 0.02 sec. (6.42 ticks)
Tried aggregator 1 time.
Detecting symmetries...
Reduced MIP has 8337 rows, 4401 columns, and 41726 nonzeros.
Reduced MIP has 4325 binaries, 0 generals, 0 SOSs, and 0 indicators.
Presolve time = 0.02 sec. (20.68 ticks)
Probing time = 0.00 sec. (5.62 ticks)
Clique table members: 1125.
MIP emphasis: balance optimality and feasibility.
MIP search method: dynamic search.
Parallel mode: deterministic, using up to 2 threads.
Root relaxation solution time = 0.04 sec. (74.56 ticks)

        Nodes                                         Cuts/
   Node  Left     Objective  IInf  Best Integer    Best Bound    ItCnt     Gap

*     0+    0                          639.0000      193.0000            69.80%
      0     0      382.5000   128      639.0000      382.5000      462   40.14%
*     0+    0                          637.0000      382.5000            39.95%
*     0+    0                          494.0000      382.5000            22.57%
      0     0      382.5000    79      494.0000      Cuts: 54      528   22.57%
      0     0      382.5000    70      494.0000      Cuts: 81      632   22.57%
      0     0      382.5000    75      494.0000     Cuts: 176      715   22.57%
*     0+    0                          488.0000      382.5000            21.62%
      0     0      382.5000    70      488.0000     Cuts: 148      747   21.62%
      0     0      382.5000    68      488.0000      Cuts: 15      759   21.62%
Detecting symmetries...
Detecting symmetries...
      0     2      382.5000    68      488.0000      382.5000      759   21.62%
Elapsed time = 1.40 sec. (2528.09 ticks, tree = 0.02 MB, solutions = 4)
     33    30      382.5000    64      488.0000      382.5000     1839   21.62%
    103    96      415.0000    38      488.0000      382.5000     2607   21.62%
*   150+  111                          485.0000      382.5000            21.13%
    177   158      411.0000    34      485.0000      382.5000     3045   21.13%
    258   201      382.5000    49      485.0000      382.5000     3684   21.13%
*   260+  201                          483.0000      382.5000            20.81%
    339   271      393.0000    49      483.0000      382.5000     4519   20.81%
    424   341      445.0000    32      483.0000      382.5000     5422   20.81%
*   481+  354                          480.0000      382.5000            20.31%
    481   356      472.0000    22      480.0000      382.5000     5469   20.31%
    561   450      382.5000    53      480.0000      382.5000     6231   20.31%
*   607+  467                          478.0000      382.5000            19.98%
    676   535      382.5000    56      478.0000      382.5000     7013   19.98%
*   770+  612                          477.0000      382.5000            19.81%
*   794+  644                          476.0000      382.5000            19.64%

Performing restart 1

Repeating presolve.
Tried aggregator 1 time.
MIP Presolve eliminated 18 rows and 4 columns.
MIP Presolve modified 61852 coefficients.
Reduced MIP has 8319 rows, 4397 columns, and 41604 nonzeros.
Reduced MIP has 4321 binaries, 0 generals, 0 SOSs, and 0 indicators.
Presolve time = 0.02 sec. (30.98 ticks)
Tried aggregator 1 time.
Reduced MIP has 8319 rows, 4397 columns, and 41604 nonzeros.
Reduced MIP has 4321 binaries, 0 generals, 0 SOSs, and 0 indicators.
Presolve time = 0.02 sec. (21.86 ticks)
Represolve time = 0.06 sec. (73.71 ticks)
*   801+    0                          474.0000      382.5000            19.30%
    801     0      382.5000    53      474.0000     Cuts: 134     8881   19.30%
*   801+    0                          471.0000      382.5000            18.79%
    801     0      382.5000    93      471.0000     Cuts: 151     9013   18.79%
    801     0      382.5000    74      471.0000     Cuts: 166     9107   18.79%
    801     0      382.5000    92      471.0000     Cuts: 164     9239   18.79%
*   801+    0                          467.0000      382.5000            18.09%
    801     0      382.5000    58      467.0000      Cuts: 22     9302   18.09%
    801     0      382.5000    64      467.0000     Cuts: 168     9410   18.09%
*   801+    0                          463.0000      382.5000            17.39%
    801     0      382.5000    85      463.0000     Cuts: 241     9562   17.39%
*   801+    0                          447.0000      382.5000            14.43%
*   801+    0                          446.0000      382.5000            14.24%
*   801+    0                          444.0000      382.5000            13.85%
    801     0  -1.00000e+75     0      444.0000      382.5000     9562   13.85%
    801     2      382.5000    53      444.0000      382.5000     9562   13.85%
Elapsed time = 6.83 sec. (12135.21 ticks, tree = 0.02 MB, solutions = 18)
    822    19      382.5000    70      444.0000      382.5000    10188   13.85%
    867    56      426.0000    61      444.0000      382.5000    11154   13.85%
    967   125      418.0000    47      444.0000      382.5000    12721   13.85%
   1153   261      382.5000    58      444.0000      382.5000    14908   13.85%
*  1181+  262                          439.0000      382.5000            12.87%
   1303   335      436.0000    34      439.0000      382.5000    16419   12.87%
   1564   533      430.0000    22      439.0000      382.5000    19353   12.87%
[runlim] sample:		18.40 time, 10.01 real, 136 MB, 0.31 load
   1843   740      428.0000    37      439.0000      382.5000    21632   12.87%
   2082   929      382.9972    54      439.0000      382.5000    23517   12.87%
   2281  1093      425.0000    33      439.0000      382.5000    25364   12.87%
   2584  1296      382.5000    48      439.0000      382.5000    27512   12.87%
Elapsed time = 11.16 sec. (21789.61 ticks, tree = 3.41 MB, solutions = 19)
   3031  1596      382.5000    49      439.0000      382.5000    30998   12.87%
   3472  1928      436.0000    35      439.0000      382.5000    35034   12.87%
*  3591+ 2001                          437.0000      382.5000            12.47%
*  3611+ 2018                          435.0000      382.5000            12.07%
*  3703+ 1927                          433.0000      382.5000            11.66%
*  3707+ 1927                          429.0000      382.5000            10.84%
   3883  1817      388.0000    42      429.0000      382.5000    38248   10.84%
   4277  2070      419.0000    25      429.0000      382.5000    42038   10.84%
   4684  2362    infeasible            429.0000      382.5000    45983   10.84%
   5046  2588      392.0000    50      429.0000      382.5000    49142   10.84%
   5385  2781      386.0000    55      429.0000      382.5000    51598   10.84%
   5726  2973      396.0000    36      429.0000      382.5000    54584   10.84%
   6191  3212      399.0000    32      429.0000      382.5000    57909   10.84%
   6633  3501      386.0000    46      429.0000      382.5000    62071   10.84%
Elapsed time = 14.71 sec. (31355.28 ticks, tree = 9.51 MB, solutions = 23)
*  6935+ 3633                          424.0000      382.5000             9.79%
   7075  3127      418.0000    22      424.0000      382.5000    65537    9.79%
   7438  3334      395.0000    37      424.0000      382.5000    69111    9.79%
   7743  3516      406.0000    29      424.0000      382.5000    72425    9.79%
   8125  3720      384.3377    46      424.0000      382.5000    75724    9.79%
   8384  3926      382.5000    46      424.0000      382.5000    79219    9.79%
   8630  4068      384.2653    48      424.0000      382.5000    82261    9.79%
   8975  4294      404.0000    34      424.0000      382.5000    85759    9.79%
   9339  4516      384.0000    45      424.0000      382.5000    89156    9.79%
   9704  4719      405.0000    34      424.0000      382.5000    92406    9.79%
*  9934+ 4839                          421.0000      382.5000             9.14%
  10065  4981      399.4000    40      421.0000      382.5000    97603    9.14%
Elapsed time = 18.35 sec. (40930.47 ticks, tree = 13.59 MB, solutions = 25)
* 10092+ 4524                          420.0000      382.5000             8.93%
* 10095+ 4523                          415.0000      382.5000             7.83%
  10346  4052      382.5000    51      415.0000      382.5000   100940    7.83%
  10766  4215      382.5000    53      415.0000      382.5000   104871    7.83%
[runlim] sample:		37.89 time, 20.02 real, 142 MB, 0.72 load
  11095  4337      395.2500    35      415.0000      382.5000   107450    7.83%
  11436  4508      389.0000    41      415.0000      382.5000   111841    7.83%
  11761  4720      397.2000    52      415.0000      382.5000   116225    7.83%
  12023  4934      387.0000    43      415.0000      382.5000   119387    7.83%
  12470  5141      408.0000    29      415.0000      382.5000   122821    7.83%
  12794  5380      382.5000    45      415.0000      382.5000   126364    7.83%
  13190  5661      400.0000    36      415.0000      382.5000   130243    7.83%
  13542  5861      395.0000    35      415.0000      382.5000   134143    7.83%
Elapsed time = 22.06 sec. (50480.73 ticks, tree = 15.85 MB, solutions = 27)
  13722  6006      404.0000    38      415.0000      382.5000   137233    7.83%
  14097  6142      400.0000    31      415.0000      382.5000   139003    7.83%
  14447  6375      404.0000    40      415.0000      382.5000   142199    7.83%
  14803  6638      414.0000    30      415.0000      382.5000   147321    7.83%
  15166  6783      385.7500    43      415.0000      382.5000   150590    7.83%
  15544  7053        cutoff            415.0000      382.5000   155231    7.83%
  15965  7285      404.0000    37      415.0000      382.5000   160065    7.83%
[runlim] sample:		57.44 time, 30.01 real, 151 MB, 0.92 load
  16255  7528    infeasible            415.0000      382.5000   164640    7.83%
  16420  7618      414.0000    33      415.0000      382.5000   166368    7.83%
  16593  7631      409.0000    38      415.0000      382.5000   166659    7.83%
Elapsed time = 32.67 sec. (70204.27 ticks, tree = 20.61 MB, solutions = 27)
  17023  7884        cutoff            415.0000      382.5000   170908    7.83%
  17475  8033      382.8293    46      415.0000      382.5000   174856    7.83%
  17980  8306      382.5000    49      415.0000      382.5000   179180    7.83%
  18419  8505      414.0000    29      415.0000      382.5000   184322    7.83%
  18771  8692      407.0000    41      415.0000      382.5000   188193    7.83%
  19156  8926      382.6142    53      415.0000      382.5000   192564    7.83%
  19421  9144      399.0000    41      415.0000      382.5000   196417    7.83%
  19714  9237      392.6000    43      415.0000      382.5000   198075    7.83%
  20094  9469      382.5000    42      415.0000      382.5000   202792    7.83%
  20449  9682      382.5000    47      415.0000      382.5000   206491    7.83%
Elapsed time = 36.23 sec. (79769.16 ticks, tree = 26.47 MB, solutions = 27)
  20781  9912      412.0000    38      415.0000      382.5000   210911    7.83%
  21158 10063      399.4000    43      415.0000      382.5000   214671    7.83%
  21509 10236      382.5000    46      415.0000      382.5000   219889    7.83%
  21826 10391      383.2727    41      415.0000      382.5000   224248    7.83%
  22213 10549      382.5000    49      415.0000      382.5000   228941    7.83%
  22441 10715      389.3529    44      415.0000      382.5000   233485    7.83%
  22730 10813      401.4000    43      415.0000      382.5000   237128    7.83%
  23165 10953      382.5000    57      415.0000      382.5000   240381    7.83%
[runlim] sample:		76.96 time, 40.01 real, 164 MB, 1.08 load
  23532 11237      398.4000    38      415.0000      382.5000   246984    7.83%
  23925 11363      382.5000    50      415.0000      382.5000   250066    7.83%
Elapsed time = 39.91 sec. (89339.67 ticks, tree = 31.04 MB, solutions = 27)
  24339 11541      411.0000    37      415.0000      382.5000   255005    7.83%
  24732 11689      396.0000    43      415.0000      382.5000   259997    7.83%
  25142 11874      413.0000    18      415.0000      382.5000   265525    7.83%
  25562 12138      411.0000    27      415.0000      382.5000   271267    7.83%
  25979 12269      398.4000    42      415.0000      382.5000   274945    7.83%
  26383 12549        cutoff            415.0000      382.5000   281102    7.83%
  26767 12722      385.0000    47      415.0000      382.5000   285486    7.83%
  27133 12829      413.0000    28      415.0000      382.5000   288519    7.83%
  27468 13022      414.6000    41      415.0000      382.5000   292515    7.83%
  27829 13250      414.0000    12      415.0000      382.5000   298112    7.83%
Elapsed time = 43.34 sec. (98895.29 ticks, tree = 36.17 MB, solutions = 27)
  28244 13396        cutoff            415.0000      382.5000   301316    7.83%
  28556 13591      405.8000    37      415.0000      382.5000   305599    7.83%
  28965 13776      382.5349    51      415.0000      382.5000   310368    7.83%
  29413 14003      398.4000    34      415.0000      382.5000   314700    7.83%
  29802 14235      383.5381    44      415.0000      382.5000   319141    7.83%
  30115 14436      399.4000    46      415.0000      382.5000   322737    7.83%
  30286 14516      382.5000    50      415.0000      382.5000   324706    7.83%
  30590 14577      382.5000    51      415.0000      382.5000   326973    7.83%
  30956 14866      382.5000    48      415.0000      382.5000   331332    7.83%
* 31182+14988                          414.0000      382.5000             7.61%
* 31533+13996                          412.0000      382.5000             7.16%
  32066 13586      397.0000    41      412.0000      382.5000   343512    7.16%
Elapsed time = 48.44 sec. (111306.57 ticks, tree = 37.04 MB, solutions = 29)
[runlim] sample:		96.44 time, 50.01 real, 179 MB, 1.39 load
  33617 14253      405.2000    34      412.0000      382.5000   360718    7.16%
  35375 15048      408.2000    39      412.0000      382.5000   379781    7.16%
  37093 16056      392.0000    50      412.0000      382.5000   400853    7.16%
* 37237+15933                          411.0000      382.5000             6.93%
  38405 16234      384.0000    45      411.0000      382.5000   416451    6.93%
  39742 16853      391.0000    42      411.0000      382.5000   431794    6.93%
  40996 17439      405.0000    53      411.0000      382.5000   448723    6.93%
  42451 18169      392.6000    34      411.0000      382.5000   468537    6.93%
[runlim] sample:		116.02 time, 60.01 real, 188 MB, 1.63 load
  43996 18897      408.0000    21      411.0000      382.5000   485803    6.93%
  45692 19742      400.0000    19      411.0000      382.5000   504830    6.93%
  47348 20699      386.7410    42      411.0000      382.5000   525576    6.93%
Elapsed time = 63.05 sec. (149477.17 ticks, tree = 57.08 MB, solutions = 30)
  48325 21154      385.9001    54      411.0000      382.5000   535476    6.93%
  49474 21673      382.5000    54      411.0000      382.5000   548559    6.93%
  50483 22243      392.0000    64      411.0000      382.5000   560996    6.93%
  51517 22839      382.5000    58      411.0000      382.5000   577486    6.93%
[runlim] sample:		135.57 time, 70.01 real, 198 MB, 1.76 load
  52627 23366    infeasible            411.0000      382.5000   596154    6.93%
  53857 23861      408.0000    45      411.0000      382.5000   613380    6.93%
  55238 24429      405.5000    37      411.0000      382.5000   630960    6.93%
  56737 25204      382.6875    39      411.0000      382.5000   652744    6.93%
  58083 25883      409.0000    44      411.0000      382.5000   675991    6.93%
* 58727 26028      integral     0      410.0000      382.5000   680684    6.71%
  59564 25704      382.5000    45      410.0000      382.5000   695457    6.71%
Elapsed time = 77.24 sec. (187692.12 ticks, tree = 70.25 MB, solutions = 31)
  61064 26338      387.0000    48      410.0000      382.5000   718512    6.71%
[runlim] sample:		155.18 time, 80.01 real, 199 MB, 1.80 load
  62647 26827      382.5000    49      410.0000      382.5000   740910    6.71%
  64288 27473      397.0000    42      410.0000      382.5000   762644    6.71%
  65911 28140      407.0000    26      410.0000      382.5000   789347    6.71%
  67510 28758      390.2727    45      410.0000      382.5000   813121    6.71%
  69070 29452        cutoff            410.0000      382.5000   836428    6.71%
  70545 30044      403.0000    36      410.0000      382.5000   858744    6.71%
  72071 30719      389.0000    41      410.0000      382.5000   879950    6.71%
[runlim] sample:		174.87 time, 90.01 real, 213 MB, 1.91 load
  73462 31234      389.0000    37      410.0000      382.5000   898005    6.71%
  74870 31720      382.5000    47      410.0000      382.5000   917876    6.71%
Elapsed time = 91.18 sec. (225863.89 ticks, tree = 86.54 MB, solutions = 31)
  76166 32181      392.0000    41      410.0000      382.5000   936769    6.71%
  77605 32711      397.0000    42      410.0000      382.5000   960714    6.71%
  79005 33215      382.5000    51      410.0000      382.5000   980252    6.71%
  80313 33877      391.0000    49      410.0000      382.5000   998376    6.71%
  81817 34511      395.0000    45      410.0000      382.5000  1016338    6.71%
[runlim] sample:		194.53 time, 100.01 real, 222 MB, 1.92 load
  83430 35295      382.5000    59      410.0000      382.5000  1039634    6.71%
  85085 35880      406.0000    37      410.0000      382.5000  1057958    6.71%
  86450 36692      407.0000    35      410.0000      382.5000  1080498    6.71%
  87764 37383      384.4898    51      410.0000      382.5000  1102591    6.71%
  89205 38136      409.0000    37      410.0000      382.5000  1125813    6.71%
Elapsed time = 105.04 sec. (264045.64 ticks, tree = 104.83 MB, solutions = 31)
  90650 38870    infeasible            410.0000      382.5000  1148030    6.71%
  92058 39611      408.3333    33      410.0000      382.5000  1168081    6.71%
  93564 40287      400.4000    40      410.0000      382.5000  1188972    6.71%
[runlim] sample:		214.19 time, 110.01 real, 240 MB, 1.93 load
  95226 40989      382.5000    57      410.0000      382.5000  1207850    6.71%
  96910 41899      399.4000    44      410.0000      382.5000  1231972    6.71%
  98457 42720      400.0000    33      410.0000      382.5000  1255532    6.71%
 100093 43361      382.5000    50      410.0000      382.5000  1280684    6.71%
 101643 43906      397.0000    37      410.0000      382.5000  1303505    6.71%
 103106 44519      382.5000    50      410.0000      382.5000  1324039    6.71%
[runlim] sample:		232.57 time, 120.01 real, 264 MB, 2.02 load
 104306 44987      401.4000    36      410.0000      382.5000  1341781    6.71%
Elapsed time = 119.99 sec. (302209.92 ticks, tree = 123.01 MB, solutions = 31)
 105697 45537      394.6000    42      410.0000      382.5000  1359125    6.71%
 107143 46220      404.0000    33      410.0000      382.5000  1379166    6.71%
 108703 47027      382.5000    54      410.0000      382.5000  1398751    6.71%
 110378 47882      382.5000    41      410.0000      382.5000  1419178    6.71%
 112044 48466        cutoff            410.0000      382.5000  1433172    6.71%
 113973 49128      388.4000    34      410.0000      382.5000  1452413    6.71%
[runlim] sample:		251.46 time, 130.01 real, 273 MB, 2.02 load
 115989 49614      409.0000    32      410.0000      382.5000  1468133    6.71%
 117646 50148      396.0000    43      410.0000      382.5000  1487640    6.71%
 119134 50927      382.5000    56      410.0000      382.5000  1508828    6.71%
 120502 51357      395.0000    47      410.0000      382.5000  1524308    6.71%
Elapsed time = 134.30 sec. (340381.11 ticks, tree = 140.32 MB, solutions = 31)
 122305 52238      409.0000    39      410.0000      382.5000  1545162    6.71%
 124119 53187      401.6000    37      410.0000      382.5000  1566415    6.71%
 125841 54075      406.0000    38      410.0000      382.5000  1585900    6.71%
[runlim] sample:		271.29 time, 140.02 real, 294 MB, 2.02 load
 127444 54949      383.5168    61      410.0000      382.5000  1608250    6.71%
 129118 55907      382.5000    46      410.0000      382.5000  1632136    6.71%
 130839 56817      408.0000    30      410.0000      382.5000  1652092    6.71%
 132428 57548      392.0000    45      410.0000      382.5000  1669343    6.71%
 134117 58356      391.0000    40      410.0000      382.5000  1687681    6.71%
*135561+59167                          409.0000      382.5000             6.48%
 135616 56762      400.0000    43      409.0000      382.5000  1706271    6.48%
 136676 57339      382.5000    51      409.0000      382.5000  1720276    6.48%
Elapsed time = 148.32 sec. (378548.08 ticks, tree = 156.52 MB, solutions = 32)
[runlim] sample:		291.14 time, 150.01 real, 301 MB, 2.01 load
 138231 58064      402.0000    42      409.0000      382.5000  1741020    6.48%
 139795 58665      382.5000    51      409.0000      382.5000  1754563    6.48%
 141249 59398      395.8000    31      409.0000      382.5000  1773380    6.48%
*141824 59682      integral     0      408.0000      382.5000  1780947    6.25%
 142918 57040      382.5000    48      408.0000      382.5000  1796718    6.25%
 144523 57817      406.2500    40      408.0000      382.5000  1822208    6.25%
 146259 58476      395.0000    43      408.0000      382.5000  1842549    6.25%
 147992 59334      386.2000    37      408.0000      382.5000  1865428    6.25%
*149600+60026                          407.0000      382.5000             6.02%
*149600+60007                          405.0000      382.5000             5.56%
 149672 51489      401.0000    31      405.0000      382.5000  1884278    5.56%
[runlim] sample:		310.98 time, 160.01 real, 304 MB, 2.01 load
*150100+51647                          404.0000      382.5000             5.32%
 151004 48460      386.2000    42      404.0000      382.5000  1898134    5.32%
 152724 49279      395.0000    34      404.0000      382.5000  1921223    5.32%
Elapsed time = 162.24 sec. (416730.56 ticks, tree = 134.43 MB, solutions = 37)
 154283 49960      389.6000    39      404.0000      382.5000  1943657    5.32%
 156039 50467      386.2000    44      404.0000      382.5000  1963219    5.32%
 157749 51215      403.0000    42      404.0000      382.5000  1988896    5.32%
 159489 51926      382.5000    58      404.0000      382.5000  2013990    5.32%
[runlim] sample:		330.82 time, 170.01 real, 304 MB, 2.01 load
 160861 52494      382.5000    54      404.0000      382.5000  2032276    5.32%
 162308 53196      401.6000    40      404.0000      382.5000  2055336    5.32%
 163902 53702      387.6000    45      404.0000      382.5000  2074819    5.32%
 165169 54221      382.5000    56      404.0000      382.5000  2090576    5.32%
 166772 55029      398.5000    31      404.0000      382.5000  2114570    5.32%
 168402 55759      403.0000    33      404.0000      382.5000  2134205    5.32%
Elapsed time = 176.52 sec. (454910.47 ticks, tree = 152.17 MB, solutions = 37)
 170180 56565      402.0000    28      404.0000      382.5000  2155472    5.32%
 171982 57522      399.4000    33      404.0000      382.5000  2179895    5.32%
[runlim] sample:		350.68 time, 180.01 real, 306 MB, 2.01 load
 173533 58177      395.8000    39      404.0000      382.5000  2198471    5.32%
 175247 58776      382.5000    47      404.0000      382.5000  2219978    5.32%
 176923 59572        cutoff            404.0000      382.5000  2245686    5.32%
 178301 60011      397.0000    43      404.0000      382.5000  2260960    5.32%
 179624 60619      395.0000    40      404.0000      382.5000  2281399    5.32%
 180919 61055      395.5000    43      404.0000      382.5000  2297152    5.32%
 182481 61720      382.5000    53      404.0000      382.5000  2319176    5.32%
[runlim] sample:		370.47 time, 190.01 real, 315 MB, 2.01 load
 184247 62332      391.8000    41      404.0000      382.5000  2337811    5.32%
Elapsed time = 190.47 sec. (493076.03 ticks, tree = 170.11 MB, solutions = 37)
 185828 62997      393.5000    37      404.0000      382.5000  2358918    5.32%
 187447 63712      395.0000    47      404.0000      382.5000  2379931    5.32%
*188386+64047                          401.0000      382.5000             4.61%
 189056 54550      385.7258    50      401.0000      382.5000  2401763    4.61%
 190113 54954        cutoff            401.0000      382.5000  2416510    4.61%
 191649 55599      395.0000    42      401.0000      382.5000  2442440    4.61%
 193125 56172      388.6000    39      401.0000      382.5000  2465823    4.61%
[runlim] sample:		390.31 time, 200.01 real, 319 MB, 2.00 load
 194708 56585      383.0000    47      401.0000      382.5000  2484241    4.61%
 196385 57190      382.5000    51      401.0000      382.5000  2506885    4.61%
 197974 58048      388.6000    49      401.0000      382.5000  2536163    4.61%
 199494 58600      391.0000    42      401.0000      382.5000  2560405    4.61%
Elapsed time = 204.49 sec. (531242.96 ticks, tree = 159.52 MB, solutions = 38)
 201027 59133      388.1525    48      401.0000      382.5000  2580004    4.61%
 202502 59650      382.5000    50      401.0000      382.5000  2601626    4.61%
 203735 60068        cutoff            401.0000      382.5000  2619664    4.61%
[runlim] sample:		410.15 time, 210.01 real, 319 MB, 2.08 load
 205339 60628      385.6000    39      401.0000      382.5000  2637667    4.61%
 206886 60963      382.5000    52      401.0000      382.5000  2650959    4.61%
 208343 61513      382.5000    48      401.0000      382.5000  2668269    4.61%
 209890 61948      400.0000    36      401.0000      382.5000  2686443    4.61%
 211364 62453      388.0000    34      401.0000      382.5000  2705905    4.61%
 212695 62940      382.5000    44      401.0000      382.5000  2727564    4.61%
 214487 63443      394.0000    40      401.0000      382.5000  2743331    4.61%
Elapsed time = 218.80 sec. (569414.29 ticks, tree = 172.69 MB, solutions = 38)
[runlim] sample:		430.00 time, 220.01 real, 329 MB, 2.07 load
 216190 64384      387.4000    51      401.0000      382.5000  2767515    4.61%
 217481 64938      385.6000    42      401.0000      382.5000  2786667    4.61%
 219083 65578      400.0000    43      401.0000      382.5000  2807709    4.61%
 220200 66006      395.0000    37      401.0000      382.5000  2827036    4.61%
 221857 66660      382.5000    52      401.0000      382.5000  2848338    4.61%
 223514 67257      382.5000    52      401.0000      382.5000  2870505    4.61%
 225134 67763        cutoff            401.0000      382.5000  2893934    4.61%
[runlim] sample:		449.84 time, 230.01 real, 333 MB, 2.06 load
 226662 68427      382.5000    63      401.0000      382.5000  2916492    4.61%
 228510 69030        cutoff            401.0000      382.5000  2932758    4.61%
 229989 69776      393.8000    45      401.0000      382.5000  2953485    4.61%
Elapsed time = 232.55 sec. (607601.72 ticks, tree = 192.50 MB, solutions = 38)
 231688 70627      382.5000    52      401.0000      382.5000  2972061    4.61%
 233219 71391      385.7537    42      401.0000      382.5000  2993382    4.61%
 234675 71879      396.6000    36      401.0000      382.5000  3010598    4.61%
 236598 72669      400.0000    17      401.0000      382.5000  3035766    4.61%
 238384 73295      389.0000    50      401.0000      382.5000  3050698    4.61%
[runlim] sample:		469.69 time, 240.01 real, 341 MB, 2.05 load
 240163 74131      396.0000    34      401.0000      382.5000  3077938    4.61%
 241923 74710      382.5000    51      401.0000      382.5000  3097082    4.61%
 243530 75410      382.5000    51      401.0000      382.5000  3118811    4.61%
 245320 76098      398.0000    42      401.0000      382.5000  3133866    4.61%
 246961 76732      384.4000    41      401.0000      382.5000  3148857    4.61%
Elapsed time = 246.56 sec. (645772.35 ticks, tree = 211.07 MB, solutions = 38)
 248499 77596      382.5000    49      401.0000      382.5000  3164911    4.61%
 250300 78237      394.0000    39      401.0000      382.5000  3189495    4.61%
[runlim] sample:		489.47 time, 250.01 real, 368 MB, 2.04 load
 251920 79119      382.5000    52      401.0000      382.5000  3217095    4.61%
 253649 79685      382.5000    46      401.0000      382.5000  3233148    4.61%
 255305 80362      399.4000    40      401.0000      382.5000  3253965    4.61%
 256692 81062      383.8000    48      401.0000      382.5000  3273946    4.61%
 258341 81711      397.0000    32      401.0000      382.5000  3295294    4.61%
 259862 82412        cutoff            401.0000      382.5000  3315779    4.61%
 261445 83080    infeasible            401.0000      382.5000  3337078    4.61%
[runlim] sample:		509.32 time, 260.01 real, 375 MB, 2.04 load
 262930 83490      382.5000    55      401.0000      382.5000  3347687    4.61%
Elapsed time = 260.53 sec. (683946.00 ticks, tree = 228.98 MB, solutions = 38)
 264403 84301      383.7329    46      401.0000      382.5000  3366024    4.61%
 266232 85400      382.5000    48      401.0000      382.5000  3390868    4.61%
 267459 85858      397.2000    38      401.0000      382.5000  3402814    4.61%
 269285 86800      397.2000    35      401.0000      382.5000  3423310    4.61%
 271042 87773      382.5000    53      401.0000      382.5000  3444269    4.61%
 272745 88522      386.2000    41      401.0000      382.5000  3460352    4.61%
[runlim] sample:		529.16 time, 270.01 real, 388 MB, 2.03 load
 274460 89098      386.0000    51      401.0000      382.5000  3474824    4.61%
 276107 90202      395.0000    45      401.0000      382.5000  3504369    4.61%
 277619 91017      389.0416    50      401.0000      382.5000  3522605    4.61%
 279318 91737      394.0000    37      401.0000      382.5000  3537611    4.61%
Elapsed time = 274.34 sec. (722106.65 ticks, tree = 250.60 MB, solutions = 38)
 281166 92464        cutoff            401.0000      382.5000  3552322    4.61%
 282781 93535      394.0000    38      401.0000      382.5000  3578713    4.61%
 284608 94376      398.2500    38      401.0000      382.5000  3600987    4.61%
[runlim] sample:		549.00 time, 280.01 real, 406 MB, 2.02 load
 286361 94848      384.6000    46      401.0000      382.5000  3610867    4.61%
 287789 95829      394.6000    45      401.0000      382.5000  3636698    4.61%
 289496 96402      397.0000    35      401.0000      382.5000  3650049    4.61%
 291279 97131      387.2000    41      401.0000      382.5000  3668368    4.61%
 292921 97867      382.5000    54      401.0000      382.5000  3693224    4.61%
 294556 98435      389.2015    46      401.0000      382.5000  3709697    4.61%
 296421 99133      384.0000    38      401.0000      382.5000  3733002    4.61%
Elapsed time = 287.95 sec. (760280.78 ticks, tree = 270.15 MB, solutions = 38)
 298095 100058      382.5000    52      401.0000      382.5000  3756472    4.61%
[runlim] sample:		568.84 time, 290.01 real, 421 MB, 2.02 load
 299737 100829        cutoff            401.0000      382.5000  3776078    4.61%
 301508 101840      391.8000    47      401.0000      382.5000  3795410    4.61%
 303460 102765      400.0000    42      401.0000      382.5000  3814820    4.61%
 304827 103595      395.6000    49      401.0000      382.5000  3832313    4.61%
 306694 104329      392.2000    42      401.0000      382.5000  3850144    4.61%
 308292 105149      382.5000    52      401.0000      382.5000  3870496    4.61%
 310110 105942      382.5000    54      401.0000      382.5000  3887024    4.61%
[runlim] sample:		588.69 time, 300.01 real, 437 MB, 2.02 load
 311531 106930      382.5000    46      401.0000      382.5000  3906012    4.61%
 313426 107583      393.2000    33      401.0000      382.5000  3921886    4.61%
Elapsed time = 301.86 sec. (798458.87 ticks, tree = 292.40 MB, solutions = 38)
 314278 108213      399.6000    42      401.0000      382.5000  3937917    4.61%
 315626 108764      399.0000    31      401.0000      382.5000  3951207    4.61%
 317271 109482      398.6000    42      401.0000      382.5000  3966616    4.61%
 318888 110038      382.5000    45      401.0000      382.5000  3983533    4.61%
 320467 111134      382.5000    50      401.0000      382.5000  4010382    4.61%
[runlim] sample:		608.49 time, 310.01 real, 446 MB, 2.09 load
 321999 111725      382.8000    43      401.0000      382.5000  4028201    4.61%
 323606 112430      385.4000    44      401.0000      382.5000  4046762    4.61%
 325185 113227      397.8000    45      401.0000      382.5000  4070471    4.61%
 326932 113975      399.6000    39      401.0000      382.5000  4090858    4.61%
 328552 114758      400.0000    42      401.0000      382.5000  4115730    4.61%
Elapsed time = 315.53 sec. (836640.68 ticks, tree = 311.54 MB, solutions = 38)
 330272 115623      382.5000    48      401.0000      382.5000  4145803    4.61%
 332203 116446      397.0000    48      401.0000      382.5000  4165237    4.61%
[runlim] sample:		628.33 time, 320.01 real, 456 MB, 2.07 load
 334026 117378      388.8000    39      401.0000      382.5000  4185357    4.61%
 335534 118353      397.0000    38      401.0000      382.5000  4207321    4.61%
 336333 119008      382.5000    47      401.0000      382.5000  4220628    4.61%
 336900 119287      393.2000    41      401.0000      382.5000  4226301    4.61%
 337300 119333      383.3529    45      401.0000      382.5000  4227813    4.61%
 337751 119733      394.2000    43      401.0000      382.5000  4237170    4.61%
[runlim] sample:		648.20 time, 330.01 real, 488 MB, 2.06 load
 338200 119922      393.2500    41      401.0000      382.5000  4240671    4.61%
 338500 120082      396.0000    45      401.0000      382.5000  4243867    4.61%
Elapsed time = 333.31 sec. (879029.97 ticks, tree = 325.40 MB, solutions = 38)
 338899 120290      387.0000    43      401.0000      382.5000  4247878    4.61%
 339100 120461      387.0000    44      401.0000      382.5000  4251502    4.61%
 340307 120734      393.2000    50      401.0000      382.5000  4256488    4.61%
[runlim] sample:		668.05 time, 340.01 real, 491 MB, 2.13 load
 342107 121696      382.5000    58      401.0000      382.5000  4283526    4.61%
 343824 122562      384.4000    42      401.0000      382.5000  4305362    4.61%
 345616 123296      382.5000    48      401.0000      382.5000  4325339    4.61%
 347387 124266      382.5000    51      401.0000      382.5000  4355298    4.61%
 349472 125307      391.2000    41      401.0000      382.5000  4383651    4.61%
 351450 126192      382.5000    65      401.0000      382.5000  4404332    4.61%
 353396 127038      382.5000    51      401.0000      382.5000  4427649    4.61%
Elapsed time = 347.77 sec. (918232.68 ticks, tree = 343.79 MB, solutions = 38)
 355315 127802      391.2000    42      401.0000      382.5000  4449486    4.61%
[runlim] sample:		687.90 time, 350.01 real, 491 MB, 2.11 load
*356791 128830      integral     0      400.0000      382.5000  4473375    4.37%
 357386 115317      395.0000    38      400.0000      382.5000  4476515    4.37%
 359327 116023      395.0000    57      400.0000      382.5000  4499222    4.37%
 361107 117020    infeasible            400.0000      382.5000  4526250    4.37%
 363055 118140      395.2500    37      400.0000      382.5000  4557952    4.37%
 364806 118868      382.5000    48      400.0000      382.5000  4579304    4.37%
 366671 119606      395.0000    49      400.0000      382.5000  4598080    4.37%
 368431 120587      383.8000    45      400.0000      382.5000  4625592    4.37%
[runlim] sample:		707.74 time, 360.01 real, 495 MB, 2.09 load
 370168 121289      382.5000    51      400.0000      382.5000  4648188    4.37%
 371933 121983      382.5000    51      400.0000      382.5000  4668300    4.37%
Elapsed time = 360.89 sec. (956388.61 ticks, tree = 329.64 MB, solutions = 39)
 373656 122832      382.5000    55      400.0000      382.5000  4691192    4.37%
 375394 123483      387.0000    43      400.0000      382.5000  4709748    4.37%
 377101 124417      388.6000    50      400.0000      382.5000  4731930    4.37%
 378639 125102      382.5000    49      400.0000      382.5000  4755872    4.37%
 380346 125856      382.5000    56      400.0000      382.5000  4780122    4.37%
 382155 126855        cutoff            400.0000      382.5000  4805801    4.37%
[runlim] sample:		727.54 time, 370.01 real, 495 MB, 2.08 load
 384221 127585      397.0000    41      400.0000      382.5000  4818191    4.37%
*385018+127939                          397.0000      382.5000             3.65%
 385463 102415      383.1330    51      397.0000      382.5000  4837362    3.65%
 387367 103197      382.5000    54      397.0000      382.5000  4864905    3.65%
 389057 103810      396.0000    41      397.0000      382.5000  4887203    3.65%
Elapsed time = 374.26 sec. (994556.24 ticks, tree = 280.14 MB, solutions = 40)
 390856 104832      395.0000    40      397.0000      382.5000  4919444    3.65%
 392737 105527      386.4000    47      397.0000      382.5000  4942262    3.65%
 394551 105987      383.2461    46      397.0000      382.5000  4958298    3.65%
[runlim] sample:		747.39 time, 380.01 real, 502 MB, 2.06 load
 396512 107091      382.5000    52      397.0000      382.5000  4987798    3.65%
 398390 108215      392.4000    45      397.0000      382.5000  5017703    3.65%
 400233 108815      382.5000    58      397.0000      382.5000  5040597    3.65%
 401990 109511        cutoff            397.0000      382.5000  5065021    3.65%
 403774 110564      386.8560    58      397.0000      382.5000  5095052    3.65%
 405583 111099      382.5000    60      397.0000      382.5000  5110344    3.65%
 407343 111716      382.5000    53      397.0000      382.5000  5135356    3.65%
Elapsed time = 387.33 sec. (1032731.10 ticks, tree = 300.92 MB, solutions = 40)
 409365 112650      395.4000    42      397.0000      382.5000  5170722    3.65%
[runlim] sample:		767.25 time, 390.02 real, 503 MB, 2.05 load
 411170 113471      394.0000    37      397.0000      382.5000  5191950    3.65%
 413096 114184      382.5000    52      397.0000      382.5000  5214122    3.65%
 414923 115098        cutoff            397.0000      382.5000  5248078    3.65%
 416798 115812      383.0000    56      397.0000      382.5000  5269238    3.65%
 418606 116861      393.7500    48      397.0000      382.5000  5301990    3.65%
 420486 117447      382.5000    48      397.0000      382.5000  5315388    3.65%
 422397 118538      395.0000    45      397.0000      382.5000  5343568    3.65%
 424060 119392      395.2000    43      397.0000      382.5000  5367066    3.65%
[runlim] sample:		787.08 time, 400.01 real, 503 MB, 2.04 load
 425694 120171      382.5000    57      397.0000      382.5000  5397462    3.65%
Elapsed time = 400.31 sec. (1070888.48 ticks, tree = 323.17 MB, solutions = 40)
 427514 120766      382.5000    54      397.0000      382.5000  5418788    3.65%
 429202 121302      396.0000    41      397.0000      382.5000  5436953    3.65%
 431038 122117      396.0000    47      397.0000      382.5000  5456899    3.65%
 432820 123352      391.4000    44      397.0000      382.5000  5486349    3.65%
 434621 124052      387.2500    54      397.0000      382.5000  5507787    3.65%
 436360 124646      393.2000    48      397.0000      382.5000  5522290    3.65%
[runlim] sample:		806.93 time, 410.01 real, 502 MB, 2.04 load
 438128 125741      396.0000    37      397.0000      382.5000  5553472    3.65%
 440073 126539      391.0000    42      397.0000      382.5000  5575727    3.65%
 441912 127684      396.2000    47      397.0000      382.5000  5604795    3.65%
 443739 128455        cutoff            397.0000      382.5000  5627188    3.65%
Elapsed time = 413.34 sec. (1109058.95 ticks, tree = 344.71 MB, solutions = 40)
 445621 129105      395.0000    36      397.0000      382.5000  5651224    3.65%
 447472 129983      390.6000    42      397.0000      382.5000  5672275    3.65%
 449483 130968      385.4000    50      397.0000      382.5000  5693726    3.65%
 451384 132043      382.5000    55      397.0000      382.5000  5718734    3.65%
[runlim] sample:		826.75 time, 420.01 real, 524 MB, 2.03 load
 451899 132423      395.6000    44      397.0000      382.5000  5727849    3.65%
 452314 132982      388.8000    48      397.0000      382.5000  5739139    3.65%
 452525 133034      390.0000    53      397.0000      382.5000  5740397    3.65%
 453099 133322      384.8000    44      397.0000      382.5000  5745159    3.65%
[runlim] sample:		846.53 time, 430.01 real, 533 MB, 2.11 load
 454506 133681      396.6000    34      397.0000      382.5000  5752260    3.65%
 456544 135138        cutoff            397.0000      382.5000  5783237    3.65%
Elapsed time = 430.90 sec. (1153096.14 ticks, tree = 365.01 MB, solutions = 40)
 458601 136115      390.8000    42      397.0000      382.5000  5803589    3.65%
 460552 136672      395.6000    49      397.0000      382.5000  5813843    3.65%
 462424 138113      391.2000    49      397.0000      382.5000  5844451    3.65%
 464343 138475    infeasible            397.0000      382.5000  5855792    3.65%
 466373 140231      390.0000    48      397.0000      382.5000  5895946    3.65%
 468410 140723      389.0000    47      397.0000      382.5000  5907237    3.65%
[runlim] sample:		866.37 time, 440.01 real, 537 MB, 2.09 load
 470410 142127      391.0000    42      397.0000      382.5000  5937194    3.65%
 472346 143127      396.2000    50      397.0000      382.5000  5955680    3.65%
 474284 143517      389.6000    42      397.0000      382.5000  5970733    3.65%
 476232 144666      390.2000    44      397.0000      382.5000  6004252    3.65%
Elapsed time = 443.64 sec. (1191257.34 ticks, tree = 389.58 MB, solutions = 40)
 478336 145511      394.0000    46      397.0000      382.5000  6026177    3.65%
 480147 146645      382.5000    55      397.0000      382.5000  6062027    3.65%
 482188 147155        cutoff            397.0000      382.5000  6073378    3.65%
 484033 147990      382.5000    49      397.0000      382.5000  6097295    3.65%
[runlim] sample:		886.23 time, 450.01 real, 548 MB, 2.08 load
 485912 148925      393.4000    49      397.0000      382.5000  6119973    3.65%
 487874 150216      395.0000    42      397.0000      382.5000  6151683    3.65%
 489714 150693      390.2500    43      397.0000      382.5000  6163120    3.65%
 491521 151630      382.5000    59      397.0000      382.5000  6185448    3.65%
 492599 152279      389.6000    39      397.0000      382.5000  6200867    3.65%
 494316 153402      390.0000    41      397.0000      382.5000  6226269    3.65%
Elapsed time = 458.22 sec. (1233495.11 ticks, tree = 412.45 MB, solutions = 40)
[runlim] sample:		906.08 time, 460.01 real, 587 MB, 2.14 load
 496090 154626      395.0000    49      397.0000      382.5000  6256083    3.65%
 497902 155511      382.5000    50      397.0000      382.5000  6277472    3.65%
 499664 155995      394.0000    46      397.0000      382.5000  6288976    3.65%
 501341 157230      391.8000    44      397.0000      382.5000  6318375    3.65%
 503115 157671      384.4000    53      397.0000      382.5000  6331648    3.65%
 504894 158418      388.0000    44      397.0000      382.5000  6356368    3.65%
 506784 159141      390.3333    41      397.0000      382.5000  6382765    3.65%
 508840 160520      387.0000    42      397.0000      382.5000  6418338    3.65%
[runlim] sample:		925.90 time, 470.01 real, 591 MB, 2.12 load
 510861 161488      386.0000    50      397.0000      382.5000  6442518    3.65%
 512746 162336      389.8000    39      397.0000      382.5000  6466965    3.65%
Elapsed time = 470.91 sec. (1271653.44 ticks, tree = 437.45 MB, solutions = 40)
 514649 163302      395.0000    48      397.0000      382.5000  6492428    3.65%
 516686 164208      396.8000    48      397.0000      382.5000  6514269    3.65%
 518788 165296      382.5000    56      397.0000      382.5000  6539986    3.65%
 520792 166199      383.2000    42      397.0000      382.5000  6564840    3.65%
 522176 166939      392.4000    45      397.0000      382.5000  6589750    3.65%
 523893 167566      391.0000    50      397.0000      382.5000  6607684    3.65%
[runlim] sample:		945.76 time, 480.01 real, 613 MB, 2.10 load
 525923 168659      391.0000    40      397.0000      382.5000  6640248    3.65%
 527627 169705      393.4000    41      397.0000      382.5000  6664310    3.65%
 529493 170590      384.6000    43      397.0000      382.5000  6683234    3.65%
 531487 171687      389.4000    53      397.0000      382.5000  6704196    3.65%
Elapsed time = 484.55 sec. (1309830.72 ticks, tree = 461.78 MB, solutions = 40)
 533412 172651      392.8000    42      397.0000      382.5000  6726175    3.65%
 534386 173178      391.0000    47      397.0000      382.5000  6735896    3.65%
 536499 173953      382.5000    53      397.0000      382.5000  6753092    3.65%
[runlim] sample:		965.55 time, 490.01 real, 644 MB, 2.09 load
 538518 175405      384.0000    46      397.0000      382.5000  6784411    3.65%
 540477 176171      382.5000    60      397.0000      382.5000  6800648    3.65%
 542386 177134      382.8000    48      397.0000      382.5000  6824375    3.65%
 544106 178347      382.5000    47      397.0000      382.5000  6852518    3.65%
 545921 179230      393.4000    46      397.0000      382.5000  6874607    3.65%
 547099 179647      383.8000    41      397.0000      382.5000  6886291    3.65%
 548722 180326      388.0000    54      397.0000      382.5000  6903895    3.65%
Elapsed time = 498.07 sec. (1348299.76 ticks, tree = 484.19 MB, solutions = 40)
 550514 180961      387.8000    59      397.0000      382.5000  6921030    3.65%
[runlim] sample:		985.39 time, 500.02 real, 663 MB, 2.07 load
 552299 181835      394.4000    48      397.0000      382.5000  6942982    3.65%
 554048 182967      388.2500    50      397.0000      382.5000  6975817    3.65%
 555828 183728      393.4000    45      397.0000      382.5000  6999207    3.65%
 557755 184673      391.8000    46      397.0000      382.5000  7022896    3.65%
 559623 185650      389.0000    51      397.0000      382.5000  7046320    3.65%
 561461 186548      382.5000    46      397.0000      382.5000  7070116    3.65%
 563176 187285      396.3333    46      397.0000      382.5000  7093814    3.65%
[runlim] sample:		1005.24 time, 510.01 real, 665 MB, 2.06 load
 564516 188140      388.0000    45      397.0000      382.5000  7113992    3.65%
 566440 188513      390.0000    47      397.0000      382.5000  7129862    3.65%
Elapsed time = 510.92 sec. (1386455.74 ticks, tree = 505.52 MB, solutions = 40)
 568403 189949      391.2000    42      397.0000      382.5000  7165340    3.65%
 570268 190837      382.5000    58      397.0000      382.5000  7191149    3.65%
 571671 191588      395.0000    33      397.0000      382.5000  7209381    3.65%
 573579 192122      386.8000    47      397.0000      382.5000  7223292    3.65%
 575378 193444      382.5000    52      397.0000      382.5000  7262150    3.65%
 577193 194261      388.8000    48      397.0000      382.5000  7287738    3.65%
[runlim] sample:		1025.09 time, 520.01 real, 683 MB, 2.05 load
 579030 195199      393.2000    41      397.0000      382.5000  7312811    3.65%
 581039 196040      385.8000    49      397.0000      382.5000  7336750    3.65%
 582961 196606      387.4000    40      397.0000      382.5000  7350406    3.65%
 584844 197916      396.0000    45      397.0000      382.5000  7387357    3.65%
Elapsed time = 524.03 sec. (1424633.82 ticks, tree = 532.07 MB, solutions = 40)
 586764 198365      395.0000    49      397.0000      382.5000  7402402    3.65%
 588774 199278      391.0000    54      397.0000      382.5000  7428434    3.65%
 590657 200239        cutoff            397.0000      382.5000  7454675    3.65%
 592508 201015    infeasible            397.0000      382.5000  7481703    3.65%
[runlim] sample:		1044.93 time, 530.01 real, 693 MB, 2.04 load
 594447 202207      395.2000    46      397.0000      382.5000  7521167    3.65%
 596288 202991      385.0000    50      397.0000      382.5000  7548011    3.65%
 598166 203420      389.2000    47      397.0000      382.5000  7560984    3.65%
 600178 204657      392.6000    44      397.0000      382.5000  7587146    3.65%
 602060 205560      382.5000    56      397.0000      382.5000  7612269    3.65%
 603971 206580      382.5000    53      397.0000      382.5000  7637782    3.65%
Elapsed time = 536.90 sec. (1462803.61 ticks, tree = 554.74 MB, solutions = 40)
 605560 206977        cutoff            397.0000      382.5000  7652920    3.65%
[runlim] sample:		1064.78 time, 540.01 real, 717 MB, 2.04 load
 607434 208100      395.0000    43      397.0000      382.5000  7676697    3.65%
 609177 209203    infeasible            397.0000      382.5000  7708572    3.65%
 610884 209997      390.8000    45      397.0000      382.5000  7724878    3.65%
 611478 210293      384.6000    49      397.0000      382.5000  7732563    3.65%
 612299 211076      396.8000    42      397.0000      382.5000  7750746    3.65%
 612899 211218      382.5000    51      397.0000      382.5000  7754677    3.65%
 614613 211887      396.0000    51      397.0000      382.5000  7772219    3.65%
[runlim] sample:		1084.55 time, 550.01 real, 749 MB, 2.03 load
 616478 212522      395.0000    39      397.0000      382.5000  7787875    3.65%
 618226 213844      390.4000    41      397.0000      382.5000  7820128    3.65%
Elapsed time = 551.58 sec. (1501334.16 ticks, tree = 573.66 MB, solutions = 40)
 620002 214387      393.4000    50      397.0000      382.5000  7837993    3.65%
 621779 215789      386.0000    54      397.0000      382.5000  7866716    3.65%
 623693 216914        cutoff            397.0000      382.5000  7886853    3.65%
 625397 218018      382.5000    46      397.0000      382.5000  7907748    3.65%
 627179 218687        cutoff            397.0000      382.5000  7920989    3.65%
 628986 219703      382.5000    54      397.0000      382.5000  7941294    3.65%
[runlim] sample:		1104.40 time, 560.01 real, 753 MB, 2.10 load
 630807 220709      382.5000    49      397.0000      382.5000  7963942    3.65%
 632666 221638      382.5000    60      397.0000      382.5000  7981142    3.65%
 634465 222982      393.2000    48      397.0000      382.5000  8006512    3.65%
 636136 223493      388.6000    45      397.0000      382.5000  8017070    3.65%
Elapsed time = 564.41 sec. (1539509.78 ticks, tree = 598.57 MB, solutions = 40)
 637071 224620      385.4898    45      397.0000      382.5000  8042274    3.65%
 638906 225241      391.6667    22      397.0000      382.5000  8059943    3.65%
 640751 226041      391.0000    44      397.0000      382.5000  8074233    3.65%
[runlim] sample:		1124.25 time, 570.01 real, 780 MB, 2.08 load
 642538 227378      391.6000    40      397.0000      382.5000  8105388    3.65%
 644336 227968      391.0000    47      397.0000      382.5000  8120633    3.65%
 646170 229273      391.4000    46      397.0000      382.5000  8154603    3.65%
 648161 229835      382.5000    55      397.0000      382.5000  8164849    3.65%
 649976 230953      387.2000    40      397.0000      382.5000  8188674    3.65%
 650862 231664      388.4000    47      397.0000      382.5000  8206563    3.65%
 652702 232479      395.0000    43      397.0000      382.5000  8227065    3.65%
Elapsed time = 577.83 sec. (1577681.79 ticks, tree = 624.46 MB, solutions = 40)
 654544 233471      386.0000    50      397.0000      382.5000  8251578    3.65%
[runlim] sample:		1144.10 time, 580.01 real, 808 MB, 2.07 load
 656298 233963      394.0000    37      397.0000      382.5000  8265720    3.65%
 658233 235317      382.5000    49      397.0000      382.5000  8304309    3.65%
 660125 236421      383.0000    40      397.0000      382.5000  8328289    3.65%
 662007 237558        cutoff            397.0000      382.5000  8352269    3.65%
 663854 238093      382.5000    48      397.0000      382.5000  8366755    3.65%
 665231 238835      391.6000    42      397.0000      382.5000  8383675    3.65%
 666475 239401      388.8000    48      397.0000      382.5000  8394936    3.65%
[runlim] sample:		1163.94 time, 590.01 real, 819 MB, 2.13 load
 668448 240640      393.0000    42      397.0000      382.5000  8426028    3.65%
 670383 241638      396.0000    41      397.0000      382.5000  8455108    3.65%
Elapsed time = 591.66 sec. (1615847.47 ticks, tree = 648.32 MB, solutions = 40)
 672280 242604      382.5000    54      397.0000      382.5000  8483320    3.65%
 674216 243155      382.5000    47      397.0000      382.5000  8498566    3.65%
 676118 244095      382.5000    61      397.0000      382.5000  8527868    3.65%
 678121 245196      387.6000    44      397.0000      382.5000  8555832    3.65%
 680167 246179      386.0000    41      397.0000      382.5000  8579814    3.65%
 681985 247126        cutoff            397.0000      382.5000  8606962    3.65%
[runlim] sample:		1183.79 time, 600.01 real, 821 MB, 2.11 load
 683884 248196    infeasible            397.0000      382.5000  8634091    3.65%
 685338 249054      390.0000    47      397.0000      382.5000  8655023    3.65%
 686489 249652      396.0000    32      397.0000      382.5000  8678384    3.65%
 688027 250155      393.0000    35      397.0000      382.5000  8688568    3.65%
Elapsed time = 605.26 sec. (1654023.92 ticks, tree = 670.59 MB, solutions = 40)
 689982 251106      394.0000    46      397.0000      382.5000  8712765    3.65%
 691859 252197      394.0000    49      397.0000      382.5000  8735369    3.65%
 693662 253432      382.5000    55      397.0000      382.5000  8758043    3.65%
[runlim] sample:		1203.58 time, 610.01 real, 850 MB, 2.09 load
 695462 254582      392.8000    45      397.0000      382.5000  8779886    3.65%
 697197 255246      382.5000    69      397.0000      382.5000  8792878    3.65%
 698653 256472      383.8000    48      397.0000      382.5000  8813675    3.65%
 700406 257403      393.7500    57      397.0000      382.5000  8828432    3.65%
 702311 257803      386.8000    49      397.0000      382.5000  8844694    3.65%
 704223 259607      382.5000    54      397.0000      382.5000  8876150    3.65%
 706110 260784      393.0000    48      397.0000      382.5000  8900901    3.65%
Elapsed time = 618.10 sec. (1692202.15 ticks, tree = 698.14 MB, solutions = 40)
[runlim] sample:		1223.44 time, 620.02 real, 866 MB, 2.08 load
 707339 261587      393.0000    51      397.0000      382.5000  8921019    3.65%
 708745 262222      382.5000    53      397.0000      382.5000  8940685    3.65%
 710587 262813      389.2000    44      397.0000      382.5000  8956712    3.65%
 712378 263531      382.5000    55      397.0000      382.5000  8982610    3.65%
 714279 264577        cutoff            397.0000      382.5000  9009662    3.65%
 716029 265646      387.4000    44      397.0000      382.5000  9036144    3.65%
 717839 266599      385.6000    52      397.0000      382.5000  9063976    3.65%
 719718 267226      396.0000    51      397.0000      382.5000  9078188    3.65%
[runlim] sample:		1243.29 time, 630.01 real, 888 MB, 2.07 load
 720815 267890      382.5000    57      397.0000      382.5000  9095638    3.65%
 722433 268889      391.0000    37      397.0000      382.5000  9117840    3.65%
Elapsed time = 632.15 sec. (1730388.09 ticks, tree = 719.29 MB, solutions = 40)
 724384 269340      390.2000    49      397.0000      382.5000  9131900    3.65%
 726311 270860      388.5000    52      397.0000      382.5000  9173880    3.65%
 728300 271349      389.6000    51      397.0000      382.5000  9190600    3.65%
 730354 272363      382.5000    56      397.0000      382.5000  9219257    3.65%
 732372 272936      395.3333    45      397.0000      382.5000  9233157    3.65%
[runlim] sample:		1263.14 time, 640.01 real, 896 MB, 2.06 load
 734278 274155      394.5000    44      397.0000      382.5000  9260904    3.65%
 735438 275783      384.8000    49      397.0000      382.5000  9293560    3.65%
 737214 276725      392.0000    48      397.0000      382.5000  9311446    3.65%
 739156 276525      382.5000    61      397.0000      382.5000  9310747    3.65%
 741022 278395      394.5000    44      397.0000      382.5000  9348715    3.65%
Elapsed time = 645.49 sec. (1768562.46 ticks, tree = 746.94 MB, solutions = 40)
 742912 279484      392.2000    46      397.0000      382.5000  9376139    3.65%
 744802 280653      385.4000    57      397.0000      382.5000  9402711    3.65%
 746647 281175      393.0000    47      397.0000      382.5000  9416880    3.65%
[runlim] sample:		1283.00 time, 650.02 real, 925 MB, 2.05 load
 748512 281671      384.0000    53      397.0000      382.5000  9428681    3.65%
 749286 282484      396.8000    50      397.0000      382.5000  9448730    3.65%
 751102 283504    infeasible            397.0000      382.5000  9474064    3.65%
 752854 284414        cutoff            397.0000      382.5000  9501758    3.65%
 754655 285325      391.0000    51      397.0000      382.5000  9530303    3.65%
 756598 285973      382.5000    48      397.0000      382.5000  9540472    3.65%
 758438 287014      382.5000    49      397.0000      382.5000  9566187    3.65%
Elapsed time = 658.60 sec. (1806719.68 ticks, tree = 769.35 MB, solutions = 40)
[runlim] sample:		1302.83 time, 660.01 real, 937 MB, 2.04 load
 760130 288552      382.5000    54      397.0000      382.5000  9597866    3.65%
 761951 289009        cutoff            397.0000      382.5000  9609142    3.65%
 763286 290244      382.5000    57      397.0000      382.5000  9643801    3.65%
 764384 290416      390.8000    37      397.0000      382.5000  9647844    3.65%
 766120 291206      396.8000    43      397.0000      382.5000  9669001    3.65%
 767910 292228      391.0000    41      397.0000      382.5000  9695800    3.65%
 769694 292963      384.4000    53      397.0000      382.5000  9714063    3.65%
 771438 294086      393.8000    38      397.0000      382.5000  9738814    3.65%
[runlim] sample:		1322.63 time, 670.01 real, 955 MB, 2.03 load
 773323 295194      385.4000    44      397.0000      382.5000  9761812    3.65%
 775111 296007      383.5762    60      397.0000      382.5000  9778938    3.65%
Elapsed time = 671.88 sec. (1844894.02 ticks, tree = 792.76 MB, solutions = 40)
 776791 296772      382.8000    44      397.0000      382.5000  9797953    3.65%
 777729 297776      394.0000    47      397.0000      382.5000  9825422    3.65%
 779502 298301      386.2000    41      397.0000      382.5000  9836091    3.65%
 781373 299052        cutoff            397.0000      382.5000  9856235    3.65%
 783251 300136      393.0000    38      397.0000      382.5000  9883016    3.65%
[runlim] sample:		1342.48 time, 680.02 real, 985 MB, 2.03 load
 785030 300954      383.0000    49      397.0000      382.5000  9903850    3.65%
 786896 301723      382.5000    52      397.0000      382.5000  9925018    3.65%
 788877 303229      393.0000    36      397.0000      382.5000  9963035    3.65%
 790714 303677      382.5000    48      397.0000      382.5000  9975642    3.65%
 792634 305031      393.0000    36      397.0000      382.5000 10012104    3.65%
Elapsed time = 685.12 sec. (1883068.79 ticks, tree = 816.48 MB, solutions = 40)
 793857 305417      385.4000    45      397.0000      382.5000 10023426    3.65%
 795367 306424      382.5000    55      397.0000      382.5000 10048339    3.65%
[runlim] sample:		1362.33 time, 690.01 real, 1000 MB, 2.10 load
 797151 307051      386.0000    48      397.0000      382.5000 10064011    3.65%
 798968 307957      383.0000    49      397.0000      382.5000 10090082    3.65%
 800866 308832      382.5000    64      397.0000      382.5000 10107463    3.65%
 802747 310094      394.8000    39      397.0000      382.5000 10147623    3.65%
 804770 310680      392.2000    55      397.0000      382.5000 10159234    3.65%
 806604 311828      396.3333    33      397.0000      382.5000 10187635    3.65%
 807899 312827      391.6667    47      397.0000      382.5000 10211556    3.65%
 809726 313882      390.4000    54      397.0000      382.5000 10233651    3.65%
Elapsed time = 699.39 sec. (1922131.09 ticks, tree = 839.54 MB, solutions = 40)
[runlim] sample:		1382.19 time, 700.01 real, 1016 MB, 2.08 load
 811631 314566      384.4000    52      397.0000      382.5000 10248901    3.65%
 813559 315789      391.0000    42      397.0000      382.5000 10274719    3.65%
 815374 316184        cutoff            397.0000      382.5000 10288171    3.65%
 817222 317624      391.0000    38      397.0000      382.5000 10331390    3.65%
 819115 318421    infeasible            397.0000      382.5000 10345970    3.65%
 821023 319375      388.8000    45      397.0000      382.5000 10372325    3.65%
 822737 320550        cutoff            397.0000      382.5000 10400742    3.65%
[runlim] sample:		1402.03 time, 710.01 real, 1047 MB, 2.15 load
 823342 321314      390.8000    42      397.0000      382.5000 10417281    3.65%
 824981 321720      387.0000    50      397.0000      382.5000 10428252    3.65%
 826657 322896      382.5000    52      397.0000      382.5000 10451399    3.65%
Elapsed time = 712.44 sec. (1960310.22 ticks, tree = 862.96 MB, solutions = 40)
 828475 323487      387.0000    44      397.0000      382.5000 10461307    3.65%
 830287 325201      389.2000    43      397.0000      382.5000 10490888    3.65%
 832126 326101      394.0000    37      397.0000      382.5000 10508685    3.65%
 834016 327129      390.2202    51      397.0000      382.5000 10525928    3.65%
 835775 327941      394.2000    45      397.0000      382.5000 10544331    3.65%
[runlim] sample:		1420.71 time, 720.01 real, 1046 MB, 2.37 load
 837507 329183      390.2000    44      397.0000      382.5000 10568528    3.65%
 838799 329907      390.0000    55      397.0000      382.5000 10580887    3.65%
 840070 330577        cutoff            397.0000      382.5000 10596278    3.65%
 841939 331482      391.6000    47      397.0000      382.5000 10614231    3.65%
 843870 332492      387.6000    55      397.0000      382.5000 10633121    3.65%
Elapsed time = 726.87 sec. (1998881.64 ticks, tree = 891.11 MB, solutions = 40)
 845741 333655        cutoff            397.0000      382.5000 10659516    3.65%
 847563 334823      387.0000    47      397.0000      382.5000 10687386    3.65%
[runlim] sample:		1439.79 time, 730.01 real, 1069 MB, 2.31 load
 849492 336021      390.0000    51      397.0000      382.5000 10715064    3.65%
 851541 336506      392.2000    38      397.0000      382.5000 10726972    3.65%
 853476 337445      386.8000    56      397.0000      382.5000 10747005    3.65%
 855241 338650      383.4000    43      397.0000      382.5000 10773930    3.65%
 856047 339258      395.0000    46      397.0000      382.5000 10790304    3.65%
 857949 339954      382.5000    55      397.0000      382.5000 10807255    3.65%
 859920 341277      395.0000    42      397.0000      382.5000 10839537    3.65%
[runlim] sample:		1459.66 time, 740.02 real, 1088 MB, 2.26 load
 861799 342020    infeasible            397.0000      382.5000 10857473    3.65%
Elapsed time = 740.01 sec. (2037044.61 ticks, tree = 915.81 MB, solutions = 40)
 863559 343277      382.5000    61      397.0000      382.5000 10885403    3.65%
 865352 343733      396.7500    36      397.0000      382.5000 10896027    3.65%
 867213 344895      390.0000    55      397.0000      382.5000 10923391    3.65%
 869084 345840      391.0000    47      397.0000      382.5000 10945693    3.65%
 870055 346794    infeasible            397.0000      382.5000 10970448    3.65%
 871599 347469      392.2000    31      397.0000      382.5000 10991113    3.65%
 873328 348087      394.4000    48      397.0000      382.5000 11007556    3.65%
[runlim] sample:		1479.50 time, 750.01 real, 1108 MB, 2.22 load
 875372 348977      382.5000    53      397.0000      382.5000 11030391    3.65%
 877116 349672      382.8000    50      397.0000      382.5000 11047917    3.65%
 878958 350554      382.5000    53      397.0000      382.5000 11071767    3.65%
Elapsed time = 753.04 sec. (2075213.85 ticks, tree = 938.03 MB, solutions = 40)
 880935 351855      394.6667    38      397.0000      382.5000 11109703    3.65%
 882669 352756      382.5000    65      397.0000      382.5000 11129750    3.65%
 884294 353893    infeasible            397.0000      382.5000 11161233    3.65%
 885845 354578      384.0639    50      397.0000      382.5000 11174450    3.65%
[runlim] sample:		1499.36 time, 760.01 real, 1129 MB, 2.19 load
 887495 355167      394.0000    31      397.0000      382.5000 11185198    3.65%
 889210 356336      384.8000    50      397.0000      382.5000 11219369    3.65%
 890955 357043      388.0000    50      397.0000      382.5000 11238204    3.65%
 892902 358009        cutoff            397.0000      382.5000 11261575    3.65%
 894867 359355      395.0000    46      397.0000      382.5000 11289835    3.65%
 896789 360082      387.4000    54      397.0000      382.5000 11308787    3.65%
Elapsed time = 766.62 sec. (2113402.38 ticks, tree = 962.93 MB, solutions = 40)
 897813 360884      395.0000    42      397.0000      382.5000 11322370    3.65%
[runlim] sample:		1519.22 time, 770.01 real, 1153 MB, 2.16 load
 899557 362026      387.6000    63      397.0000      382.5000 11347472    3.65%
 901449 362811      392.0000    45      397.0000      382.5000 11364051    3.65%
 903345 363252      382.5000    59      397.0000      382.5000 11376833    3.65%
 905295 364319      394.2000    42      397.0000      382.5000 11406733    3.65%
 907216 365244      389.6000    45      397.0000      382.5000 11431900    3.65%
 909024 365991      388.8000    46      397.0000      382.5000 11449892    3.65%
 910918 367593      382.5000    48      397.0000      382.5000 11491236    3.65%
 911969 367814      391.0000    46      397.0000      382.5000 11494871    3.65%
[runlim] sample:		1539.07 time, 780.01 real, 1177 MB, 2.13 load
 913452 368447      393.8000    48      397.0000      382.5000 11511175    3.65%
Elapsed time = 780.58 sec. (2151595.32 ticks, tree = 984.60 MB, solutions = 40)
 915300 369414      391.0000    38      397.0000      382.5000 11532302    3.65%
 917258 371298      392.6000    40      397.0000      382.5000 11568148    3.65%
 919176 372145      392.4000    44      397.0000      382.5000 11584176    3.65%
 921059 373171      391.0000    39      397.0000      382.5000 11606060    3.65%
 922881 374391      384.0000    50      397.0000      382.5000 11635036    3.65%
 924823 375112      396.0000    42      397.0000      382.5000 11652017    3.65%
 926709 376158      396.2500    54      397.0000      382.5000 11674748    3.65%
[runlim] sample:		1558.88 time, 790.01 real, 1177 MB, 2.11 load
 928558 376832      382.5000    62      397.0000      382.5000 11691488    3.65%
 929241 377858      392.2000    38      397.0000      382.5000 11712743    3.65%
 931002 378571      389.6000    45      397.0000      382.5000 11727189    3.65%
Elapsed time = 793.61 sec. (2189762.88 ticks, tree = 1010.75 MB, solutions = 40)
 932863 379654      387.2000    48      397.0000      382.5000 11757565    3.65%
 934782 380174      393.4000    44      397.0000      382.5000 11770156    3.65%
 936769 381439      390.4000    48      397.0000      382.5000 11797728    3.65%
 938622 382743        cutoff            397.0000      382.5000 11826964    3.65%
[runlim] sample:		1578.71 time, 800.01 real, 1193 MB, 2.09 load
 940566 383289      393.0000    31      397.0000      382.5000 11839157    3.65%
 942569 384609        cutoff            397.0000      382.5000 11869476    3.65%
 944353 385851      391.0000    39      397.0000      382.5000 11897536    3.65%
 945468 386023      382.5000    44      397.0000      382.5000 11901379    3.65%
 946719 386629      382.6000    47      397.0000      382.5000 11918188    3.65%
 948665 387910      391.2000    37      397.0000      382.5000 11951002    3.65%
Elapsed time = 807.07 sec. (2227937.05 ticks, tree = 1035.12 MB, solutions = 40)
 950615 388654        cutoff            397.0000      382.5000 11968992    3.65%
[runlim] sample:		1598.56 time, 810.01 real, 1221 MB, 2.15 load
 952354 389539      382.5000    61      397.0000      382.5000 11990880    3.65%
 954067 390708      391.0000    48      397.0000      382.5000 12019101    3.65%
 955996 391209      395.8000    41      397.0000      382.5000 12029942    3.65%
 957990 391946      392.0000    51      397.0000      382.5000 12047792    3.65%
 959755 393681      382.5000    52      397.0000      382.5000 12084986    3.65%
 961518 394491      382.5000    55      397.0000      382.5000 12100974    3.65%
 963268 395469      388.0000    46      397.0000      382.5000 12121640    3.65%
 964444 396114      396.0000    36      397.0000      382.5000 12134407    3.65%
[runlim] sample:		1618.41 time, 820.01 real, 1239 MB, 2.13 load
 966234 397651      390.0000    39      397.0000      382.5000 12163261    3.65%
Elapsed time = 820.21 sec. (2266108.84 ticks, tree = 1064.64 MB, solutions = 40)
 967997 398489      384.2000    48      397.0000      382.5000 12179513    3.65%
 969954 399112      390.8000    48      397.0000      382.5000 12189181    3.65%
 971704 400475      395.4000    47      397.0000      382.5000 12230585    3.65%
 973580 400899      390.0000    42      397.0000      382.5000 12241886    3.65%
 975410 402065      390.2000    53      397.0000      382.5000 12269446    3.65%
 977117 402675      382.5000    65      397.0000      382.5000 12285809    3.65%
[runlim] sample:		1638.27 time, 830.01 real, 1258 MB, 2.11 load
 978340 403351      395.0000    36      397.0000      382.5000 12302064    3.65%
 980071 404426      385.0000    44      397.0000      382.5000 12328117    3.65%
 981633 405495      392.2000    42      397.0000      382.5000 12351343    3.65%
 983507 406205      382.5000    48      397.0000      382.5000 12367910    3.65%
Elapsed time = 833.86 sec. (2304275.81 ticks, tree = 1086.94 MB, solutions = 40)
 985412 406699      396.2000    47      397.0000      382.5000 12379045    3.65%
 987360 407988      386.4000    55      397.0000      382.5000 12407468    3.65%
 989313 409216      382.5000    58      397.0000      382.5000 12437722    3.65%
 991214 409690      382.5000    57      397.0000      382.5000 12449505    3.65%
[runlim] sample:		1658.13 time, 840.01 real, 1268 MB, 2.17 load
 992977 411011      384.2000    53      397.0000      382.5000 12478214    3.65%
 993908 411620      392.1172    49      397.0000      382.5000 12495294    3.65%
 995646 412160      384.6000    46      397.0000      382.5000 12506712    3.65%
 997582 413427      394.0000    31      397.0000      382.5000 12533368    3.65%
 999526 413904        cutoff            397.0000      382.5000 12545925    3.65%
 1001336 415027      395.0000    46      397.0000      382.5000 12576033    3.65%
Elapsed time = 847.11 sec. (2342445.05 ticks, tree = 1109.90 MB, solutions = 40)
 1003263 416970      391.0000    44      397.0000      382.5000 12622000    3.65%
[runlim] sample:		1677.93 time, 850.01 real, 1291 MB, 2.14 load
 1005141 416726      384.0000    55      397.0000      382.5000 12618243    3.65%
 1007109 418867        cutoff            397.0000      382.5000 12661793    3.65%
 1008781 419228      396.2000    47      397.0000      382.5000 12676432    3.65%
 1010514 420412      393.6000    45      397.0000      382.5000 12697804    3.65%
 1011814 421664      383.0000    43      397.0000      382.5000 12725561    3.65%
 1013716 422604      392.6000    58      397.0000      382.5000 12745884    3.65%
 1015557 423134      393.8000    47      397.0000      382.5000 12758533    3.65%
 1017478 424284      388.0000    41      397.0000      382.5000 12787100    3.65%
[runlim] sample:		1697.78 time, 860.01 real, 1307 MB, 2.12 load
 1019162 425437      382.5000    51      397.0000      382.5000 12816804    3.65%
Elapsed time = 860.55 sec. (2380610.46 ticks, tree = 1136.88 MB, solutions = 40)
 1020894 426018      394.0000    40      397.0000      382.5000 12827681    3.65%
 1022758 426506        cutoff            397.0000      382.5000 12838840    3.65%
 1024321 428148      382.5000    67      397.0000      382.5000 12880410    3.65%
 1026129 429553      396.4000    43      397.0000      382.5000 12906760    3.65%
 1027512 428920      382.5000    51      397.0000      382.5000 12896688    3.65%
 1029540 430251      394.0000    47      397.0000      382.5000 12920974    3.65%
[runlim] sample:		1717.63 time, 870.01 real, 1332 MB, 2.10 load
 1031419 431551      396.6000    57      397.0000      382.5000 12949254    3.65%
 1033273 432901      392.0000    39      397.0000      382.5000 12976171    3.65%
 1035016 434133      396.0000    43      397.0000      382.5000 13004647    3.65%
 1036932 434603      391.7500    39      397.0000      382.5000 13016276    3.65%
Elapsed time = 873.82 sec. (2418781.16 ticks, tree = 1160.77 MB, solutions = 40)
 1038803 435043      385.4000    43      397.0000      382.5000 13028932    3.65%
 1039942 436166      386.2000    47      397.0000      382.5000 13053952    3.65%
 1041358 437775      383.0000    52      397.0000      382.5000 13088179    3.65%
 1043166 438294      395.0000    48      397.0000      382.5000 13099378    3.65%
[runlim] sample:		1737.49 time, 880.01 real, 1350 MB, 2.08 load
 1045025 438683        cutoff            397.0000      382.5000 13112137    3.65%
 1046762 440526      382.5000    56      397.0000      382.5000 13156278    3.65%
 1048488 441023      382.5000    55      397.0000      382.5000 13169748    3.65%
 1050243 441435      385.0000    52      397.0000      382.5000 13180564    3.65%
 1052137 443145      389.0000    40      397.0000      382.5000 13224431    3.65%
 1053699 443494      382.5000    54      397.0000      382.5000 13234180    3.65%
Elapsed time = 888.00 sec. (2458414.01 ticks, tree = 1183.93 MB, solutions = 40)
 1055377 444700      382.5000    46      397.0000      382.5000 13262501    3.65%
[runlim] sample:		1757.34 time, 890.01 real, 1373 MB, 2.07 load
 1057204 445565      394.0000    35      397.0000      382.5000 13285914    3.65%
 1059174 446768      394.4000    43      397.0000      382.5000 13312759    3.65%
 1060972 447215      395.4000    43      397.0000      382.5000 13325251    3.65%
 1062681 447830      382.5000    61      397.0000      382.5000 13343647    3.65%
 1064564 448936      388.6000    42      397.0000      382.5000 13374119    3.65%
 1066404 449797      387.0726    50      397.0000      382.5000 13395888    3.65%
 1068139 451032      395.0000    39      397.0000      382.5000 13425411    3.65%
[runlim] sample:		1777.21 time, 900.01 real, 1384 MB, 2.06 load
 1069475 451579      395.0000    44      397.0000      382.5000 13437125    3.65%
 1070664 452719      392.6000    51      397.0000      382.5000 13466329    3.65%
Elapsed time = 901.51 sec. (2496587.18 ticks, tree = 1207.95 MB, solutions = 40)
 1072396 453086      389.0000    47      397.0000      382.5000 13479284    3.65%
 1074267 453947    infeasible            397.0000      382.5000 13499019    3.65%
 1076021 455090        cutoff            397.0000      382.5000 13527184    3.65%
 1077766 455535      395.0000    30      397.0000      382.5000 13539766    3.65%
 1079725 457246    infeasible            397.0000      382.5000 13575054    3.65%
 1081608 458025      382.6000    45      397.0000      382.5000 13591102    3.65%
[runlim] sample:		1797.02 time, 910.01 real, 1392 MB, 2.05 load
 1083415 458578      386.0000    45      397.0000      382.5000 13602298    3.65%
 1084166 460093      382.5000    57      397.0000      382.5000 13631238    3.65%
 1086045 460680      396.6000    43      397.0000      382.5000 13641487    3.65%
 1087976 462141      382.5000    50      397.0000      382.5000 13670052    3.65%
Elapsed time = 914.69 sec. (2534756.77 ticks, tree = 1232.42 MB, solutions = 40)
 1089917 462718      382.5000    50      397.0000      382.5000 13680942    3.65%
 1091748 463721      395.4000    46      397.0000      382.5000 13696410    3.65%
 1093587 465051      384.8000    46      397.0000      382.5000 13722854    3.65%
[runlim] sample:		1816.85 time, 920.01 real, 1415 MB, 2.04 load
 1095488 466007      386.8000    44      397.0000      382.5000 13742499    3.65%
 1097421 466973    infeasible            397.0000      382.5000 13760493    3.65%
 1099148 468400      382.6000    50      397.0000      382.5000 13785493    3.65%
 1099762 469096      394.6000    52      397.0000      382.5000 13796476    3.65%
 1101674 469923      388.2000    51      397.0000      382.5000 13814598    3.65%
 1103630 471461      386.4000    45      397.0000      382.5000 13842644    3.65%
 1105628 472445      385.0000    52      397.0000      382.5000 13860095    3.65%
Elapsed time = 927.69 sec. (2572922.31 ticks, tree = 1263.93 MB, solutions = 40)
 1107541 472937      390.8000    44      397.0000      382.5000 13872120    3.65%
[runlim] sample:		1836.72 time, 930.01 real, 1450 MB, 2.12 load
 1109361 474829      382.5000    53      397.0000      382.5000 13906244    3.65%
 1111241 475436      394.8000    45      397.0000      382.5000 13922358    3.65%
 1113176 475950      386.4000    42      397.0000      382.5000 13932514    3.65%
 1115057 477727      395.4000    46      397.0000      382.5000 13968765    3.65%
 1116895 478607      385.2000    50      397.0000      382.5000 13983730    3.65%
 1118057 479260      396.6000    48      397.0000      382.5000 13995499    3.65%
 1119317 480030      388.0000    50      397.0000      382.5000 14011253    3.65%
[runlim] sample:		1856.58 time, 940.01 real, 1473 MB, 2.10 load
 1121157 481008      385.5000    45      397.0000      382.5000 14029910    3.65%
 1123061 482061        cutoff            397.0000      382.5000 14049349    3.65%
Elapsed time = 941.31 sec. (2611096.17 ticks, tree = 1288.72 MB, solutions = 40)
 1124948 482975      392.2000    38      397.0000      382.5000 14066437    3.65%
 1126878 484919      384.4000    50      397.0000      382.5000 14102510    3.65%
 1128812 485906      390.8000    49      397.0000      382.5000 14118977    3.65%
 1130735 487061        cutoff            397.0000      382.5000 14138445    3.65%
 1132612 488577      385.0000    46      397.0000      382.5000 14164144    3.65%
 1134582 489202      385.4000    50      397.0000      382.5000 14174895    3.65%
[runlim] sample:		1876.43 time, 950.01 real, 1480 MB, 2.16 load
 1136538 490235      395.0000    57      397.0000      382.5000 14191655    3.65%
 1137815 491364      386.8000    44      397.0000      382.5000 14210830    3.65%
 1139472 492728      384.0000    50      397.0000      382.5000 14236079    3.65%
 1141308 493244      390.0000    51      397.0000      382.5000 14247156    3.65%
Elapsed time = 954.52 sec. (2649269.27 ticks, tree = 1317.46 MB, solutions = 40)
 1143224 494541      382.5000    62      397.0000      382.5000 14272376    3.65%
 1145167 495595      392.6000    47      397.0000      382.5000 14293842    3.65%
 1147073 497197      384.4000    51      397.0000      382.5000 14320179    3.65%
[runlim] sample:		1896.27 time, 960.01 real, 1501 MB, 2.21 load
 1148926 498091      391.2000    43      397.0000      382.5000 14339438    3.65%
 1150632 499214      382.5000    61      397.0000      382.5000 14357956    3.65%
 1152215 500458      396.6000    42      397.0000      382.5000 14380464    3.65%
 1153856 501848      382.5000    63      397.0000      382.5000 14402849    3.65%
 1155368 502456      393.0000    48      397.0000      382.5000 14413807    3.65%
 1157176 503864      382.5000    60      397.0000      382.5000 14439642    3.65%
 1159075 504968      387.4000    45      397.0000      382.5000 14458504    3.65%
Elapsed time = 968.08 sec. (2687437.56 ticks, tree = 1347.61 MB, solutions = 40)
 1160879 506409      382.5000    49      397.0000      382.5000 14484898    3.65%
[runlim] sample:		1916.07 time, 970.01 real, 1531 MB, 2.18 load
 1162763 507327      388.8000    51      397.0000      382.5000 14502899    3.65%
 1164554 507864      383.0000    44      397.0000      382.5000 14513554    3.65%
 1166238 509209      382.5000    53      397.0000      382.5000 14538351    3.65%
 1167298 510004      385.2000    47      397.0000      382.5000 14550022    3.65%
 1169029 511082      394.2000    46      397.0000      382.5000 14570808    3.65%
 1170853 512091      386.0000    47      397.0000      382.5000 14589675    3.65%
 1172669 513130      387.8000    50      397.0000      382.5000 14606122    3.65%
[runlim] sample:		1935.93 time, 980.01 real, 1550 MB, 2.15 load
 1174460 514442      382.5000    54      397.0000      382.5000 14634518    3.65%
 1176241 515369      386.0000    51      397.0000      382.5000 14651627    3.65%
Elapsed time = 981.31 sec. (2725602.44 ticks, tree = 1374.37 MB, solutions = 40)
 1178112 516123      382.5000    59      397.0000      382.5000 14674136    3.65%
 1179783 517191      394.0000    42      397.0000      382.5000 14690326    3.65%
 1180577 518629        cutoff            397.0000      382.5000 14720189    3.65%
 1182532 519137      387.0000    45      397.0000      382.5000 14729912    3.65%
 1184364 520135      389.0000    47      397.0000      382.5000 14751280    3.65%
[runlim] sample:		1955.78 time, 990.01 real, 1576 MB, 2.13 load
 1186288 521168      396.0000    40      397.0000      382.5000 14768081    3.65%
 1188186 522509      389.8000    45      397.0000      382.5000 14795361    3.65%
 1190201 523932      391.6000    50      397.0000      382.5000 14823411    3.65%
 1192143 525013      392.5000    44      397.0000      382.5000 14843035    3.65%
 1194061 525905      394.0000    48      397.0000      382.5000 14861463    3.65%
Elapsed time = 994.50 sec. (2763768.24 ticks, tree = 1401.35 MB, solutions = 40)
 1196053 527371      395.0000    40      397.0000      382.5000 14887783    3.65%
 1197771 527888      382.6000    54      397.0000      382.5000 14899653    3.65%
 1198489 528808      395.4000    54      397.0000      382.5000 14918837    3.65%
[runlim] sample:		1975.64 time, 1000.01 real, 1600 MB, 2.11 load
 1200345 529935    infeasible            397.0000      382.5000 14938128    3.65%
 1202225 530484        cutoff            397.0000      382.5000 14949862    3.65%
 1204293 531811        cutoff            397.0000      382.5000 14977801    3.65%
 1206120 532850      383.2000    46      397.0000      382.5000 14997745    3.65%
 1208088 534314      386.8000    49      397.0000      382.5000 15023864    3.65%
 1209919 535679      382.5000    59      397.0000      382.5000 15050422    3.65%
 1211856 536279      383.0000    58      397.0000      382.5000 15061871    3.65%
Elapsed time = 1007.89 sec. (2801932.40 ticks, tree = 1428.07 MB, solutions = 40)
 1213701 537809      387.0000    42      397.0000      382.5000 15096425    3.65%
[runlim] sample:		1995.49 time, 1010.01 real, 1606 MB, 2.09 load
 1215668 538453      396.0000    34      397.0000      382.5000 15107266    3.65%
 1216527 539645      384.2000    46      397.0000      382.5000 15130598    3.65%
 1218506 540438        cutoff            397.0000      382.5000 15151760    3.65%
 1220435 541495      395.2000    38      397.0000      382.5000 15172377    3.65%
 1222312 542214      396.0000    46      397.0000      382.5000 15191873    3.65%
 1224230 543341      392.0000    41      397.0000      382.5000 15211130    3.65%
 1226177 544258      384.6000    54      397.0000      382.5000 15229755    3.65%
[runlim] sample:		2015.33 time, 1020.01 real, 1631 MB, 2.22 load
 1228053 546031      388.8000    39      397.0000      382.5000 15268060    3.65%
 1230015 546501      392.0000    44      397.0000      382.5000 15280821    3.65%
Elapsed time = 1021.07 sec. (2840092.74 ticks, tree = 1454.44 MB, solutions = 40)
 1230864 547149      382.5000    56      397.0000      382.5000 15289501    3.65%
 1232721 548638      382.5000    53      397.0000      382.5000 15323933    3.65%
 1234719 549498      391.0000    48      397.0000      382.5000 15342697    3.65%
 1236766 550086      395.0000    49      397.0000      382.5000 15354403    3.65%
 1238703 551403    infeasible            397.0000      382.5000 15382882    3.65%
 1240649 552719      382.5000    55      397.0000      382.5000 15412331    3.65%
[runlim] sample:		2035.14 time, 1030.01 real, 1648 MB, 2.19 load
 1242741 553791      387.2000    54      397.0000      382.5000 15433243    3.65%
 1244872 554805      386.8000    52      397.0000      382.5000 15452327    3.65%
 1246092 555560      382.5000    61      397.0000      382.5000 15467298    3.65%
 1247677 557087      383.2000    42      397.0000      382.5000 15493914    3.65%
Elapsed time = 1034.56 sec. (2878258.88 ticks, tree = 1481.87 MB, solutions = 40)
 1249634 558091      396.6000    47      397.0000      382.5000 15514144    3.65%
 1251638 559509      382.5000    48      397.0000      382.5000 15541291    3.65%
 1253678 560096      392.4000    42      397.0000      382.5000 15552380    3.65%
[runlim] sample:		2055.00 time, 1040.01 real, 1674 MB, 2.16 load
 1255567 560858      387.4000    52      397.0000      382.5000 15573111    3.65%
 1257270 562063      392.3333    37      397.0000      382.5000 15600131    3.65%
 1259263 563526      396.0000    48      397.0000      382.5000 15626510    3.65%
 1260807 564000    infeasible            397.0000      382.5000 15638176    3.65%
 1262182 565489      386.2000    45      397.0000      382.5000 15669982    3.65%
 1264072 566104      391.6000    41      397.0000      382.5000 15680819    3.65%
 1265831 567255      395.8000    51      397.0000      382.5000 15697851    3.65%
Elapsed time = 1047.90 sec. (2916421.56 ticks, tree = 1514.28 MB, solutions = 40)
 1267707 568668      382.5000    56      397.0000      382.5000 15721572    3.65%
[runlim] sample:		2074.86 time, 1050.01 real, 1696 MB, 2.13 load
 1269520 569263      391.4000    49      397.0000      382.5000 15731209    3.65%
 1271318 570617      382.5000    58      397.0000      382.5000 15757361    3.65%
 1271859 571194      392.8000    45      397.0000      382.5000 15767087    3.65%
 1273676 572331      393.4000    47      397.0000      382.5000 15789093    3.65%
 1275562 573142      382.5000    51      397.0000      382.5000 15803244    3.65%
 1277364 574148        cutoff            397.0000      382.5000 15825440    3.65%
 1279221 575456        cutoff            397.0000      382.5000 15850833    3.65%
[runlim] sample:		2094.70 time, 1060.01 real, 1724 MB, 2.11 load
 1281109 576802      382.5000    58      397.0000      382.5000 15878078    3.65%
 1282915 577353      395.8000    39      397.0000      382.5000 15887537    3.65%
Elapsed time = 1060.99 sec. (2954584.36 ticks, tree = 1540.27 MB, solutions = 40)
 1284659 578496      390.2000    50      397.0000      382.5000 15912466    3.65%
 1286430 579750      395.0000    46      397.0000      382.5000 15938037    3.65%
 1288243 580287      393.8000    43      397.0000      382.5000 15948947    3.65%
 1289610 580942      385.4000    42      397.0000      382.5000 15968640    3.65%
 1290546 582304    infeasible            397.0000      382.5000 15998780    3.65%
 1292378 582687      396.0000    50      397.0000      382.5000 16008747    3.65%
[runlim] sample:		2114.56 time, 1070.01 real, 1752 MB, 2.10 load
 1294150 583823      392.4000    34      397.0000      382.5000 16037642    3.65%
 1295914 584634      395.0000    46      397.0000      382.5000 16061516    3.65%
 1297699 585814      386.6000    55      397.0000      382.5000 16091234    3.65%
 1299454 586304    infeasible            397.0000      382.5000 16102932    3.65%
Elapsed time = 1074.66 sec. (2992748.57 ticks, tree = 1563.49 MB, solutions = 40)
 1301297 587145      387.8000    46      397.0000      382.5000 16119366    3.65%
 1303059 588774      393.0000    33      397.0000      382.5000 16159147    3.65%
 1304894 589245      394.0000    31      397.0000      382.5000 16171254    3.65%
[runlim] sample:		2134.41 time, 1080.01 real, 1755 MB, 2.08 load
 1306785 589922      393.4000    44      397.0000      382.5000 16190339    3.65%
 1308392 591546      382.5000    57      397.0000      382.5000 16230982    3.65%
 1309380 592089      387.0000    54      397.0000      382.5000 16243172    3.65%
 1311284 592774      396.7500    41      397.0000      382.5000 16257495    3.65%
 1313159 594003      382.5000    65      397.0000      382.5000 16286578    3.65%
 1314884 594718        cutoff            397.0000      382.5000 16305955    3.65%
 1316738 595714        cutoff            397.0000      382.5000 16327476    3.65%
Elapsed time = 1087.95 sec. (3030911.25 ticks, tree = 1587.97 MB, solutions = 40)
 1318631 596435      393.2000    46      397.0000      382.5000 16346799    3.65%
[runlim] sample:		2154.22 time, 1090.01 real, 1777 MB, 2.21 load
 1320662 598312      392.0000    41      397.0000      382.5000 16384512    3.65%
 1322622 598864      395.0000    48      397.0000      382.5000 16395804    3.65%
 1323450 599192      382.5000    57      397.0000      382.5000 16406491    3.65%
 1325393 600612      391.0000    44      397.0000      382.5000 16433770    3.65%
 1327356 601737      396.6000    42      397.0000      382.5000 16457031    3.65%
 1329284 602823      396.4000    46      397.0000      382.5000 16479876    3.65%
 1331193 603507      393.0000    51      397.0000      382.5000 16500049    3.65%
[runlim] sample:		2174.08 time, 1100.01 real, 1798 MB, 2.18 load
 1333073 604708      393.4000    52      397.0000      382.5000 16530396    3.65%
 1335033 605155      396.6000    38      397.0000      382.5000 16544219    3.65%
Elapsed time = 1101.36 sec. (3069072.70 ticks, tree = 1612.45 MB, solutions = 40)
 1337050 606864      396.0000    45      397.0000      382.5000 16586078    3.65%
 1337899 606979      384.3635    49      397.0000      382.5000 16590433    3.65%
 1339709 608118      387.0000    43      397.0000      382.5000 16621132    3.65%
 1341759 608745      387.4000    61      397.0000      382.5000 16632299    3.65%
 1343774 609920      394.0000    35      397.0000      382.5000 16662784    3.65%
[runlim] sample:		2193.93 time, 1110.01 real, 1816 MB, 2.15 load
 1345665 610867      386.8000    52      397.0000      382.5000 16689686    3.65%
 1347559 611661        cutoff            397.0000      382.5000 16707039    3.65%
 1349486 613412      396.0000    38      397.0000      382.5000 16748914    3.65%
 1351364 613978      388.0000    38      397.0000      382.5000 16762333    3.65%
 1352229 615013      396.2000    45      397.0000      382.5000 16789276    3.65%
Elapsed time = 1115.35 sec. (3107254.35 ticks, tree = 1638.08 MB, solutions = 40)
 1354029 615897      391.4000    40      397.0000      382.5000 16810135    3.65%
 1355865 616389      396.6000    40      397.0000      382.5000 16823384    3.65%
 1357684 617628      391.4000    43      397.0000      382.5000 16854709    3.65%
[runlim] sample:		2213.78 time, 1120.01 real, 1834 MB, 2.13 load
 1359531 618409      391.2500    47      397.0000      382.5000 16869937    3.65%
 1361321 619399      383.4000    42      397.0000      382.5000 16894128    3.65%
 1363163 620129      383.2500    44      397.0000      382.5000 16911486    3.65%
 1364971 621402      391.0000    51      397.0000      382.5000 16939415    3.65%
 1365954 622007      394.0000    42      397.0000      382.5000 16953168    3.65%
 1367313 622655      390.2000    46      397.0000      382.5000 16968494    3.65%
 1369127 624067      396.8000    39      397.0000      382.5000 16997866    3.65%
Elapsed time = 1128.88 sec. (3145418.52 ticks, tree = 1661.40 MB, solutions = 40)
[runlim] sample:		2233.63 time, 1130.01 real, 1859 MB, 2.12 load
 1370888 624662      382.5000    52      397.0000      382.5000 17018788    3.65%
 1372558 625661      395.0000    34      397.0000      382.5000 17039880    3.65%
 1374246 626684      382.5000    55      397.0000      382.5000 17070099    3.65%
 1375978 627832      382.5000    52      397.0000      382.5000 17097992    3.65%
 1377759 628654      384.4000    48      397.0000      382.5000 17113429    3.65%
 1379547 629641      396.6667    40      397.0000      382.5000 17134229    3.65%
 1381363 630496        cutoff            397.0000      382.5000 17149245    3.65%
 1383243 631770      391.2000    45      397.0000      382.5000 17173927    3.65%
[runlim] sample:		2253.48 time, 1140.01 real, 1859 MB, 2.10 load
 1384427 632269      382.5000    61      397.0000      382.5000 17184160    3.65%
 1385526 633618      382.5000    56      397.0000      382.5000 17211640    3.65%
Elapsed time = 1142.72 sec. (3183581.85 ticks, tree = 1686.04 MB, solutions = 40)
 1387452 634174      385.0000    53      397.0000      382.5000 17222429    3.65%
 1389377 634964      383.0000    57      397.0000      382.5000 17240531    3.65%
 1391215 636262      382.5000    60      397.0000      382.5000 17266676    3.65%
 1393070 636829      389.7500    43      397.0000      382.5000 17278792    3.65%
 1394988 638025      394.0000    55      397.0000      382.5000 17306833    3.65%
[runlim] sample:		2273.29 time, 1150.01 real, 1889 MB, 2.08 load
 1396864 639238      393.0000    41      397.0000      382.5000 17336437    3.65%
 1398720 639799      382.5000    67      397.0000      382.5000 17354333    3.65%
 1400435 640703      391.8000    47      397.0000      382.5000 17375810    3.65%
 1402362 641483      382.5000    48      397.0000      382.5000 17394114    3.65%
 1404189 642664      388.8000    46      397.0000      382.5000 17422045    3.65%
Elapsed time = 1155.63 sec. (3221751.33 ticks, tree = 1709.38 MB, solutions = 40)
 1405880 643859      386.4000    49      397.0000      382.5000 17451910    3.65%
 1407474 644848      393.0000    45      397.0000      382.5000 17471500    3.65%
[runlim] sample:		2293.14 time, 1160.01 real, 1906 MB, 2.07 load
 1409195 645551      382.5000    56      397.0000      382.5000 17482561    3.65%
 1411305 646614      390.4000    43      397.0000      382.5000 17501079    3.65%
 1413194 647932      394.8000    53      397.0000      382.5000 17528597    3.65%
 1414975 648753      382.5000    57      397.0000      382.5000 17544005    3.65%
 1416819 649580      383.4000    52      397.0000      382.5000 17568473    3.65%
 1418295 650741    infeasible            397.0000      382.5000 17594977    3.65%
 1419638 651872        cutoff            397.0000      382.5000 17620070    3.65%
[runlim] sample:		2313.01 time, 1170.01 real, 1947 MB, 2.13 load
 1421312 652348      396.0000    36      397.0000      382.5000 17632425    3.65%
Elapsed time = 1169.55 sec. (3259913.91 ticks, tree = 1734.47 MB, solutions = 40)
 1422692 653088      389.0000    50      397.0000      382.5000 17654343    3.65%
 1424495 653717      382.5000    54      397.0000      382.5000 17675382    3.65%
 1426256 654615      382.5000    55      397.0000      382.5000 17697004    3.65%
 1428100 655609        cutoff            397.0000      382.5000 17729402    3.65%
 1430014 656358    infeasible            397.0000      382.5000 17748845    3.65%
 1431986 657632      385.4000    47      397.0000      382.5000 17779316    3.65%
 1433957 658547      384.8000    49      397.0000      382.5000 17802503    3.65%
[runlim] sample:		2332.86 time, 1180.01 real, 1948 MB, 2.11 load
 1435890 659877      395.0000    41      397.0000      382.5000 17831429    3.65%
 1437845 660370      382.5000    59      397.0000      382.5000 17843153    3.65%
 1438801 660971      392.0000    46      397.0000      382.5000 17857810    3.65%
Elapsed time = 1182.96 sec. (3298085.46 ticks, tree = 1756.86 MB, solutions = 40)
 1440683 662162      382.5000    49      397.0000      382.5000 17887153    3.65%
 1442517 662953      382.5000    45      397.0000      382.5000 17909543    3.65%
 1444446 663920      394.0000    38      397.0000      382.5000 17932463    3.65%
 1446381 665089      391.2000    47      397.0000      382.5000 17962025    3.65%
 1448324 666035      390.6000    54      397.0000      382.5000 17979917    3.65%
[runlim] sample:		2352.71 time, 1190.01 real, 1960 MB, 2.17 load
 1450264 667318      385.2000    46      397.0000      382.5000 18008563    3.65%
 1451099 667539      393.8000    44      397.0000      382.5000 18013226    3.65%
 1452868 668782      396.0000    34      397.0000      382.5000 18042223    3.65%
 1454810 669614      391.0000    48      397.0000      382.5000 18062559    3.65%
 1456708 670653      385.2500    40      397.0000      382.5000 18084165    3.65%
Elapsed time = 1196.49 sec. (3336734.32 ticks, tree = 1781.98 MB, solutions = 40)
 1458619 672011      385.7500    44      397.0000      382.5000 18112012    3.65%
 1460468 672448      382.5000    64      397.0000      382.5000 18124510    3.65%
[runlim] sample:		2372.56 time, 1200.01 real, 1991 MB, 2.14 load
 1462285 673640      394.8000    54      397.0000      382.5000 18153413    3.65%
 1464029 674329      382.5000    52      397.0000      382.5000 18173171    3.65%
 1465920 675566        cutoff            397.0000      382.5000 18201827    3.65%
 1467748 676517      382.5000    49      397.0000      382.5000 18232086    3.65%
 1469657 677526      382.5000    59      397.0000      382.5000 18252215    3.65%
 1470787 678253        cutoff            397.0000      382.5000 18269709    3.65%
 1472182 679017      388.0000    54      397.0000      382.5000 18286572    3.65%
[runlim] sample:		2392.35 time, 1210.02 real, 2012 MB, 2.34 load
 1474046 679864      394.8000    52      397.0000      382.5000 18306984    3.65%
Elapsed time = 1209.78 sec. (3374918.96 ticks, tree = 1813.18 MB, solutions = 40)
 1475898 680934      390.8000    41      397.0000      382.5000 18336925    3.65%
 1477722 681766      394.6667    44      397.0000      382.5000 18355981    3.65%
 1479492 682323      382.5000    46      397.0000      382.5000 18366732    3.65%
 1481341 683710      393.8000    48      397.0000      382.5000 18403466    3.65%
 1483238 684527      389.7500    49      397.0000      382.5000 18424060    3.65%
 1484985 685465        cutoff            397.0000      382.5000 18443187    3.65%
 1486199 686062      392.8000    50      397.0000      382.5000 18457130    3.65%
[runlim] sample:		2412.20 time, 1220.01 real, 2037 MB, 2.36 load
 1487527 687272      393.0000    46      397.0000      382.5000 18482776    3.65%
 1489302 688007      395.0000    48      397.0000      382.5000 18501306    3.65%
 1491226 688542      390.8000    40      397.0000      382.5000 18512203    3.65%
Elapsed time = 1223.35 sec. (3413286.36 ticks, tree = 1835.75 MB, solutions = 40)
 1493140 689309      385.2000    49      397.0000      382.5000 18533065    3.65%
 1494934 690502        cutoff            397.0000      382.5000 18560985    3.65%
 1496706 691364      382.5000    50      397.0000      382.5000 18578336    3.65%
 1498468 692481      389.4000    62      397.0000      382.5000 18606864    3.65%
[runlim] sample:		2432.05 time, 1230.01 real, 2039 MB, 2.31 load
 1500261 693661      385.0000    42      397.0000      382.5000 18635013    3.65%
 1502068 694212      394.8000    47      397.0000      382.5000 18646476    3.65%
 1503081 695080      386.6000    49      397.0000      382.5000 18666785    3.65%
 1504253 696226      392.0000    42      397.0000      382.5000 18696372    3.65%
 1506207 696764      393.0000    43      397.0000      382.5000 18706827    3.65%
 1508146 697758      385.0000    44      397.0000      382.5000 18726117    3.65%
Elapsed time = 1237.00 sec. (3451443.65 ticks, tree = 1859.69 MB, solutions = 40)
 1510073 698998      384.4000    54      397.0000      382.5000 18755436    3.65%
[runlim] sample:		2451.91 time, 1240.01 real, 2059 MB, 2.26 load
 1511957 700001      393.5000    46      397.0000      382.5000 18775428    3.65%
 1513907 701180      382.5000    55      397.0000      382.5000 18804678    3.65%
 1515807 701703      391.6000    51      397.0000      382.5000 18817019    3.65%
 1517696 702939        cutoff            397.0000      382.5000 18845257    3.65%
 1519694 704316      392.0000    46      397.0000      382.5000 18873093    3.65%
 1521604 705683      392.8000    41      397.0000      382.5000 18900477    3.65%
 1522999 706078      384.4000    46      397.0000      382.5000 18908299    3.65%
 1524654 707387      395.2000    47      397.0000      382.5000 18935564    3.65%
[runlim] sample:		2471.76 time, 1250.01 real, 2086 MB, 2.22 load
 1526593 708376      382.8000    49      397.0000      382.5000 18957009    3.65%
Elapsed time = 1250.60 sec. (3490813.61 ticks, tree = 1887.16 MB, solutions = 40)
 1528491 709299      390.6000    41      397.0000      382.5000 18975362    3.65%
 1530346 710621      391.0000    40      397.0000      382.5000 19002966    3.65%
 1532295 711121      383.0000    50      397.0000      382.5000 19013733    3.65%
 1534157 712426      383.2000    57      397.0000      382.5000 19041015    3.65%
 1535978 713221      386.0000    55      397.0000      382.5000 19062736    3.65%
 1537832 714400      385.4000    53      397.0000      382.5000 19090646    3.65%
[runlim] sample:		2491.62 time, 1260.01 real, 2088 MB, 2.19 load
 1539625 715240      384.6000    45      397.0000      382.5000 19111113    3.65%
 1541224 716162      396.0000    31      397.0000      382.5000 19131420    3.65%
 1542648 717073      386.8000    46      397.0000      382.5000 19153656    3.65%
 1544410 717987      395.2000    38      397.0000      382.5000 19177009    3.65%
Elapsed time = 1263.95 sec. (3528994.26 ticks, tree = 1912.19 MB, solutions = 40)
 1546225 718744      382.5000    46      397.0000      382.5000 19192242    3.65%
 1548097 720343      388.6000    50      397.0000      382.5000 19235989    3.65%
 1549940 720828      386.8000    46      397.0000      382.5000 19247281    3.65%
[runlim] sample:		2511.43 time, 1270.01 real, 2129 MB, 2.16 load
 1551199 721783      392.2000    49      397.0000      382.5000 19270350    3.65%
 1552513 722260      382.5000    45      397.0000      382.5000 19286498    3.65%
 1554421 723211      394.2000    42      397.0000      382.5000 19304345    3.65%
 1556366 723588      382.5000    60      397.0000      382.5000 19319571    3.65%
 1558291 725696        cutoff            397.0000      382.5000 19362579    3.65%
 1560073 726820      386.2000    59      397.0000      382.5000 19394327    3.65%
[runlim] sample:		2531.28 time, 1280.01 real, 2128 MB, 2.13 load
 1567564 729737      382.5000    55      397.0000      382.5000 19458715    3.65%
Elapsed time = 1281.29 sec. (3579097.91 ticks, tree = 1942.63 MB, solutions = 40)
 1573428 733797      391.0000    46      397.0000      382.5000 19556665    3.65%
[runlim] sample:		2551.15 time, 1290.01 real, 2157 MB, 2.11 load
 1580720 737399      394.0000    46      397.0000      382.5000 19635543    3.65%
 1587719 741295      383.0000    43      397.0000      382.5000 19734066    3.65%
[runlim] sample:		2571.00 time, 1300.01 real, 2184 MB, 2.09 load
 1593642 744459      382.5000    50      397.0000      382.5000 19820235    3.65%
 1600663 747995      395.2000    42      397.0000      382.5000 19906267    3.65%
[runlim] sample:		2590.85 time, 1310.01 real, 2183 MB, 2.16 load
 1606841 751599        cutoff            397.0000      382.5000 19994727    3.65%
 1614290 754978      395.0000    44      397.0000      382.5000 20070284    3.65%
[runlim] sample:		2609.36 time, 1320.01 real, 2208 MB, 2.13 load
 1620505 758547      383.0000    44      397.0000      382.5000 20160651    3.65%
[runlim] sample:		2628.60 time, 1330.01 real, 2238 MB, 2.19 load
 1628059 762982      392.0000    52      397.0000      382.5000 20276253    3.65%
 1635722 766498      395.2000    42      397.0000      382.5000 20363345    3.65%
Elapsed time = 1335.70 sec. (3731711.62 ticks, tree = 2038.19 MB, solutions = 40)
[runlim] sample:		2648.45 time, 1340.01 real, 2255 MB, 2.24 load
 1642378 770748      395.0000    40      397.0000      382.5000 20457945    3.65%
 1649959 774707    infeasible            397.0000      382.5000 20554498    3.65%
[runlim] sample:		2668.31 time, 1350.01 real, 2276 MB, 2.20 load
 1656771 778081      391.2000    57      397.0000      382.5000 20631942    3.65%
 1663334 781722      389.8000    41      397.0000      382.5000 20718734    3.65%
[runlim] sample:		2688.18 time, 1360.01 real, 2300 MB, 2.17 load
 1670758 785416      395.4000    49      397.0000      382.5000 20818376    3.65%
[runlim] sample:		2708.04 time, 1370.01 real, 2300 MB, 2.14 load
 1676899 788875      390.7500    27      397.0000      382.5000 20900806    3.65%
 1684239 793208      395.0000    44      397.0000      382.5000 20999753    3.65%
[runlim] sample:		2727.90 time, 1380.01 real, 2315 MB, 2.12 load
 1691330 797259      389.2000    49      397.0000      382.5000 21079285    3.65%
 1697709 801391      389.8000    41      397.0000      382.5000 21158920    3.65%
[runlim] sample:		2747.70 time, 1390.01 real, 2315 MB, 2.10 load
 1704830 804988      382.5000    63      397.0000      382.5000 21226288    3.65%
Elapsed time = 1392.48 sec. (3884731.82 ticks, tree = 2138.07 MB, solutions = 40)
Nodefile size = 87.22 MB (25.49 MB after compression)
 1711623 808849      382.5000    56      397.0000      382.5000 21321744    3.65%
[runlim] sample:		2767.56 time, 1400.01 real, 2327 MB, 2.09 load
 1717785 812248      388.8000    58      397.0000      382.5000 21401946    3.65%
 1725185 816352      385.6000    42      397.0000      382.5000 21498083    3.65%
[runlim] sample:		2787.42 time, 1410.01 real, 2330 MB, 2.07 load
 1731292 820516      389.0000    46      397.0000      382.5000 21586693    3.65%
[runlim] sample:		2807.29 time, 1420.01 real, 2353 MB, 2.06 load
 1738724 823783      385.6000    45      397.0000      382.5000 21659473    3.65%
 1746283 828274      392.6000    51      397.0000      382.5000 21747342    3.65%
[runlim] sample:		2827.15 time, 1430.01 real, 2366 MB, 2.05 load
 1752351 832121      392.8000    58      397.0000      382.5000 21823382    3.65%
 1759715 836108      393.4000    52      397.0000      382.5000 21904332    3.65%
[runlim] sample:		2847.00 time, 1440.01 real, 2378 MB, 2.12 load
 1767484 841578      389.2000    57      397.0000      382.5000 22007575    3.65%
[runlim] sample:		2866.79 time, 1450.01 real, 2380 MB, 2.10 load
 1773674 843884      382.5000    64      397.0000      382.5000 22053447    3.65%
Elapsed time = 1450.04 sec. (4037332.73 ticks, tree = 2238.18 MB, solutions = 40)
Nodefile size = 185.89 MB (56.16 MB after compression)
 1781111 848449      387.6000    40      397.0000      382.5000 22149053    3.65%
[runlim] sample:		2886.67 time, 1460.02 real, 2392 MB, 2.08 load
 1788310 853125      382.5000    56      397.0000      382.5000 22248443    3.65%
 1794526 857498      392.2000    39      397.0000      382.5000 22342489    3.65%
[runlim] sample:		2906.52 time, 1470.01 real, 2404 MB, 2.73 load
 1801666 860758      383.4000    48      397.0000      382.5000 22423374    3.65%
 1808887 864223      385.2000    51      397.0000      382.5000 22502509    3.65%
[runlim] sample:		2926.38 time, 1480.01 real, 2405 MB, 2.62 load
 1814851 867726      394.2000    40      397.0000      382.5000 22591643    3.65%
[runlim] sample:		2946.25 time, 1490.01 real, 2419 MB, 2.52 load
 1821950 871264      391.2000    53      397.0000      382.5000 22682835    3.65%
 1828403 874584      382.5000    57      397.0000      382.5000 22770311    3.65%
[runlim] sample:		2966.11 time, 1500.02 real, 2419 MB, 2.44 load
 1835243 878498      384.6000    46      397.0000      382.5000 22865063    3.65%
 1840813 881764    infeasible            397.0000      382.5000 22941223    3.65%
Elapsed time = 1507.87 sec. (4189929.76 ticks, tree = 2336.10 MB, solutions = 40)
Nodefile size = 285.19 MB (83.69 MB after compression)
[runlim] sample:		2985.92 time, 1510.01 real, 2432 MB, 2.37 load
 1848202 885544      387.2000    47      397.0000      382.5000 23026839    3.65%
 1855377 889536      383.0000    63      397.0000      382.5000 23116455    3.65%
[runlim] sample:		3005.76 time, 1520.02 real, 2432 MB, 2.32 load
 1861443 892720      392.0000    49      397.0000      382.5000 23186382    3.65%
[runlim] sample:		3025.63 time, 1530.02 real, 2447 MB, 2.27 load
 1868982 897721      387.0000    45      397.0000      382.5000 23303482    3.65%
 1875583 900991      395.0000    45      397.0000      382.5000 23380146    3.65%
[runlim] sample:		3045.47 time, 1540.01 real, 2460 MB, 2.23 load
 1883048 904712      394.8000    42      397.0000      382.5000 23458243    3.65%
 1889741 908979      387.2500    34      397.0000      382.5000 23569423    3.65%
[runlim] sample:		3065.34 time, 1550.01 real, 2472 MB, 2.19 load
 1896034 911872      389.4000    49      397.0000      382.5000 23644639    3.65%
[runlim] sample:		3085.19 time, 1560.01 real, 2484 MB, 2.24 load
 1903392 916003      389.0000    38      397.0000      382.5000 23749467    3.65%
 1910770 920098      391.2000    46      397.0000      382.5000 23838250    3.65%
Elapsed time = 1565.54 sec. (4342532.39 ticks, tree = 2435.34 MB, solutions = 40)
Nodefile size = 384.77 MB (113.58 MB after compression)
[runlim] sample:		3104.96 time, 1570.01 real, 2496 MB, 2.36 load
 1916674 923598    infeasible            397.0000      382.5000 23914854    3.65%
 1923923 927079      395.0000    38      397.0000      382.5000 23996275    3.65%
[runlim] sample:		3124.82 time, 1580.02 real, 2496 MB, 2.30 load
 1930896 931326      382.5000    49      397.0000      382.5000 24105453    3.65%
 1936660 933866      382.5000    54      397.0000      382.5000 24176863    3.65%
[runlim] sample:		3144.66 time, 1590.01 real, 2498 MB, 2.34 load
 1943548 937351      392.0000    42      397.0000      382.5000 24260064    3.65%
[runlim] sample:		3164.50 time, 1600.01 real, 2523 MB, 2.28 load
 1950700 941507      390.0000    41      397.0000      382.5000 24357829    3.65%
 1956781 945305      389.2000    43      397.0000      382.5000 24437843    3.65%
[runlim] sample:		3184.36 time, 1610.01 real, 2523 MB, 2.24 load
 1964107 949420        cutoff            397.0000      382.5000 24532616    3.65%
 1970687 953479      386.0000    63      397.0000      382.5000 24631985    3.65%
[runlim] sample:		3204.23 time, 1620.02 real, 2523 MB, 2.20 load
 1977929 956635      396.6000    47      397.0000      382.5000 24712240    3.65%
Elapsed time = 1623.78 sec. (4495130.87 ticks, tree = 2529.87 MB, solutions = 40)
Nodefile size = 478.44 MB (140.94 MB after compression)
[runlim] sample:		3224.03 time, 1630.01 real, 2547 MB, 2.17 load
 1984004 959975      396.0000    29      397.0000      382.5000 24790821    3.65%
 1991578 964183      382.5000    52      397.0000      382.5000 24890014    3.65%
[runlim] sample:		3243.88 time, 1640.01 real, 2547 MB, 2.14 load
 1999236 968254      382.5000    62      397.0000      382.5000 24988436    3.65%
 2005317 971802      382.5000    55      397.0000      382.5000 25070350    3.65%
[runlim] sample:		3263.72 time, 1650.01 real, 2549 MB, 2.12 load
 2013117 975765      384.3192    57      397.0000      382.5000 25160784    3.65%
 2020878 980091      382.5000    54      397.0000      382.5000 25255479    3.65%
[runlim] sample:		3283.58 time, 1660.01 real, 2563 MB, 2.10 load
 2027475 983694      393.2000    45      397.0000      382.5000 25330261    3.65%
[runlim] sample:		3303.43 time, 1670.01 real, 2563 MB, 2.09 load
 2035214 988751      388.0000    39      397.0000      382.5000 25444890    3.65%
 2041483 991769        cutoff            397.0000      382.5000 25523473    3.65%
[runlim] sample:		3323.29 time, 1680.01 real, 2563 MB, 2.07 load
 2048945 995935      391.2000    54      397.0000      382.5000 25620094    3.65%
Elapsed time = 1681.60 sec. (4647736.87 ticks, tree = 2631.39 MB, solutions = 40)
Nodefile size = 579.82 MB (168.78 MB after compression)
 2055156 999660      394.0000    44      397.0000      382.5000 25703742    3.65%
[runlim] sample:		3343.08 time, 1690.01 real, 2577 MB, 2.14 load
 2062328 1003344      382.5000    57      397.0000      382.5000 25791911    3.65%
 2068819 1007380      386.0000    48      397.0000      382.5000 25884332    3.65%
[runlim] sample:		3362.93 time, 1700.01 real, 2583 MB, 2.11 load
 2075711 1010538      389.8000    44      397.0000      382.5000 25970154    3.65%
[runlim] sample:		3382.77 time, 1710.01 real, 2584 MB, 2.10 load
 2082292 1013732      396.6000    47      397.0000      382.5000 26044096    3.65%
 2089434 1018414      383.8000    53      397.0000      382.5000 26159377    3.65%
[runlim] sample:		3402.63 time, 1720.01 real, 2594 MB, 2.15 load
 2095185 1022000      392.8000    45      397.0000      382.5000 26240159    3.65%
 2102834 1024812      382.5000    64      397.0000      382.5000 26313252    3.65%
[runlim] sample:		3422.49 time, 1730.02 real, 2606 MB, 2.13 load
 2110348 1029262      391.0000    40      397.0000      382.5000 26416573    3.65%
[runlim] sample:		3442.33 time, 1740.01 real, 2618 MB, 2.11 load
 2116343 1032780      389.6000    49      397.0000      382.5000 26504165    3.65%
Elapsed time = 1740.07 sec. (4800340.59 ticks, tree = 2726.90 MB, solutions = 40)
Nodefile size = 675.46 MB (195.60 MB after compression)
 2124143 1037308      394.4000    51      397.0000      382.5000 26605512    3.65%
[runlim] sample:		3462.14 time, 1750.01 real, 2619 MB, 2.09 load
 2131500 1041371      393.2000    42      397.0000      382.5000 26704142    3.65%
 2137639 1044767      390.4000    51      397.0000      382.5000 26792474    3.65%
[runlim] sample:		3482.00 time, 1760.01 real, 2631 MB, 2.08 load
 2145473 1049328      391.4000    47      397.0000      382.5000 26895116    3.65%
 2152916 1053436      387.0000    57      397.0000      382.5000 26981600    3.65%
[runlim] sample:		3501.85 time, 1770.01 real, 2643 MB, 2.07 load
 2159938 1057238      382.5000    57      397.0000      382.5000 27069249    3.65%
[runlim] sample:		3521.71 time, 1780.01 real, 2643 MB, 2.06 load
 2167367 1061952      382.5000    53      397.0000      382.5000 27164247    3.65%
 2173426 1065153      385.4000    43      397.0000      382.5000 27225746    3.65%
[runlim] sample:		3541.56 time, 1790.01 real, 2655 MB, 2.13 load
 2180719 1069953      382.5000    54      397.0000      382.5000 27316724    3.65%
 2187093 1074730      395.0000    45      397.0000      382.5000 27416313    3.65%
Elapsed time = 1797.73 sec. (4952963.05 ticks, tree = 2835.18 MB, solutions = 40)
Nodefile size = 784.93 MB (225.64 MB after compression)
[runlim] sample:		3561.43 time, 1800.01 real, 2655 MB, 2.11 load
 2193575 1077790      392.2000    49      397.0000      382.5000 27484534    3.65%
 2200748 1082003      393.0000    49      397.0000      382.5000 27579913    3.65%
[runlim] sample:		3581.21 time, 1810.01 real, 2659 MB, 2.17 load
 2207829 1085771      389.4000    47      397.0000      382.5000 27666385    3.65%
[runlim] sample:		3601.07 time, 1820.01 real, 2673 MB, 2.14 load
 2214090 1089679      386.4000    54      397.0000      382.5000 27746388    3.65%
 2221458 1093656      390.2000    42      397.0000      382.5000 27826790    3.65%
[runlim] sample:		3620.91 time, 1830.01 real, 2681 MB, 2.20 load
 2228929 1098089      388.2000    49      397.0000      382.5000 27928385    3.65%
 2235453 1102023      385.8000    50      397.0000      382.5000 28010543    3.65%
[runlim] sample:		3640.76 time, 1840.01 real, 2693 MB, 2.25 load
 2243116 1106571      391.4000    48      397.0000      382.5000 28113133    3.65%
 2249917 1110549      386.0000    47      397.0000      382.5000 28207959    3.65%
[runlim] sample:		3660.61 time, 1850.01 real, 2705 MB, 2.21 load
 2257089 1113759    infeasible            397.0000      382.5000 28286180    3.65%
Elapsed time = 1855.05 sec. (5105573.32 ticks, tree = 2935.71 MB, solutions = 40)
Nodefile size = 884.27 MB (252.07 MB after compression)
[runlim] sample:		3680.46 time, 1860.01 real, 2705 MB, 2.18 load
 2264041 1117802      382.5000    59      397.0000      382.5000 28391091    3.65%
 2271072 1121910      391.0000    36      397.0000      382.5000 28478131    3.65%
[runlim] sample:		3700.27 time, 1870.01 real, 2717 MB, 2.22 load
 2278406 1125814      382.5000    41      397.0000      382.5000 28583486    3.65%
 2284871 1128939      395.4000    41      397.0000      382.5000 28669709    3.65%
[runlim] sample:		3720.12 time, 1880.02 real, 2729 MB, 2.19 load
 2291825 1132492      382.5000    52      397.0000      382.5000 28765885    3.65%
[runlim] sample:		3739.96 time, 1890.01 real, 2729 MB, 2.16 load
 2297587 1135462      392.8000    56      397.0000      382.5000 28848544    3.65%
 2304933 1139629      394.6000    48      397.0000      382.5000 28945800    3.65%
[runlim] sample:		3759.83 time, 1900.02 real, 2742 MB, 2.13 load
 2312183 1143435      394.6000    50      397.0000      382.5000 29042593    3.65%
 2318289 1146320      396.0000    54      397.0000      382.5000 29119856    3.65%
[runlim] sample:		3779.68 time, 1910.01 real, 2754 MB, 2.11 load
 2325199 1149714      382.5000    53      397.0000      382.5000 29212005    3.65%
Elapsed time = 1912.93 sec. (5258184.15 ticks, tree = 3028.64 MB, solutions = 40)
Nodefile size = 977.12 MB (277.61 MB after compression)
[runlim] sample:		3798.13 time, 1920.02 real, 2754 MB, 2.10 load
 2331092 1153089      382.5000    68      397.0000      382.5000 29304737    3.65%
 2338152 1156825      392.4000    43      397.0000      382.5000 29403331    3.65%
[runlim] sample:		3817.50 time, 1930.02 real, 2766 MB, 2.08 load
 2345399 1161118      392.2000    42      397.0000      382.5000 29508752    3.65%
 2353151 1164650      385.4000    44      397.0000      382.5000 29597094    3.65%
[runlim] sample:		3837.34 time, 1940.01 real, 2779 MB, 2.14 load
 2360942 1169295      396.2000    44      397.0000      382.5000 29701393    3.65%
 2367335 1172904      394.2000    37      397.0000      382.5000 29786092    3.65%
[runlim] sample:		3857.20 time, 1950.01 real, 2779 MB, 2.12 load
 2375008 1177065      391.7500    40      397.0000      382.5000 29877186    3.65%
[runlim] sample:		3877.05 time, 1960.01 real, 2792 MB, 2.10 load
 2381442 1181097      392.8206    53      397.0000      382.5000 29968835    3.65%
 2389219 1184960      382.5000    64      397.0000      382.5000 30056194    3.65%
[runlim] sample:		3896.91 time, 1970.01 real, 2792 MB, 2.16 load
 2395345 1187974      396.2500    48      397.0000      382.5000 30120066    3.65%
Elapsed time = 1972.29 sec. (5412114.18 ticks, tree = 3127.76 MB, solutions = 40)
Nodefile size = 1075.63 MB (303.80 MB after compression)
 2403198 1193194      385.6000    52      397.0000      382.5000 30231847    3.65%
[runlim] sample:		3916.77 time, 1980.01 real, 2804 MB, 2.13 load
 2410725 1197295    infeasible            397.0000      382.5000 30315358    3.65%
[runlim] sample:		3936.58 time, 1990.01 real, 2817 MB, 2.11 load
 2417331 1200796        cutoff            397.0000      382.5000 30394621    3.65%
 2424931 1205230      384.8000    44      397.0000      382.5000 30496085    3.65%
[runlim] sample:		3956.44 time, 2000.02 real, 2817 MB, 2.10 load
 2430874 1208199      393.0000    37      397.0000      382.5000 30558195    3.65%
 2438068 1212671      396.0000    50      397.0000      382.5000 30673210    3.65%
[runlim] sample:		3976.30 time, 2010.02 real, 2829 MB, 2.08 load
 2445768 1216909      385.2000    43      397.0000      382.5000 30755409    3.65%
 2451647 1220756      389.6000    58      397.0000      382.5000 30827864    3.65%
[runlim] sample:		3996.14 time, 2020.01 real, 2842 MB, 2.07 load
 2459059 1225388      391.2500    44      397.0000      382.5000 30911672    3.65%
 2466727 1229766      389.2000    52      397.0000      382.5000 30992327    3.65%
Elapsed time = 2029.33 sec. (5564727.27 ticks, tree = 3235.21 MB, solutions = 40)
Nodefile size = 1183.06 MB (331.45 MB after compression)
[runlim] sample:		4016.00 time, 2030.01 real, 2842 MB, 2.06 load
 2473562 1233741        cutoff            397.0000      382.5000 31080577    3.65%
[runlim] sample:		4035.85 time, 2040.01 real, 2857 MB, 2.05 load
 2480619 1237806      395.0000    34      397.0000      382.5000 31169246    3.65%
 2487498 1242026      382.5000    50      397.0000      382.5000 31249541    3.65%
[runlim] sample:		4055.66 time, 2050.02 real, 2860 MB, 2.04 load
 2494423 1246546      386.8000    48      397.0000      382.5000 31338039    3.65%
 2502032 1251599      386.2000    49      397.0000      382.5000 31426648    3.65%
[runlim] sample:		4075.50 time, 2060.02 real, 2872 MB, 2.03 load
 2509231 1255521      393.0000    42      397.0000      382.5000 31497328    3.65%
[runlim] sample:		4095.35 time, 2070.01 real, 2891 MB, 2.03 load
 2516170 1259157      395.5000    48      397.0000      382.5000 31566697    3.65%
 2524169 1264734      386.0000    54      397.0000      382.5000 31676688    3.65%
[runlim] sample:		4115.22 time, 2080.01 real, 2893 MB, 2.02 load
 2530929 1268604      392.2000    46      397.0000      382.5000 31752710    3.65%
 2538536 1273832      386.6000    51      397.0000      382.5000 31855614    3.65%
Elapsed time = 2087.50 sec. (5717340.39 ticks, tree = 3348.72 MB, solutions = 40)
Nodefile size = 1298.59 MB (361.38 MB after compression)
[runlim] sample:		4135.08 time, 2090.01 real, 2905 MB, 2.10 load
 2546349 1277401      382.5000    56      397.0000      382.5000 31920309    3.65%
 2553077 1282728      384.4000    56      397.0000      382.5000 32019100    3.65%
[runlim] sample:		4154.94 time, 2100.01 real, 2917 MB, 2.08 load
 2560240 1286531        cutoff            397.0000      382.5000 32105280    3.65%
[runlim] sample:		4174.74 time, 2110.01 real, 2929 MB, 2.07 load
 2566712 1290793      383.8000    57      397.0000      382.5000 32189384    3.65%
 2574558 1295144      382.5000    48      397.0000      382.5000 32267084    3.65%
[runlim] sample:		4194.58 time, 2120.01 real, 2941 MB, 2.06 load
 2582474 1300543      384.0000    48      397.0000      382.5000 32372259    3.65%
 2589340 1304928      395.0000    41      397.0000      382.5000 32455489    3.65%
[runlim] sample:		4214.45 time, 2130.02 real, 2941 MB, 2.05 load
 2595604 1308338      387.2000    48      397.0000      382.5000 32522692    3.65%
 2603072 1312562      388.8000    53      397.0000      382.5000 32606880    3.65%
[runlim] sample:		4234.32 time, 2140.02 real, 2955 MB, 2.04 load
 2610792 1316913      388.8000    52      397.0000      382.5000 32687844    3.65%
Elapsed time = 2143.91 sec. (5869949.93 ticks, tree = 3459.72 MB, solutions = 40)
Nodefile size = 1407.26 MB (390.24 MB after compression)
[runlim] sample:		4254.18 time, 2150.01 real, 2956 MB, 2.03 load
 2616790 1321071      382.5000    61      397.0000      382.5000 32767795    3.65%
 2624469 1325076      394.0000    48      397.0000      382.5000 32850548    3.65%
[runlim] sample:		4274.03 time, 2160.02 real, 2968 MB, 2.03 load
 2632411 1329932      387.0000    51      397.0000      382.5000 32940327    3.65%
 2638700 1333649      388.6000    54      397.0000      382.5000 33014214    3.65%
[runlim] sample:		4293.83 time, 2170.02 real, 2968 MB, 2.25 load
 2646714 1337723      394.5000    32      397.0000      382.5000 33093223    3.65%
 2654624 1343328      392.0000    43      397.0000      382.5000 33198341    3.65%
[runlim] sample:		4313.68 time, 2180.01 real, 2980 MB, 2.21 load
 2661388 1347456      389.2000    51      397.0000      382.5000 33267878    3.65%
 2669498 1352054      392.8000    50      397.0000      382.5000 33363792    3.65%
[runlim] sample:		4333.54 time, 2190.01 real, 2993 MB, 2.26 load
 2675606 1355296      391.6000    50      397.0000      382.5000 33430971    3.65%
[runlim] sample:		4353.41 time, 2200.01 real, 2994 MB, 2.22 load
 2683398 1359865      394.0000    49      397.0000      382.5000 33523236    3.65%
Elapsed time = 2200.37 sec. (6022553.00 ticks, tree = 3570.16 MB, solutions = 40)
Nodefile size = 1517.78 MB (417.00 MB after compression)
 2691206 1364640        cutoff            397.0000      382.5000 33621091    3.65%
[runlim] sample:		4373.26 time, 2210.01 real, 3006 MB, 2.18 load
 2697999 1368340      391.4000    48      397.0000      382.5000 33698620    3.65%
 2705384 1372421      388.6000    61      397.0000      382.5000 33787032    3.65%
[runlim] sample:		4393.11 time, 2220.01 real, 3017 MB, 2.23 load
 2713096 1377053      394.2000    46      397.0000      382.5000 33888480    3.65%
 2719450 1381191      386.2000    47      397.0000      382.5000 33972421    3.65%
[runlim] sample:		4412.94 time, 2230.02 real, 3021 MB, 2.19 load
 2726822 1385654      382.5000    45      397.0000      382.5000 34061721    3.65%
[runlim] sample:		4432.79 time, 2240.01 real, 3034 MB, 2.16 load
 2734497 1389565      395.0000    43      397.0000      382.5000 34147265    3.65%
 2741976 1394908      395.0000    39      397.0000      382.5000 34260241    3.65%
[runlim] sample:		4452.64 time, 2250.01 real, 3045 MB, 2.14 load
 2748983 1398720      382.5000    57      397.0000      382.5000 34333338    3.65%
 2755700 1402344      382.5000    58      397.0000      382.5000 34406887    3.65%
Elapsed time = 2257.30 sec. (6175928.29 ticks, tree = 3679.58 MB, solutions = 40)
Nodefile size = 1628.09 MB (444.60 MB after compression)
[runlim] sample:		4472.49 time, 2260.01 real, 3058 MB, 2.12 load
 2762086 1407449      384.4000    50      397.0000      382.5000 34510188    3.65%
 2769040 1410506      386.0000    55      397.0000      382.5000 34581255    3.65%
[runlim] sample:		4492.35 time, 2270.01 real, 3059 MB, 2.10 load
 2776082 1414803      382.5000    63      397.0000      382.5000 34676023    3.65%
[runlim] sample:		4512.21 time, 2280.01 real, 3072 MB, 2.08 load
 2781905 1418158      393.0000    46      397.0000      382.5000 34747437    3.65%
 2789414 1422541      396.2000    47      397.0000      382.5000 34851670    3.65%
[runlim] sample:		4532.00 time, 2290.01 real, 3084 MB, 2.07 load
 2796830 1426316      388.6000    58      397.0000      382.5000 34945254    3.65%
 2803086 1430800      391.2000    46      397.0000      382.5000 35040926    3.65%
[runlim] sample:		4551.87 time, 2300.02 real, 3084 MB, 2.06 load
 2810794 1435025      382.5000    55      397.0000      382.5000 35126002    3.65%
 2817601 1439110      382.5000    50      397.0000      382.5000 35216132    3.65%
[runlim] sample:		4571.72 time, 2310.01 real, 3096 MB, 2.05 load
 2824307 1442679      391.2000    37      397.0000      382.5000 35291949    3.65%
Elapsed time = 2315.08 sec. (6328556.45 ticks, tree = 3783.29 MB, solutions = 40)
Nodefile size = 1730.69 MB (469.84 MB after compression)
[runlim] sample:		4591.60 time, 2320.02 real, 3103 MB, 2.04 load
 2831465 1447465      385.4000    48      397.0000      382.5000 35399499    3.65%
 2838999 1451238      386.2500    38      397.0000      382.5000 35485049    3.65%
[runlim] sample:		4611.44 time, 2330.01 real, 3113 MB, 2.03 load
 2846605 1455983      392.2000    49      397.0000      382.5000 35580074    3.65%
 2854343 1460429      383.2000    53      397.0000      382.5000 35677635    3.65%
[runlim] sample:		4631.31 time, 2340.02 real, 3126 MB, 2.11 load
 2860661 1464293      382.5000    60      397.0000      382.5000 35752613    3.65%
[runlim] sample:		4651.12 time, 2350.01 real, 3138 MB, 2.09 load
 2868321 1468450      393.7500    44      397.0000      382.5000 35841044    3.65%
 2875705 1472377      391.6000    56      397.0000      382.5000 35924066    3.65%
[runlim] sample:		4670.96 time, 2360.01 real, 3153 MB, 2.08 load
 2881616 1476336      396.6000    48      397.0000      382.5000 36002435    3.65%
 2889163 1481711      390.2000    47      397.0000      382.5000 36108383    3.65%
[runlim] sample:		4690.81 time, 2370.01 real, 3166 MB, 2.06 load
 2896524 1485466      387.0000    41      397.0000      382.5000 36185965    3.65%
Elapsed time = 2372.60 sec. (6482810.83 ticks, tree = 3893.70 MB, solutions = 40)
Nodefile size = 1841.50 MB (497.22 MB after compression)
 2902469 1489317      393.2000    46      397.0000      382.5000 36263256    3.65%
[runlim] sample:		4710.67 time, 2380.01 real, 3178 MB, 2.05 load
 2909960 1494039      382.5000    58      397.0000      382.5000 36355063    3.65%
[runlim] sample:		4730.53 time, 2390.01 real, 3180 MB, 2.05 load
 2917302 1498190      386.0000    60      397.0000      382.5000 36433366    3.65%
 2923037 1501698      393.4000    44      397.0000      382.5000 36505138    3.65%
[runlim] sample:		4750.39 time, 2400.01 real, 3193 MB, 2.04 load
 2930859 1506752      393.4000    39      397.0000      382.5000 36594613    3.65%
 2938547 1511763      391.8000    51      397.0000      382.5000 36687481    3.65%
[runlim] sample:		4770.19 time, 2410.01 real, 3193 MB, 2.03 load
 2944750 1515793      394.6000    43      397.0000      382.5000 36765961    3.65%
 2952544 1520566      394.0000    43      397.0000      382.5000 36857583    3.65%
[runlim] sample:		4790.04 time, 2420.01 real, 3207 MB, 2.03 load
 2959243 1523847      382.5000    64      397.0000      382.5000 36922860    3.65%
[runlim] sample:		4809.90 time, 2430.01 real, 3207 MB, 2.02 load
 2966623 1527489      382.5000    50      397.0000      382.5000 36996559    3.65%
Elapsed time = 2429.94 sec. (6635415.80 ticks, tree = 4001.93 MB, solutions = 40)
Nodefile size = 1950.09 MB (523.88 MB after compression)
 2974483 1533211      391.0000    48      397.0000      382.5000 37104630    3.65%
[runlim] sample:		4829.76 time, 2440.01 real, 3219 MB, 2.17 load
 2981326 1537042      395.2000    39      397.0000      382.5000 37182905    3.65%
 2988883 1541568      394.0000    51      397.0000      382.5000 37272159    3.65%
[runlim] sample:		4849.63 time, 2450.01 real, 3219 MB, 2.14 load
 2995581 1545717      387.4000    50      397.0000      382.5000 37354089    3.65%
 3003363 1550793      382.6000    49      397.0000      382.5000 37451048    3.65%
[runlim] sample:		4869.49 time, 2460.01 real, 3231 MB, 2.20 load
 3009267 1554130      390.2000    45      397.0000      382.5000 37508960    3.65%
[runlim] sample:		4889.30 time, 2470.01 real, 3243 MB, 2.24 load
 3017034 1558544      393.2000    46      397.0000      382.5000 37593420    3.65%
 3024907 1563567      392.8000    50      397.0000      382.5000 37682409    3.65%
[runlim] sample:		4909.16 time, 2480.01 real, 3256 MB, 2.20 load
 3031529 1567594      391.8000    43      397.0000      382.5000 37762273    3.65%
 3038794 1572335      386.6000    57      397.0000      382.5000 37852748    3.65%
Elapsed time = 2487.05 sec. (6788020.22 ticks, tree = 4117.41 MB, solutions = 40)
Nodefile size = 2066.74 MB (552.12 MB after compression)
[runlim] sample:		4929.02 time, 2490.01 real, 3256 MB, 2.17 load
 3046315 1576651      382.5000    54      397.0000      382.5000 37928642    3.65%
 3052118 1580730      391.2500    48      397.0000      382.5000 38002735    3.65%
[runlim] sample:		4948.89 time, 2500.01 real, 3259 MB, 2.15 load
 3059726 1585217      396.6000    51      397.0000      382.5000 38079292    3.65%
[runlim] sample:		4968.74 time, 2510.02 real, 3270 MB, 2.12 load
 3067462 1589864      382.6000    43      397.0000      382.5000 38157159    3.65%
 3074839 1594873      392.7500    47      397.0000      382.5000 38242410    3.65%
[runlim] sample:		4987.23 time, 2520.01 real, 3282 MB, 2.10 load
 3081885 1599806      393.8000    53      397.0000      382.5000 38326462    3.65%
 3088743 1603631      383.4000    53      397.0000      382.5000 38396978    3.65%
[runlim] sample:		5006.60 time, 2530.01 real, 3296 MB, 2.09 load
 3095932 1608566      382.5000    75      397.0000      382.5000 38480245    3.65%
[runlim] sample:		5026.47 time, 2540.01 real, 3308 MB, 2.07 load
 3103932 1612954      382.5000    67      397.0000      382.5000 38553933    3.65%
 3109861 1616833      382.5000    59      397.0000      382.5000 38625122    3.65%
Elapsed time = 2545.76 sec. (6940625.92 ticks, tree = 4232.11 MB, solutions = 40)
Nodefile size = 2180.37 MB (579.65 MB after compression)
[runlim] sample:		5046.33 time, 2550.01 real, 3308 MB, 2.06 load
 3117927 1621987      382.5000    53      397.0000      382.5000 38715144    3.65%
 3125933 1626695      390.4000    62      397.0000      382.5000 38794840    3.65%
[runlim] sample:		5066.20 time, 2560.01 real, 3321 MB, 2.13 load
 3132569 1631729      387.8000    52      397.0000      382.5000 38879149    3.65%
 3140249 1635708      383.8000    47      397.0000      382.5000 38949080    3.65%
[runlim] sample:		5086.05 time, 2570.01 real, 3333 MB, 2.19 load
 3148014 1641477      385.0000    41      397.0000      382.5000 39053830    3.65%
[runlim] sample:		5105.93 time, 2580.02 real, 3345 MB, 2.16 load
 3154884 1645207      391.4000    47      397.0000      382.5000 39119656    3.65%
 3162669 1649941      384.8000    49      397.0000      382.5000 39213056    3.65%
[runlim] sample:		5125.74 time, 2590.01 real, 3358 MB, 2.22 load
 3168999 1653347      386.4000    64      397.0000      382.5000 39275451    3.65%
 3177085 1658420      385.6000    53      397.0000      382.5000 39363314    3.65%
[runlim] sample:		5145.59 time, 2600.01 real, 3358 MB, 2.18 load
 3185001 1662940      388.0000    43      397.0000      382.5000 39445875    3.65%
Elapsed time = 2602.25 sec. (7093225.43 ticks, tree = 4351.29 MB, solutions = 40)
Nodefile size = 2298.86 MB (608.63 MB after compression)
 3192030 1668295      382.5000    61      397.0000      382.5000 39538038    3.65%
[runlim] sample:		5165.47 time, 2610.01 real, 3372 MB, 2.15 load
 3200044 1673343      391.0000    47      397.0000      382.5000 39627817    3.65%
[runlim] sample:		5185.32 time, 2620.01 real, 3386 MB, 2.13 load
 3206045 1676596      382.5000    64      397.0000      382.5000 39684890    3.65%
 3213703 1680533      384.4000    58      397.0000      382.5000 39764998    3.65%
[runlim] sample:		5205.18 time, 2630.01 real, 3386 MB, 2.11 load
 3221271 1685413      394.6000    53      397.0000      382.5000 39853141    3.65%
 3227646 1690690      382.5000    58      397.0000      382.5000 39942187    3.65%
[runlim] sample:		5225.04 time, 2640.01 real, 3388 MB, 2.09 load
 3235026 1694234      384.4000    46      397.0000      382.5000 40006025    3.65%
 3242389 1698763      395.0000    33      397.0000      382.5000 40093143    3.65%
[runlim] sample:		5244.85 time, 2650.01 real, 3400 MB, 2.08 load
 3248849 1702806      391.6000    43      397.0000      382.5000 40174803    3.65%
 3256264 1707111      389.2000    41      397.0000      382.5000 40260478    3.65%
Elapsed time = 2659.27 sec. (7245830.14 ticks, tree = 4465.47 MB, solutions = 40)
Nodefile size = 2413.67 MB (637.51 MB after compression)
[runlim] sample:		5264.70 time, 2660.01 real, 3412 MB, 2.07 load
 3264001 1711681      391.2000    48      397.0000      382.5000 40350698    3.65%
[runlim] sample:		5284.58 time, 2670.01 real, 3412 MB, 2.06 load
 3270797 1715010      383.4000    54      397.0000      382.5000 40415032    3.65%
 3278441 1719768    infeasible            397.0000      382.5000 40502573    3.65%
[runlim] sample:		5304.43 time, 2680.01 real, 3418 MB, 2.05 load
 3284361 1722672      393.0000    39      397.0000      382.5000 40561117    3.65%
 3292229 1727612      384.0000    52      397.0000      382.5000 40654200    3.65%
[runlim] sample:		5324.29 time, 2690.01 real, 3432 MB, 2.11 load
 3300165 1732625      396.6000    49      397.0000      382.5000 40746091    3.65%
[runlim] sample:		5344.16 time, 2700.01 real, 3432 MB, 2.09 load
 3306128 1737048      382.5000    63      397.0000      382.5000 40835743    3.65%
 3313843 1741132      385.2000    47      397.0000      382.5000 40913074    3.65%
[runlim] sample:		5363.97 time, 2710.01 real, 3445 MB, 2.08 load
 3321460 1745436      393.6000    48      397.0000      382.5000 40994503    3.65%
 3328243 1750324      392.3333    49      397.0000      382.5000 41096153    3.65%
Elapsed time = 2717.22 sec. (7398457.63 ticks, tree = 4577.05 MB, solutions = 40)
Nodefile size = 2526.24 MB (664.88 MB after compression)
[runlim] sample:		5383.83 time, 2720.01 real, 3460 MB, 2.14 load
 3336117 1755246      396.0000    38      397.0000      382.5000 41196206    3.65%
 3342581 1759377      386.4000    52      397.0000      382.5000 41265962    3.65%
[runlim] sample:		5403.70 time, 2730.01 real, 3460 MB, 2.12 load
 3350517 1763785      395.0000    45      397.0000      382.5000 41348255    3.65%
[runlim] sample:		5423.55 time, 2740.01 real, 3466 MB, 2.17 load
 3358488 1768719      383.2000    50      397.0000      382.5000 41438660    3.65%
 3364613 1772498      382.5000    59      397.0000      382.5000 41510114    3.65%
[runlim] sample:		5443.41 time, 2750.01 real, 3474 MB, 2.15 load
 3372307 1776836      393.7500    43      397.0000      382.5000 41602925    3.65%
 3379974 1780655      388.8000    47      397.0000      382.5000 41683841    3.65%
[runlim] sample:		5463.28 time, 2760.01 real, 3480 MB, 2.12 load
 3387415 1785212      383.6000    43      397.0000      382.5000 41775192    3.65%
 3393386 1788901      396.0000    39      397.0000      382.5000 41848905    3.65%
[runlim] sample:		5483.08 time, 2770.01 real, 3484 MB, 2.10 load
 3400300 1793107      382.6000    51      397.0000      382.5000 41932144    3.65%
Elapsed time = 2774.61 sec. (7551064.51 ticks, tree = 4687.47 MB, solutions = 40)
Nodefile size = 2636.85 MB (691.82 MB after compression)
[runlim] sample:		5502.93 time, 2780.01 real, 3498 MB, 2.09 load
 3407832 1797471      382.5000    56      397.0000      382.5000 42022065    3.65%
 3414978 1801282      390.8000    57      397.0000      382.5000 42103979    3.65%
[runlim] sample:		5522.79 time, 2790.01 real, 3498 MB, 2.07 load
 3420671 1804629      384.4000    54      397.0000      382.5000 42172792    3.65%
 3428063 1808578      383.0000    39      397.0000      382.5000 42254361    3.65%
[runlim] sample:		5542.65 time, 2800.01 real, 3500 MB, 2.06 load
 3435552 1812313      382.5000    52      397.0000      382.5000 42337441    3.65%
 3443501 1817469      383.0000    46      397.0000      382.5000 42427289    3.65%
[runlim] sample:		5562.51 time, 2810.01 real, 3513 MB, 2.13 load
 3450299 1821661      382.5000    63      397.0000      382.5000 42515296    3.65%
[runlim] sample:		5582.37 time, 2820.01 real, 3514 MB, 2.11 load
 3458281 1824054      394.0000    37      397.0000      382.5000 42601817    3.65%
 3466673 1825936      384.0000    41      397.0000      382.5877 42696153    3.63%
[runlim] sample:		5602.17 time, 2830.01 real, 3528 MB, 2.09 load
 3474758 1827476      382.6000    47      397.0000      382.6000 42786267    3.63%
Elapsed time = 2831.36 sec. (7703668.98 ticks, tree = 4776.95 MB, solutions = 40)
Nodefile size = 2726.55 MB (713.11 MB after compression)
 3483040 1829119        cutoff            397.0000      382.6000 42873569    3.63%
[runlim] sample:		5622.03 time, 2840.01 real, 3528 MB, 2.16 load
 3491651 1831133      382.6000    36      397.0000      382.6000 42978449    3.63%
 3499753 1832819      384.0000    34      397.0000      382.6000 43064244    3.63%
[runlim] sample:		5641.90 time, 2850.02 real, 3540 MB, 2.13 load
 3508148 1834403      382.6000    44      397.0000      382.6000 43159785    3.63%
 3516459 1836307        cutoff            397.0000      382.6000 43247780    3.63%
[runlim] sample:		5661.74 time, 2860.01 real, 3540 MB, 2.11 load
 3524405 1837856      387.5000    30      397.0000      382.6000 43335269    3.63%
[runlim] sample:		5681.60 time, 2870.01 real, 3554 MB, 2.10 load
 3532768 1839673      382.6000    38      397.0000      382.6000 43432825    3.63%
 3541188 1841738      392.3333    37      397.0000      382.6000 43540862    3.63%
[runlim] sample:		5701.47 time, 2880.02 real, 3554 MB, 2.08 load
 3549877 1843130      390.2500    45      397.0000      382.6000 43622722    3.63%
 3558361 1845288      392.0000    38      397.0000      382.6000 43722484    3.63%
Elapsed time = 2887.36 sec. (7856292.55 ticks, tree = 4826.50 MB, solutions = 40)
Nodefile size = 2776.47 MB (726.42 MB after compression)
[runlim] sample:		5721.26 time, 2890.01 real, 3555 MB, 2.07 load
 3566769 1847256      396.0000    30      397.0000      382.6000 43822407    3.63%
 3574777 1849033      383.0000    38      397.0000      382.6000 43916873    3.63%
[runlim] sample:		5741.12 time, 2900.01 real, 3566 MB, 2.06 load
 3582551 1850664      394.0000    22      397.0000      382.6000 44006551    3.63%
[runlim] sample:		5760.98 time, 2910.01 real, 3567 MB, 2.05 load
 3590661 1852667      390.0000    40      397.0000      382.6000 44111964    3.63%
 3598367 1853808      394.0000    35      397.0000      382.6000 44197208    3.63%
[runlim] sample:		5780.84 time, 2920.01 real, 3582 MB, 2.04 load
 3606296 1855609      382.6000    43      397.0000      382.6000 44285543    3.63%
 3614428 1857343      382.6000    40      397.0000      382.6000 44390057    3.63%
[runlim] sample:		5800.69 time, 2930.01 real, 3582 MB, 2.03 load
 3621825 1858901    infeasible            397.0000      382.6000 44485357    3.63%
 3629126 1860378      396.0000    38      397.0000      382.6000 44584532    3.63%
[runlim] sample:		5820.56 time, 2940.01 real, 3586 MB, 2.10 load
 3636908 1861597      392.0000    38      397.0000      382.6000 44671455    3.63%
Elapsed time = 2943.25 sec. (8008889.50 ticks, tree = 4871.88 MB, solutions = 40)
Nodefile size = 2821.37 MB (738.65 MB after compression)
 3644756 1863245      382.6000    39      397.0000      382.6000 44761959    3.63%
[runlim] sample:		5840.38 time, 2950.01 real, 3597 MB, 2.08 load
 3652554 1864734      382.6000    35      397.0000      382.6000 44861790    3.63%
[runlim] sample:		5860.23 time, 2960.01 real, 3597 MB, 2.07 load
 3660849 1866496      392.0000    46      397.0000      382.6000 44964350    3.63%
 3669534 1867883      382.6000    45      397.0000      382.6000 45053656    3.63%
[runlim] sample:		5880.07 time, 2970.01 real, 3610 MB, 2.13 load
 3677742 1869425      392.0000    39      397.0000      382.6000 45152221    3.63%
 3685485 1871322      392.0000    29      397.0000      382.6000 45257381    3.63%
[runlim] sample:		5899.94 time, 2980.01 real, 3610 MB, 2.19 load
 3693632 1872989      382.6000    41      397.0000      382.6000 45360428    3.63%
 3701665 1874355      393.0000    24      397.0000      382.6000 45456385    3.63%
[runlim] sample:		5919.80 time, 2990.01 real, 3610 MB, 2.16 load
 3709558 1876168      382.6000    42      397.0000      382.6000 45568847    3.63%
[runlim] sample:		5939.66 time, 3000.01 real, 3612 MB, 2.14 load
 3718561 1877597      384.5000    44      397.0000      382.6000 45661329    3.63%
Elapsed time = 2999.52 sec. (8161486.54 ticks, tree = 4916.70 MB, solutions = 40)
Nodefile size = 2866.32 MB (750.62 MB after compression)
*3725997 1879080      integral     0      396.0000      382.6000 45742683    3.38%
 3727264 1818673      387.0000    38      396.0000      382.6000 45764172    3.38%
[runlim] sample:		5959.46 time, 3010.01 real, 3622 MB, 2.12 load
 3735434 1820352      382.6000    40      396.0000      382.6000 45864190    3.38%
 3743571 1821600      387.0000    34      396.0000      382.6000 45946760    3.38%
*3747794 1822344      integral     0      394.0000      382.6000 46002799    2.89%
[runlim] sample:		5979.32 time, 3020.01 real, 3622 MB, 2.10 load
 3751658 1607136      382.6000    45      394.0000      382.6000 46032701    2.89%
 3759297 1608145      388.0000    39      394.0000      382.6000 46131141    2.89%
[runlim] sample:		5999.16 time, 3030.01 real, 3622 MB, 2.08 load
 3767623 1609381      388.0000    40      394.0000      382.6000 46230064    2.89%
 3775646 1610115        cutoff            394.0000      382.6000 46321122    2.89%
[runlim] sample:		6019.03 time, 3040.01 real, 3622 MB, 2.07 load
 3783915 1611242      382.6000    34      394.0000      382.6000 46407600    2.89%
[runlim] sample:		6038.89 time, 3050.01 real, 3622 MB, 2.06 load
 3791490 1612586        cutoff            394.0000      382.6000 46507039    2.89%
 3799754 1613941        cutoff            394.0000      382.6000 46599175    2.89%
Elapsed time = 3056.06 sec. (8314090.12 ticks, tree = 4227.67 MB, solutions = 42)
Nodefile size = 2177.88 MB (552.29 MB after compression)
[runlim] sample:		6058.75 time, 3060.01 real, 3622 MB, 2.13 load
 3807720 1615024        cutoff            394.0000      382.6000 46682200    2.89%
 3815540 1616591      384.0000    33      394.0000      382.6000 46776850    2.89%
[runlim] sample:		6078.57 time, 3070.01 real, 3622 MB, 2.11 load
 3823101 1618066      386.0000    30      394.0000      382.6000 46866729    2.89%
 3831010 1619465      392.0000    47      394.0000      382.6000 46963588    2.89%
[runlim] sample:		6098.42 time, 3080.01 real, 3622 MB, 2.09 load
 3838849 1620593      382.6000    42      394.0000      382.6000 47062500    2.89%
 3847237 1621532      382.6000    48      394.0000      382.6000 47154166    2.89%
[runlim] sample:		6118.29 time, 3090.02 real, 3622 MB, 2.16 load
 3855196 1622928        cutoff            394.0000      382.6000 47251751    2.89%
[runlim] sample:		6138.14 time, 3100.01 real, 3622 MB, 2.13 load
 3863142 1624161      389.0000    33      394.0000      382.6000 47342754    2.89%
 3871485 1625318        cutoff            394.0000      382.6000 47448688    2.89%
[runlim] sample:		6158.01 time, 3110.01 real, 3622 MB, 2.11 load
 3879447 1627126        cutoff            394.0000      382.6000 47536303    2.89%
Elapsed time = 3112.04 sec. (8466701.25 ticks, tree = 4264.43 MB, solutions = 42)
Nodefile size = 2213.78 MB (562.62 MB after compression)
 3887034 1628732      383.5000    38      394.0000      382.6000 47630163    2.89%
[runlim] sample:		6176.52 time, 3120.01 real, 3622 MB, 2.09 load
 3895065 1630094      385.0000    40      394.0000      382.6000 47730768    2.89%
[runlim] sample:		6195.87 time, 3130.01 real, 3622 MB, 2.08 load
 3903507 1631365      388.0000    41      394.0000      382.6000 47841145    2.89%
 3911397 1632477      382.6000    35      394.0000      382.6000 47933763    2.89%
[runlim] sample:		6215.71 time, 3140.01 real, 3622 MB, 2.07 load
 3919288 1633957      382.6000    51      394.0000      382.6000 48035381    2.89%
 3927298 1635171      382.6000    48      394.0000      382.6000 48129410    2.89%
[runlim] sample:		6235.56 time, 3150.01 real, 3622 MB, 2.06 load
 3935201 1636387      382.6000    42      394.0000      382.6000 48232697    2.89%
 3942840 1637419      386.0000    43      394.0000      382.6000 48325856    2.89%
[runlim] sample:		6255.44 time, 3160.02 real, 3622 MB, 2.05 load
 3950775 1638701      392.0000    32      394.0000      382.6000 48423227    2.89%
 3958713 1640193        cutoff            394.0000      382.6000 48530273    2.89%
Elapsed time = 3169.30 sec. (8619312.53 ticks, tree = 4300.85 MB, solutions = 42)
Nodefile size = 2250.73 MB (573.32 MB after compression)
[runlim] sample:		6275.30 time, 3170.01 real, 3622 MB, 2.04 load
 3966763 1641550      382.6000    46      394.0000      382.6000 48624799    2.89%
[runlim] sample:		6295.15 time, 3180.01 real, 3622 MB, 2.03 load
 3974986 1642509      382.6000    47      394.0000      382.6000 48706083    2.89%
 3982962 1643879        cutoff            394.0000      382.6000 48794147    2.89%
[runlim] sample:		6314.95 time, 3190.01 real, 3622 MB, 2.10 load
 3991273 1645026      384.5000    36      394.0000      382.6000 48894934    2.89%
 3999336 1646214      390.0000    25      394.0000      382.6000 48990855    2.89%
[runlim] sample:		6334.81 time, 3200.01 real, 3622 MB, 2.08 load
 4007709 1647407      382.6000    43      394.0000      382.6000 49068100    2.89%
 4015615 1648586      392.0000    23      394.0000      382.6000 49167208    2.89%
[runlim] sample:		6354.68 time, 3210.01 real, 3622 MB, 2.07 load
 4023808 1650288      382.6000    41      394.0000      382.6000 49273120    2.89%
[runlim] sample:		6374.52 time, 3220.01 real, 3622 MB, 2.13 load
 4032268 1651447      382.6000    40      394.0000      382.6000 49358334    2.89%
 4040969 1652673      393.0000    37      394.0000      382.6000 49466029    2.89%
Elapsed time = 3225.44 sec. (8771917.69 ticks, tree = 4335.33 MB, solutions = 42)
Nodefile size = 2284.70 MB (583.43 MB after compression)
[runlim] sample:		6394.39 time, 3230.01 real, 3622 MB, 2.11 load
 4049366 1653627      382.6000    42      394.0000      382.6000 49555087    2.89%
 4057924 1655029    infeasible            394.0000      382.6000 49663147    2.89%
[runlim] sample:		6414.26 time, 3240.02 real, 3622 MB, 2.10 load
 4065492 1655958      382.6000    47      394.0000      382.6000 49756743    2.89%
 4073613 1657332      382.6000    43      394.0000      382.6000 49854925    2.89%
[runlim] sample:		6434.06 time, 3250.01 real, 3622 MB, 2.08 load
 4081949 1658524      382.6000    50      394.0000      382.6000 49952024    2.89%
 4090383 1659860      382.6000    40      394.0000      382.6000 50040625    2.89%
[runlim] sample:		6453.92 time, 3260.01 real, 3622 MB, 2.07 load
 4098976 1661211      382.6000    57      394.0000      382.6000 50139015    2.89%
[runlim] sample:		6473.77 time, 3270.01 real, 3622 MB, 2.06 load
 4107919 1662656        cutoff            394.0000      382.6000 50222667    2.89%
 4116149 1663935      383.7500    44      394.0000      382.6000 50324360    2.89%
[runlim] sample:		6493.64 time, 3280.01 real, 3622 MB, 2.05 load
 4124791 1665137      391.0000    32      394.0000      382.6000 50424182    2.89%
Elapsed time = 3281.78 sec. (8924530.68 ticks, tree = 4369.69 MB, solutions = 42)
Nodefile size = 2319.66 MB (593.48 MB after compression)
 4133185 1666443      382.6000    47      394.0000      382.6000 50520854    2.89%
[runlim] sample:		6513.49 time, 3290.01 real, 3622 MB, 2.04 load
 4141412 1667793        cutoff            394.0000      382.6000 50612145    2.89%
 4149963 1668867      382.6000    44      394.0000      382.6000 50697422    2.89%
[runlim] sample:		6533.36 time, 3300.01 real, 3622 MB, 2.03 load
 4157997 1670207      387.0000    47      394.0000      382.6000 50795421    2.89%
[runlim] sample:		6553.18 time, 3310.01 real, 3622 MB, 2.03 load
 4165976 1671496      382.6000    43      394.0000      382.6000 50882328    2.89%
 4174020 1672849      392.0000    40      394.0000      382.6000 50966651    2.89%
[runlim] sample:		6573.03 time, 3320.01 real, 3622 MB, 2.02 load
 4182038 1674740      387.0000    38      394.0000      382.6000 51060718    2.89%
 4189846 1676193      382.6000    48      394.0000      382.6000 51157024    2.89%
[runlim] sample:		6592.89 time, 3330.01 real, 3622 MB, 2.02 load
 4197976 1677344      385.0000    46      394.0000      382.6000 51252384    2.89%
 4205741 1678401      382.6000    48      394.0000      382.6000 51353137    2.89%
Elapsed time = 3337.76 sec. (9077138.18 ticks, tree = 4406.40 MB, solutions = 42)
Nodefile size = 2355.61 MB (603.90 MB after compression)
[runlim] sample:		6612.75 time, 3340.01 real, 3622 MB, 2.10 load
 4214065 1679514      382.6000    46      394.0000      382.6000 51444142    2.89%
 4222514 1681220      388.0000    37      394.0000      382.6000 51548405    2.89%
[runlim] sample:		6632.62 time, 3350.02 real, 3622 MB, 2.08 load
 4230633 1682884      393.0000    42      394.0000      382.6000 51641814    2.89%
[runlim] sample:		6652.47 time, 3360.01 real, 3622 MB, 2.07 load
 4239404 1684437      382.6000    46      394.0000      382.6000 51735068    2.89%
 4247847 1685519      384.0814    44      394.0000      382.6000 51821700    2.89%
[runlim] sample:		6672.28 time, 3370.01 real, 3622 MB, 2.06 load
 4256006 1686806      390.0000    37      394.0000      382.6000 51921243    2.89%
 4264255 1688121        cutoff            394.0000      382.6000 52021573    2.89%
[runlim] sample:		6692.14 time, 3380.01 real, 3622 MB, 2.05 load
 4272701 1689427        cutoff            394.0000      382.6000 52122668    2.89%
 4281063 1690487        cutoff            394.0000      382.6000 52221319    2.89%
[runlim] sample:		6712.01 time, 3390.01 real, 3622 MB, 2.04 load
 4289532 1691660      391.0000    39      394.0000      382.6000 52324781    2.89%
Elapsed time = 3394.11 sec. (9229756.72 ticks, tree = 4443.22 MB, solutions = 42)
Nodefile size = 2392.54 MB (614.37 MB after compression)
[runlim] sample:		6731.86 time, 3400.01 real, 3622 MB, 2.03 load
 4297488 1692940      382.6000    47      394.0000      382.6000 52426912    2.89%
 4305377 1694470      387.0000    44      394.0000      382.6000 52528960    2.89%
[runlim] sample:		6751.74 time, 3410.02 real, 3622 MB, 2.03 load
 4313970 1695900        cutoff            394.0000      382.6000 52620181    2.89%
 4322259 1697500      387.0000    46      394.0000      382.6000 52719189    2.89%
[runlim] sample:		6771.58 time, 3420.01 real, 3622 MB, 2.02 load
 4330877 1699030      382.6000    47      394.0000      382.6000 52817752    2.89%
 4339039 1700917      386.0000    37      394.0000      382.6000 52911376    2.89%
[runlim] sample:		6791.41 time, 3430.02 real, 3622 MB, 2.10 load
 4346735 1702620      382.6000    47      394.0000      382.6000 53005655    2.89%
 4355077 1704221      382.6000    37      394.0000      382.6000 53095376    2.89%
[runlim] sample:		6811.27 time, 3440.01 real, 3622 MB, 2.16 load
 4363322 1705254      391.0000    46      394.0000      382.6000 53173458    2.89%
[runlim] sample:		6831.13 time, 3450.01 real, 3622 MB, 2.13 load
 4371506 1706553      382.6000    49      394.0000      382.6000 53271254    2.89%
Elapsed time = 3449.97 sec. (9382366.97 ticks, tree = 4484.66 MB, solutions = 42)
Nodefile size = 2433.48 MB (625.90 MB after compression)
 4378871 1707674      382.6000    49      394.0000      382.6000 53371021    2.89%
[runlim] sample:		6850.98 time, 3460.01 real, 3622 MB, 2.11 load
 4386642 1709007      382.6000    46      394.0000      382.6000 53461649    2.89%
 4394349 1710079    infeasible            394.0000      382.6000 53541504    2.89%
[runlim] sample:		6870.84 time, 3470.01 real, 3622 MB, 2.17 load
 4402258 1711308      383.0000    48      394.0000      382.6000 53645878    2.89%
 4410440 1712775      382.6000    43      394.0000      382.6000 53742763    2.89%
[runlim] sample:		6890.70 time, 3480.01 real, 3622 MB, 2.14 load
 4418633 1714117      392.0000    32      394.0000      382.6000 53847023    2.89%
 4426833 1715299      393.0000    45      394.0000      382.6000 53936460    2.89%
[runlim] sample:		6910.50 time, 3490.01 real, 3622 MB, 2.12 load
 4434542 1716496      382.6000    49      394.0000      382.6000 54042933    2.89%
[runlim] sample:		6930.34 time, 3500.01 real, 3622 MB, 2.10 load
 4442809 1717683      382.6000    40      394.0000      382.6000 54134351    2.89%
 4450860 1719159      391.0000    44      394.0000      382.6000 54230086    2.89%
Elapsed time = 3506.03 sec. (9534967.98 ticks, tree = 4519.79 MB, solutions = 42)
Nodefile size = 2468.44 MB (635.43 MB after compression)
[runlim] sample:		6950.21 time, 3510.02 real, 3622 MB, 2.08 load
 4459278 1720674      386.2500    46      394.0000      382.6000 54325399    2.89%
 4467258 1722128      382.6000    40      394.0000      382.6000 54431629    2.89%
[runlim] sample:		6970.06 time, 3520.01 real, 3622 MB, 2.07 load
 4476285 1723251      390.0000    40      394.0000      382.6000 54518811    2.89%
 4484768 1724609      392.7500    37      394.0000      382.6000 54612849    2.89%
[runlim] sample:		6989.93 time, 3530.01 real, 3622 MB, 2.06 load
 4493236 1726183      382.6000    48      394.0000      382.6000 54696383    2.89%
[runlim] sample:		7009.77 time, 3540.01 real, 3622 MB, 2.05 load
 4501439 1727598      382.6000    47      394.0000      382.6000 54807043    2.89%
 4509331 1728756      386.5000    44      394.0000      382.6000 54912086    2.89%
[runlim] sample:		7029.57 time, 3550.01 real, 3622 MB, 2.04 load
 4517207 1729856      389.0000    35      394.0000      382.6000 55008623    2.89%
 4525027 1730825      385.0000    38      394.0000      382.6000 55107384    2.89%
[runlim] sample:		7049.43 time, 3560.01 real, 3622 MB, 2.04 load
 4533279 1731974    infeasible            394.0000      382.6000 55208277    2.89%
Elapsed time = 3562.32 sec. (9687590.95 ticks, tree = 4555.10 MB, solutions = 42)
Nodefile size = 2504.39 MB (645.66 MB after compression)
 4541182 1733363      384.0000    42      394.0000      382.6000 55308325    2.89%
[runlim] sample:		7069.30 time, 3570.02 real, 3622 MB, 2.03 load
 4549157 1734766      382.6000    49      394.0000      382.6000 55404162    2.89%
 4557116 1736106    infeasible            394.0000      382.6000 55499713    2.89%
[runlim] sample:		7089.13 time, 3580.01 real, 3622 MB, 2.02 load
 4565077 1737325      387.0000    37      394.0000      382.6000 55586662    2.89%
[runlim] sample:		7108.99 time, 3590.01 real, 3622 MB, 2.10 load
 4573192 1738314      382.6000    41      394.0000      382.6000 55673611    2.89%
 4581023 1739368        cutoff            394.0000      382.6000 55782061    2.89%
[runlim] sample:		7128.85 time, 3600.01 real, 3622 MB, 2.08 load
[runlim] end:			Tue Sep  1 14:26:34 2026
[runlim] status:		out of time
[runlim] result:		2
[runlim] children:		1
[runlim] processes:		2
[runlim] real:			3601.04 seconds
[runlim] time:			7128.85 seconds
[runlim] space:			3623 MB
[runlim] load:			2.80 maximum
[runlim] samples:		36000
