[runlim] version:		2.0.0rc12
[runlim] host:			fjssp-instance1
[runlim] time limit:		311040000 seconds
[runlim] real time limit:	3600 seconds
[runlim] space limit:		14000 MB
[runlim] argv[0]:		python3
[runlim] argv[1]:		-u
[runlim] argv[2]:		mip.py
[runlim] argv[3]:		--input
[runlim] argv[4]:		datasets/rdata/la13.txt
[runlim] argv[5]:		--factories
[runlim] argv[6]:		2
[runlim] start:			Tue Sep  1 17:26:54 2026
[runlim] child:			7586
======================================================================
INSTANCE
======================================================================
File       : datasets/rdata/la13.txt
Operations : 100
Jobs       : 20
Machines   : 5
Factories  : 2
Edges      : 80

======================================================================
GREEDY HEURISTIC
======================================================================
Greedy UB   : 678
Greedy time : 0.000315 sec

======================================================================
MODEL 1 PARAMETERS
======================================================================
Greedy UB = 678
First operations = 20
Last operations  = 20

Adding greedy MIP start...

======================================================================
MODEL STATISTICS
======================================================================
Variables    : 8215
Constraints : 15706
Greedy UB   : 678

======================================================================
START CPLEX
======================================================================
Version identifier: 22.2.0.0 | 2026-05-04 | 5dff98e58
CPXPARAM_Read_DataCheck                          1
1 of 1 MIP starts provided solutions.
MIP start 'm1' defined initial solution with objective 678.0000.
Tried aggregator 2 times.
MIP Presolve eliminated 46 rows and 16 columns.
MIP Presolve modified 56700 coefficients.
Aggregator did 88 substitutions.
Reduced MIP has 15572 rows, 8111 columns, and 77934 nonzeros.
Reduced MIP has 8010 binaries, 0 generals, 0 SOSs, and 0 indicators.
Presolve time = 0.04 sec. (66.42 ticks)
Probing time = 0.02 sec. (8.60 ticks)
Tried aggregator 1 time.
Detecting symmetries...
Reduced MIP has 15572 rows, 8111 columns, and 77934 nonzeros.
Reduced MIP has 8010 binaries, 0 generals, 0 SOSs, and 0 indicators.
Presolve time = 0.03 sec. (38.33 ticks)
Probing time = 0.01 sec. (7.42 ticks)
Clique table members: 1410.
MIP emphasis: balance optimality and feasibility.
MIP search method: dynamic search.
Parallel mode: deterministic, using up to 2 threads.
Root relaxation solution time = 0.07 sec. (141.72 ticks)

        Nodes                                         Cuts/
   Node  Left     Objective  IInf  Best Integer    Best Bound    ItCnt     Gap

*     0+    0                          678.0000      226.0000            66.67%
      0     0      518.6000   174      678.0000      518.6000      535   23.51%
*     0+    0                          644.0000      518.6000            19.47%
      0     0      518.6000   124      644.0000      Cuts: 66      670   19.47%
      0     0      518.6000   149      644.0000     Cuts: 155      806   19.47%
      0     0      518.6000    82      644.0000      Cuts: 43      872   19.47%
      0     0      518.6000   117      644.0000     Cuts: 186     1008   19.47%
Detecting symmetries...
      0     2      518.6000    83      644.0000      518.6000     1008   19.47%
Elapsed time = 2.98 sec. (5757.69 ticks, tree = 0.02 MB, solutions = 2)
      8    10      518.6000    69      644.0000      518.6000     1777   19.47%
     25    27      536.4000    83      644.0000      518.6000     2703   19.47%
     58    57      536.0000    74      644.0000      518.6000     3574   19.47%
     81    83      525.4000    66      644.0000      518.6000     4400   19.47%
    131   111      525.4000    67      644.0000      518.6000     4663   19.47%
    172   157      546.0000    46      644.0000      518.6000     4929   19.47%
    225   201      591.0000    32      644.0000      518.6000     5306   19.47%
    290   266      632.0000    18      644.0000      518.6000     5686   19.47%
    345   300      518.6000    69      644.0000      518.6000     5952   19.47%
    512   459      545.0000    65      644.0000      518.6000     7920   19.47%
Elapsed time = 4.15 sec. (8885.23 ticks, tree = 2.57 MB, solutions = 2)
    766   692      578.0000    55      644.0000      518.6000    10130   19.47%
    926   847      570.0000    40      644.0000      518.6000    11378   19.47%
*   969+  748                          636.0000      518.6000            18.46%

Performing restart 1

Repeating presolve.
Tried aggregator 1 time.
MIP Presolve eliminated 18 rows and 8 columns.
MIP Presolve modified 89783 coefficients.
Reduced MIP has 15554 rows, 8103 columns, and 77804 nonzeros.
Reduced MIP has 8002 binaries, 0 generals, 0 SOSs, and 0 indicators.
Presolve time = 0.03 sec. (56.44 ticks)
Tried aggregator 1 time.
Reduced MIP has 15554 rows, 8103 columns, and 77804 nonzeros.
Reduced MIP has 8002 binaries, 0 generals, 0 SOSs, and 0 indicators.
Presolve time = 0.03 sec. (39.89 ticks)
Represolve time = 0.10 sec. (128.64 ticks)
   1041     0      518.6000   139      636.0000     Cuts: 154    12851   18.46%
[runlim] sample:		18.82 time, 10.01 real, 202 MB, 1.98 load
   1041     0      518.6000   147      636.0000     Cuts: 229    13105   18.46%
   1041     0      518.6000   111      636.0000      Cuts: 52    13219   18.46%
   1041     0      518.6000   115      636.0000     Cuts: 204    13421   18.46%
   1041     0      518.6000   105      636.0000      Cuts: 55    13553   18.46%
   1041     0      518.6000   142      636.0000     Cuts: 165    13717   18.46%
   1041     0      518.6000   112      636.0000      Cuts: 51    13835   18.46%
   1041     0      518.6000   140      636.0000     Cuts: 354    13979   18.46%
[runlim] sample:		38.71 time, 20.01 real, 207 MB, 1.98 load
   1041     2      518.6000    77      636.0000      518.6000    13979   18.46%
*  1045+    1                          634.0000      518.6000            18.20%
*  1045+    1                          629.0000      518.6000            17.55%
*  1045+    1                          625.0000      518.6000            17.02%
   1047     8      518.6000    68      625.0000      518.6000    14241   17.02%
   1060    21      518.6000    83      625.0000      518.6000    15067   17.02%
   1073    30      518.6000    89      625.0000      518.6000    15503   17.02%
   1096    49      518.6000    99      625.0000      518.6000    16052   17.02%
   1124    80      551.0000    95      625.0000      518.6000    17369   17.02%
   1181   125      556.0000    84      625.0000      518.6000    18194   17.02%
   1240   180      550.0000    69      625.0000      518.6000    18851   17.02%
Elapsed time = 23.74 sec. (40107.11 ticks, tree = 0.81 MB, solutions = 6)
   1265   201      518.6000   108      625.0000      518.6000    19461   17.02%
   1277   213      518.6000   125      625.0000      518.6000    20298   17.02%
   1333   247      562.4000    71      625.0000      518.6000    21038   17.02%
   1412   334      620.0000    50      625.0000      518.6000    21681   17.02%
   1488   399      518.6000    76      625.0000      518.6000    23049   17.02%
   1563   471      524.8000    82      625.0000      518.6000    24315   17.02%
   1667   550      606.0000    63      625.0000      518.6000    24979   17.02%
   1762   616      526.8000    81      625.0000      518.6000    26270   17.02%
   1869   694      518.6000    79      625.0000      518.6000    27180   17.02%
   1964   841      614.0000    45      625.0000      518.6000    29554   17.02%
Elapsed time = 27.32 sec. (49935.54 ticks, tree = 3.66 MB, solutions = 6)
   2053   869      518.6000   110      625.0000      518.6000    30548   17.02%
*  2173+  996                          624.0000      518.6000            16.89%
   2176   985      609.0000    34      624.0000      518.6000    32345   16.89%
*  2221+ 1004                          622.0000      518.6000            16.62%
   2297  1077      593.0000    57      622.0000      518.6000    33621   16.62%
   2378  1160      543.0000    59      622.0000      518.6000    35291   16.62%
*  2434+ 1180                          620.0000      518.6000            16.35%
   2498  1254      611.0000    42      620.0000      518.6000    36833   16.35%
*  2594+ 1310                          619.0000      518.6000            16.22%
   2616  1370      617.0000    31      619.0000      518.6000    38344   16.22%
[runlim] sample:		58.51 time, 30.01 real, 219 MB, 1.99 load
*  2721  1443      integral     0      618.0000      518.6000    39289   16.08%
   2758  1416      518.6000    84      618.0000      518.6000    39188   16.08%
   2881  1505      598.0000    58      618.0000      518.6000    40698   16.08%
*  2964+ 1597                          617.0000      518.6000            15.95%
*  2965+ 1597                          616.0000      518.6000            15.81%
*  2965+ 1597                          610.0000      518.6000            14.98%
   3034  1592      603.0000    49      610.0000      518.6000    42655   14.98%
   3189  1734      548.0000    57      610.0000      518.6000    44182   14.98%
Elapsed time = 30.74 sec. (59575.03 ticks, tree = 7.63 MB, solutions = 14)
   3372  1870      518.6000    87      610.0000      518.6000    46223   14.98%
   3538  2027      538.2500    59      610.0000      518.6000    47707   14.98%
   3718  2144      518.6000    75      610.0000      518.6000    49841   14.98%
   3892  2347      550.0000    59      610.0000      518.6000    52013   14.98%
   4117  2451      538.2500    60      610.0000      518.6000    53222   14.98%
   4324  2666      607.0000    28      610.0000      518.6000    55243   14.98%
   4580  2859        cutoff            610.0000      518.6000    57260   14.98%
   4837  3061      586.0000    41      610.0000      518.6000    59222   14.98%
*  5041+ 3175                          607.0000      518.6000            14.56%
*  5041+ 3175                          602.0000      518.6000            13.85%
*  5041+ 3175                          600.0000      518.6000            13.57%
   5041  3177      539.0000    43      600.0000      518.6000    60260   13.57%
   5240  3167      555.0000    50      600.0000      518.6000    62474   13.57%
Elapsed time = 34.24 sec. (69507.73 ticks, tree = 14.30 MB, solutions = 18)
   5502  3344      572.0000    41      600.0000      518.6000    64238   13.57%
   5805  3606      518.6000    57      600.0000      518.6000    66358   13.57%
   6088  3893      541.0000    43      600.0000      518.6000    68863   13.57%
*  6197+ 3940                          592.0000      518.6000            12.40%
*  6199+ 3940                          585.0000      518.6000            11.35%
*  6200+ 3940                          580.0000      518.6000            10.59%
*  6202+ 3940                          578.0000      518.6000            10.28%
*  6205+ 3939                          576.0000      518.6000             9.97%
   6312  4058      589.0000    28      576.0000      518.6000    70214    9.97%
*  6322+ 3264                          574.0000      518.6000             9.65%
*  6501+ 3311                          572.0000      518.6000             9.34%
*  6501+ 3311                          571.0000      518.6000             9.18%
   6515  3191      564.0000    39      571.0000      518.6000    71849    9.18%
*  6661+ 3260                          570.0000      518.6000             9.02%
*  6680+ 3260                          569.0000      518.6000             8.86%
   6682  3332      538.0000    43      569.0000      518.6000    74008    8.86%
*  6904+ 3278                          565.0000      518.6000             8.21%
   6922  3117      549.0000    33      565.0000      518.6000    75128    8.21%
*  7133+ 3247                          561.0000      518.6000             7.56%
   7137  3171      547.0000    35      561.0000      518.6000    76291    7.56%
*  7140+ 3247                          560.0000      518.6000             7.39%
*  7142+ 3243                          557.0000      518.6000             6.89%
   7385  2950      535.0000    57      557.0000      518.6000    79828    6.89%
*  7518+ 2973                          556.0000      518.6000             6.73%
   7602  3117      519.2085    56      556.0000      518.6000    82147    6.73%
Elapsed time = 37.83 sec. (79121.09 ticks, tree = 14.16 MB, solutions = 33)
*  7800+ 3112                          554.0000      518.6000             6.39%
   7844  3142      547.0000    46      554.0000      518.6000    84290    6.39%
*  7880+ 3224                          554.0000      518.6000             6.39%
*  8034+ 3205                          553.0000      518.6000             6.22%
   8069  3249      521.4000    61      553.0000      518.6000    86088    6.22%
   8276  3387      541.0000    46      553.0000      518.6000    88067    6.22%
*  8438+ 3517                          552.0000      518.6000             6.05%
   8482  3621      545.0000    44      552.0000      518.6000    91087    6.05%
[runlim] sample:		78.40 time, 40.01 real, 226 MB, 1.99 load
   8672  3697      521.4000    62      552.0000      518.6000    91899    6.05%
   8861  3827      538.0000    60      552.0000      518.6000    93862    6.05%
*  9014+ 3899                          546.0000      518.6000             5.02%
   9018  3990      548.0000    48      546.0000      518.6000    96083    5.02%
   9289  3288      541.0000    52      546.0000      518.6000    98225    5.02%
   9571  3465      542.0000    66      546.0000      518.6000   100464    5.02%
*  9639+ 3540                          544.0000      518.6000             4.67%
   9743  3529      521.4000    60      544.0000      518.6000   103235    4.67%
Elapsed time = 41.42 sec. (88689.07 ticks, tree = 15.97 MB, solutions = 40)
   9994  3665      518.6000    59      544.0000      518.6000   104661    4.67%
  10205  3768      541.0000    49      544.0000      518.6000   105814    4.67%
  10469  4088      536.0000    46      544.0000      518.6000   109586    4.67%
  10755  4359      536.0000    36      544.0000      518.6000   112546    4.67%
  10980  4436      539.0000    55      544.0000      518.6000   113381    4.67%
  11227  4687      538.0000    66      544.0000      518.6000   116409    4.67%
  11433  4765      518.6000    64      544.0000      518.6000   117597    4.67%
  11686  4837      542.0000    52      544.0000      518.6000   119092    4.67%
  11961  5246      518.6000    63      544.0000      518.6000   124467    4.67%
  12201  5526      521.4000    60      544.0000      518.6000   127702    4.67%
Elapsed time = 44.84 sec. (98248.79 ticks, tree = 26.62 MB, solutions = 40)
  12351  5411      518.6000    61      544.0000      518.6000   126468    4.67%
  12527  5719      521.4000    51      544.0000      518.6000   130948    4.67%
  12729  5915      528.0000    56      544.0000      518.6000   133855    4.67%
  12913  5887      543.0000    34      544.0000      518.6000   133544    4.67%
  13143  6144      521.4000    63      544.0000      518.6000   137425    4.67%
  13326  6235      539.0000    44      544.0000      518.6000   138775    4.67%
  13509  6421      538.0000    55      544.0000      518.6000   141045    4.67%
  13728  6615      530.0000    52      544.0000      518.6000   143518    4.67%
  13945  6811      531.0000    50      544.0000      518.6000   145866    4.67%
  14173  6885      526.0000    48      544.0000      518.6000   146483    4.67%
Elapsed time = 48.32 sec. (107847.50 ticks, tree = 33.19 MB, solutions = 40)
  14343  7104      524.2500    62      544.0000      518.6000   148912    4.67%
  14547  7196      521.4000    63      544.0000      518.6000   149716    4.67%
  14701  7342      528.0000    55      544.0000      518.6000   151428    4.67%
[runlim] sample:		98.25 time, 50.01 real, 236 MB, 1.99 load
  14954  7568      536.0000    39      544.0000      518.6000   153600    4.67%
  15107  7755      538.0000    59      544.0000      518.6000   156099    4.67%
  15295  7924      542.0000    53      544.0000      518.6000   158366    4.67%
  15498  7869      518.6000    56      544.0000      518.6000   157592    4.67%
  15671  8147      522.4634    68      544.0000      518.6000   161676    4.67%
  15856  8215      542.6000    67      544.0000      518.6000   162434    4.67%
  16739  8912      542.6000    50      544.0000      518.6000   170785    4.67%
Elapsed time = 52.59 sec. (120272.99 ticks, tree = 42.94 MB, solutions = 40)
* 16843+ 8978                          543.0000      518.6000             4.49%
* 16843+ 8978                          540.0000      518.6000             3.96%
* 16843+ 8978                          539.0000      518.6000             3.78%
  16843  9094      542.6000    62      539.0000      518.6000   173060    3.78%
* 17539+ 7254                          538.0000      518.6000             3.61%
  17649  6359      535.0000    59      538.0000      518.6000   179476    3.61%
* 17684+ 6367                          536.0000      518.6000             3.25%
[runlim] sample:		118.15 time, 60.01 real, 241 MB, 2.07 load
* 17902+ 5965                          535.0000      518.6000             3.07%
* 18136+ 5879                          534.0000      518.6000             2.88%
* 18139+ 5878                          532.0000      518.6000             2.52%
* 18331+ 5306                          531.0000      518.6000             2.34%
* 18339+ 5306                          530.0000      518.6000             2.15%
  18365  4821      528.0000    65      530.0000      518.6000   186969    2.15%
  19329  5331      518.6000    67      530.0000      518.6000   194521    2.15%
  20197  6045      518.6000    66      530.0000      518.6000   205611    2.15%
  21046  6680      518.6000    63      530.0000      518.6000   214838    2.15%
  21930  7275      521.4000    59      530.0000      518.6000   224327    2.15%
  22811  7822      522.5000    64      530.0000      518.6000   231944    2.15%
* 23794+ 8394                          528.0000      518.6000             1.78%
  23806  8504      518.6000    63      528.0000      518.6000   243749    1.78%
[runlim] sample:		138.05 time, 70.01 real, 243 MB, 1.98 load
  24601  7666      521.4000    64      528.0000      518.6000   252909    1.78%
Elapsed time = 70.12 sec. (161723.66 ticks, tree = 35.81 MB, solutions = 52)
  25603  8303      518.6000    71      528.0000      518.6000   265112    1.78%
  26339  8701      518.6000    65      528.0000      518.6000   272992    1.78%
  27203  9320      521.4000    63      528.0000      518.6000   283992    1.78%
  28112  9980      523.0000    66      528.0000      518.6000   295280    1.78%
  28858 10538      522.2500    60      528.0000      518.6000   303698    1.78%
  29682 11168      521.4000    64      528.0000      518.6000   313679    1.78%
  30529 11800      521.4000    59      528.0000      518.6000   322155    1.78%
[runlim] sample:		157.95 time, 80.01 real, 258 MB, 1.98 load
  31389 12371      522.2500    56      528.0000      518.6000   331590    1.78%
  32351 13001      520.4000    59      528.0000      518.6000   340179    1.78%
  33294 13896      520.4000    66      528.0000      518.6000   352927    1.78%
Elapsed time = 83.13 sec. (200016.67 ticks, tree = 64.85 MB, solutions = 52)
  34174 14404      521.4000    64      528.0000      518.6000   360112    1.78%
  34935 15026      520.4000    60      528.0000      518.6000   371020    1.78%
  35591 15390      522.3333    51      528.0000      518.6000   378734    1.78%
  36493 16054      520.4000    64      528.0000      518.6000   390790    1.78%
[runlim] sample:		177.83 time, 90.01 real, 288 MB, 2.06 load
  37118 16605      518.6000    82      528.0000      518.6000   401409    1.78%
  37723 16950      519.7212    74      528.0000      518.6000   408521    1.78%
  38286 17493      526.0000    40      528.0000      518.6000   418890    1.78%
  39403 18211      521.4000    61      528.0000      518.6000   429638    1.78%
  40164 18828      520.7470    70      528.0000      518.6000   439061    1.78%
  40926 19322      518.6000    64      528.0000      518.6000   452272    1.78%
Elapsed time = 96.34 sec. (238212.44 ticks, tree = 90.63 MB, solutions = 52)
  41619 19665      523.3333    54      528.0000      518.6000   462009    1.78%
[runlim] sample:		196.30 time, 100.03 real, 302 MB, 2.05 load
  42377 20068      518.6000    87      528.0000      518.6000   472673    1.78%
  43243 20654      521.4000    60      528.0000      518.6000   483301    1.78%
  44200 21485      518.6000    67      528.0000      518.6000   497322    1.78%
  45029 21846      527.5000    66      528.0000      518.6000   504053    1.78%
  45594 22419      518.6000    74      528.0000      518.6000   515470    1.78%
  46310 22764      521.4000    57      528.0000      518.6000   524036    1.78%
  47023 23422      525.0000    58      528.0000      518.6000   534622    1.78%
[runlim] sample:		215.87 time, 110.01 real, 320 MB, 2.04 load
  47894 23993      520.4000    59      528.0000      518.6000   547105    1.78%
  48676 24504      518.6000    75      528.0000      518.6000   557963    1.78%
Elapsed time = 111.05 sec. (276382.31 ticks, tree = 114.39 MB, solutions = 52)
  49481 25074      527.0000    50      528.0000      518.6000   570024    1.78%
  50335 25657      521.4000    55      528.0000      518.6000   580443    1.78%
  50915 26049      518.6000    66      528.0000      518.6000   588010    1.78%
  51822 26622      526.5000    58      528.0000      518.6000   597103    1.78%
  52632 27190      518.6000    76      528.0000      518.6000   606773    1.78%
  53475 27823      518.6000    69      528.0000      518.6000   619892    1.78%
[runlim] sample:		235.77 time, 120.01 real, 341 MB, 2.04 load
  54232 28503      527.5000    49      528.0000      518.6000   633383    1.78%
  55087 29029      522.0000    71      528.0000      518.6000   642589    1.78%
  55774 29499      521.0000    83      528.0000      518.6000   651969    1.78%
  56366 29882      522.7500    65      528.0000      518.6000   659358    1.78%
Elapsed time = 124.51 sec. (314589.82 ticks, tree = 139.13 MB, solutions = 52)
  57083 30477      518.6000    82      528.0000      518.6000   671033    1.78%
  57866 30866      518.6000    74      528.0000      518.6000   679296    1.78%
  58718 31375      527.0000    72      528.0000      518.6000   690919    1.78%
[runlim] sample:		255.66 time, 130.01 real, 359 MB, 2.03 load
  59448 31870      518.6000    78      528.0000      518.6000   701420    1.78%
  60167 32391      520.9217    69      528.0000      518.6000   711490    1.78%
  60778 32838      518.6000    71      528.0000      518.6000   720922    1.78%
  61519 33332      518.6000    84      528.0000      518.6000   730329    1.78%
  62285 34021      523.5000    90      528.0000      518.6000   740524    1.78%
  62981 34523      518.6000    86      528.0000      518.6000   751172    1.78%
  63680 34874      519.1914    87      528.0000      518.6000   758083    1.78%
Elapsed time = 137.97 sec. (352825.53 ticks, tree = 163.70 MB, solutions = 52)
  64474 35407      524.4000    65      528.0000      518.6000   768727    1.78%
[runlim] sample:		275.55 time, 140.01 real, 379 MB, 2.03 load
  65087 35978      521.4000    57      528.0000      518.6000   779611    1.78%
  65919 36543      520.4000    60      528.0000      518.6000   789579    1.78%
  66576 36963      518.6000    72      528.0000      518.6000   799043    1.78%
  67179 37473      518.6000    70      528.0000      518.6000   810856    1.78%
  68000 38087      526.6000    53      528.0000      518.6000   817969    1.78%
  68674 38523      525.0000    59      528.0000      518.6000   823862    1.78%
  69538 39116        cutoff            528.0000      518.6000   832032    1.78%
[runlim] sample:		295.44 time, 150.01 real, 396 MB, 2.02 load
  70308 39726      526.7500    81      528.0000      518.6000   839845    1.78%
  71128 40355      520.0000    64      528.0000      518.6000   847601    1.78%
Elapsed time = 151.36 sec. (390998.63 ticks, tree = 189.16 MB, solutions = 52)
  71923 40961      521.8000    66      528.0000      518.6000   854733    1.78%
  72777 41584      525.0000    63      528.0000      518.6000   864030    1.78%
  73529 42139      522.4000    56      528.0000      518.6000   873891    1.78%
  74420 42779      520.4000    72      528.0000      518.6000   884165    1.78%
  75079 43259      524.0000    70      528.0000      518.6000   892838    1.78%
[runlim] sample:		315.35 time, 160.01 real, 419 MB, 2.02 load
  75726 43735      518.6000    89      528.0000      518.6000   903411    1.78%
  76469 44291      521.2000    71      528.0000      518.6000   913909    1.78%
  77184 44829      525.8000    67      528.0000      518.6000   925926    1.78%
  78076 45468      526.0000    63      528.0000      518.6000   934907    1.78%
  78742 45960      521.0000    93      528.0000      518.6000   944049    1.78%
Elapsed time = 165.12 sec. (429196.08 ticks, tree = 214.84 MB, solutions = 52)
  79506 46370      518.6000    72      528.0000      518.6000   954282    1.78%
  80135 46864      527.5000    56      528.0000      518.6000   965507    1.78%
  81053 47493      518.6000    63      528.0000      518.6000   976288    1.78%
[runlim] sample:		335.20 time, 170.01 real, 435 MB, 2.01 load
  81956 48023      526.0000    55      528.0000      518.6000   983043    1.78%
  82878 48763      527.0000    44      528.0000      518.6000   994036    1.78%
  83694 49337      522.2000    71      528.0000      518.6000  1002794    1.78%
  84694 50050      522.2000    58      528.0000      518.6000  1015903    1.78%
  85669 50766      525.2500    63      528.0000      518.6000  1027035    1.78%
  86643 51392      518.6000    66      528.0000      518.6000  1038409    1.78%
  87537 52019      519.6782    61      528.0000      518.6000  1050684    1.78%
Elapsed time = 178.80 sec. (467398.57 ticks, tree = 242.78 MB, solutions = 52)
[runlim] sample:		355.10 time, 180.01 real, 459 MB, 2.09 load
  88461 52622      527.0000    71      528.0000      518.6000  1069354    1.78%
  89295 52994      520.5310    71      528.0000      518.6000  1081101    1.78%
  90131 53574      525.8000    55      528.0000      518.6000  1096652    1.78%
  90923 54005      518.6000    81      528.0000      518.6000  1106725    1.78%
  91779 54558      527.0000    88      528.0000      518.6000  1119157    1.78%
  92563 55113      527.0000    57      528.0000      518.6000  1130118    1.78%
  93408 55627      527.0000    52      528.0000      518.6000  1140503    1.78%
[runlim] sample:		375.00 time, 190.01 real, 479 MB, 2.08 load
  94065 56147      518.6000    74      528.0000      518.6000  1154662    1.78%
  94876 56667      518.6000    62      528.0000      518.6000  1166347    1.78%
  95561 57126      526.0000    68      528.0000      518.6000  1177946    1.78%
Elapsed time = 193.14 sec. (505591.75 ticks, tree = 266.16 MB, solutions = 52)
  96492 57633      520.0000    60      528.0000      518.6000  1185877    1.78%
  97369 58388      525.0000    48      528.0000      518.6000  1195258    1.78%
  98076 59092      518.6000    57      528.0000      518.6000  1204475    1.78%
  98888 59738      522.0000    92      528.0000      518.6000  1215450    1.78%
[runlim] sample:		394.91 time, 200.01 real, 498 MB, 2.06 load
  99634 60190      522.0000    62      528.0000      518.6000  1222236    1.78%
 100509 60877      518.6000    72      528.0000      518.6000  1233162    1.78%
 101394 61428      525.5000    61      528.0000      518.6000  1242680    1.78%
 102198 62134      527.0000    54      528.0000      518.6000  1252233    1.78%
 103209 62836      518.6000    59      528.0000      518.6000  1264688    1.78%
 104010 63411      527.0000    41      528.0000      518.6000  1273575    1.78%
Elapsed time = 206.12 sec. (543824.74 ticks, tree = 296.29 MB, solutions = 52)
 105055 64197      527.0000    49      528.0000      518.6000  1286300    1.78%
 106076 65056      525.0000    77      528.0000      518.6000  1299432    1.78%
[runlim] sample:		414.79 time, 210.01 real, 529 MB, 2.14 load
 106941 65618      526.0000    68      528.0000      518.6000  1307605    1.78%
 107944 66408      523.7525    66      528.0000      518.6000  1322076    1.78%
 108799 67182      525.0000    49      528.0000      518.6000  1334650    1.78%
 109801 67913      527.0000    58      528.0000      518.6000  1347349    1.78%
 110885 68578      519.2056    71      528.0000      518.6000  1357215    1.78%
 111763 69469      525.0000    75      528.0000      518.6000  1371917    1.78%
 112890 70261      527.0000    62      528.0000      518.6000  1382742    1.78%
 113689 70970      518.6000    58      528.0000      518.6000  1394531    1.78%
Elapsed time = 218.73 sec. (582002.21 ticks, tree = 335.58 MB, solutions = 52)
[runlim] sample:		434.70 time, 220.01 real, 551 MB, 2.11 load
 114810 71760      518.6000    72      528.0000      518.6000  1407531    1.78%
 115730 72688      527.0000    56      528.0000      518.6000  1421064    1.78%
 116769 73214      518.6000    53      528.0000      518.6000  1430027    1.78%
 117716 73929      527.0000    77      528.0000      518.6000  1442123    1.78%
 118704 74861      522.0000    56      528.0000      518.6000  1456560    1.78%
 119759 75528      527.0000    62      528.0000      518.6000  1466869    1.78%
 120702 76373      527.0000    46      528.0000      518.6000  1479935    1.78%
 121831 77095      527.0000    67      528.0000      518.6000  1490690    1.78%
[runlim] sample:		454.55 time, 230.01 real, 581 MB, 2.10 load
 122713 77934      525.0000    59      528.0000      518.6000  1503778    1.78%
 123573 78466      526.0000    78      528.0000      518.6000  1511962    1.78%
Elapsed time = 231.30 sec. (620195.32 ticks, tree = 371.88 MB, solutions = 52)
 124523 79208      523.0000    65      528.0000      518.6000  1524456    1.78%
 125299 79794      527.0000    56      528.0000      518.6000  1534221    1.78%
 126199 80367      525.2500    78      528.0000      518.6000  1543336    1.78%
 127220 81097      524.0000    59      528.0000      518.6000  1554801    1.78%
 128127 81910      518.6000    63      528.0000      518.6000  1567405    1.78%
 129032 82701      519.5000    58      528.0000      518.6000  1579524    1.78%
[runlim] sample:		474.44 time, 240.01 real, 612 MB, 2.08 load
 130091 83430      522.2500    63      528.0000      518.6000  1591404    1.78%
 131020 84064      527.0000    52      528.0000      518.6000  1602417    1.78%
 131882 84953    infeasible            528.0000      518.6000  1617550    1.78%
 132953 85420      518.6000    62      528.0000      518.6000  1625049    1.78%
Elapsed time = 244.01 sec. (658388.30 ticks, tree = 405.56 MB, solutions = 52)
 133829 86395      518.6000    65      528.0000      518.6000  1642783    1.78%
 134788 86958      518.6000    60      528.0000      518.6000  1651802    1.78%
 135684 87619      518.7500    68      528.0000      518.6000  1664242    1.78%
[runlim] sample:		494.33 time, 250.01 real, 630 MB, 2.07 load
 136576 88358      527.0000    43      528.0000      518.6000  1676746    1.78%
 137630 89201      518.6000    67      528.0000      518.6000  1692252    1.78%
 138608 90106      518.6000    56      528.0000      518.6000  1708353    1.78%
 139491 90587      524.0000    73      528.0000      518.6000  1716721    1.78%
 140510 91504      523.0000    68      528.0000      518.6000  1732935    1.78%
 141534 91943      521.0000    81      528.0000      518.6000  1739511    1.78%
 142469 92832      518.6000    63      528.0000      518.6000  1754647    1.78%
Elapsed time = 256.75 sec. (696563.32 ticks, tree = 441.59 MB, solutions = 52)
 143505 93762      518.6000    59      528.0000      518.6000  1770604    1.78%
 144470 94493      527.0000    52      528.0000      518.6000  1782645    1.78%
[runlim] sample:		514.20 time, 260.01 real, 665 MB, 2.06 load
 145448 95125      524.0000    67      528.0000      518.6000  1795818    1.78%
 146400 95913      527.5000    65      528.0000      518.6000  1809821    1.78%
 147195 96456      518.6000    53      528.0000      518.6000  1819045    1.78%
 148171 97031      525.0000    59      528.0000      518.6000  1829626    1.78%
 149043 97799      527.0000    41      528.0000      518.6000  1842056    1.78%
 149798 98485      519.0000    46      528.0000      518.6000  1854326    1.78%
 150745 98961      524.0000    59      528.0000      518.6000  1863283    1.78%
 151743 99681      522.7500    59      528.0000      518.6000  1875570    1.78%
Elapsed time = 269.08 sec. (734748.93 ticks, tree = 475.07 MB, solutions = 52)
[runlim] sample:		534.10 time, 270.01 real, 697 MB, 2.05 load
 152639 100377      521.0000    55      528.0000      518.6000  1887847    1.78%
 153569 101111      527.0000    43      528.0000      518.6000  1901740    1.78%
 154636 101814      527.0000    51      528.0000      518.6000  1912401    1.78%
 155567 102499      521.0000    61      528.0000      518.6000  1925416    1.78%
 156515 103286      527.0000    41      528.0000      518.6000  1939351    1.78%
 157578 103982      518.6000    57      528.0000      518.6000  1950943    1.78%
 158446 104684      518.6000    83      528.0000      518.6000  1964076    1.78%
 159521 105605      523.0000    63      528.0000      518.6000  1980572    1.78%
[runlim] sample:		554.00 time, 280.01 real, 719 MB, 2.04 load
 160347 106200      527.0000    64      528.0000      518.6000  1990578    1.78%
 161462 106780      527.0000    69      528.0000      518.6000  2000504    1.78%
Elapsed time = 281.84 sec. (773011.45 ticks, tree = 509.97 MB, solutions = 52)
 162492 107774      518.6000    63      528.0000      518.6000  2017035    1.78%
 163342 108408      518.6000    72      528.0000      518.6000  2029665    1.78%
 164399 109189      525.0000    56      528.0000      518.6000  2043770    1.78%
 165439 109829      519.5000    54      528.0000      518.6000  2055016    1.78%
 166496 110745      522.0000    77      528.0000      518.6000  2070269    1.78%
[runlim] sample:		573.86 time, 290.01 real, 757 MB, 2.03 load
 167599 111474      527.0000    67      528.0000      518.6000  2081875    1.78%
 168538 112410      525.0000    61      528.0000      518.6000  2097960    1.78%
 169513 112863      527.5000    55      528.0000      518.6000  2106561    1.78%
 170609 114037      524.0000    68      528.0000      518.6000  2124804    1.78%
 171421 114612      527.0000    59      528.0000      518.6000  2135164    1.78%
Elapsed time = 294.97 sec. (811602.22 ticks, tree = 548.38 MB, solutions = 52)
 172418 115216      527.0000    48      528.0000      518.6000  2144750    1.78%
 173300 115874      527.0000    63      528.0000      518.6000  2156965    1.78%
 174136 116685      518.6000    59      528.0000      518.6000  2171874    1.78%
[runlim] sample:		593.74 time, 300.01 real, 780 MB, 2.03 load
 174886 117268      521.3333    63      528.0000      518.6000  2183669    1.78%
 175842 117650      526.0000    50      528.0000      518.6000  2191378    1.78%
 176536 118422      526.0000    60      528.0000      518.6000  2206002    1.78%
 177536 119155      525.0000    72      528.0000      518.6000  2219371    1.78%
 178544 119793      525.0000    53      528.0000      518.6000  2230522    1.78%
 179417 120707      525.0000    46      528.0000      518.6000  2247505    1.78%
 180378 121096      527.0000    54      528.0000      518.6000  2255154    1.78%
Elapsed time = 307.55 sec. (849780.36 ticks, tree = 580.14 MB, solutions = 52)
 181475 122057      527.0000    45      528.0000      518.6000  2272249    1.78%
[runlim] sample:		613.63 time, 310.01 real, 814 MB, 2.10 load
 182507 122565      527.0000    46      528.0000      518.6000  2282367    1.78%
 183288 123364      527.0000    58      528.0000      518.6000  2296088    1.78%
 184337 124040      526.0000    49      528.0000      518.6000  2307889    1.78%
 185367 124872      519.0000    67      528.0000      518.6000  2322114    1.78%
 186251 125430      527.0000    49      528.0000      518.6000  2333263    1.78%
 187313 126307      527.0000    59      528.0000      518.6000  2348972    1.78%
 188333 127041      524.0000    60      528.0000      518.6000  2360975    1.78%
 189235 127656      524.0000    55      528.0000      518.6000  2371273    1.78%
[runlim] sample:		633.54 time, 320.01 real, 844 MB, 2.08 load
 190341 128643        cutoff            528.0000      518.6000  2387076    1.78%
Elapsed time = 319.96 sec. (887948.80 ticks, tree = 617.43 MB, solutions = 52)
 191338 129242      521.8610    65      528.0000      518.6000  2400316    1.78%
 192179 129883      526.0000    50      528.0000      518.6000  2415711    1.78%
 193118 130465      525.0000    63      528.0000      518.6000  2428620    1.78%
 194191 131478      518.6000    55      528.0000      518.6000  2446163    1.78%
 195097 132107      518.6000    67      528.0000      518.6000  2456785    1.78%
 196142 132778      527.0000    55      528.0000      518.6000  2466865    1.78%
 197100 133399      525.0000    62      528.0000      518.6000  2480518    1.78%
[runlim] sample:		653.45 time, 330.01 real, 865 MB, 2.07 load
 197953 134071      526.5000    49      528.0000      518.6000  2494597    1.78%
 198759 134664      518.6000    64      528.0000      518.6000  2507121    1.78%
 199794 135480      519.7500    61      528.0000      518.6000  2521599    1.78%
Elapsed time = 332.61 sec. (926142.21 ticks, tree = 654.17 MB, solutions = 52)
 200680 135932      526.0000    56      528.0000      518.6000  2530622    1.78%
 201422 136589      525.0000    55      528.0000      518.6000  2543152    1.78%
 202399 137392      526.0000    47      528.0000      518.6000  2558884    1.78%
 203290 137793      518.6000    67      528.0000      518.6000  2567679    1.78%
 204239 138465      527.0000    67      528.0000      518.6000  2582158    1.78%
[runlim] sample:		673.35 time, 340.01 real, 896 MB, 2.06 load
 205170 139076      524.0000    47      528.0000      518.6000  2595938    1.78%
 206176 139727    infeasible            528.0000      518.6000  2608635    1.78%
 207242 140590      527.0000    41      528.0000      518.6000  2623624    1.78%
 208120 141341      527.5000    64      528.0000      518.6000  2638120    1.78%
 209039 142014      527.0000    59      528.0000      518.6000  2648922    1.78%
Elapsed time = 345.52 sec. (964439.75 ticks, tree = 686.50 MB, solutions = 52)
 210071 142578      518.7500    57      528.0000      518.6000  2659786    1.78%
 210893 143446        cutoff            528.0000      518.6000  2677343    1.78%
 212014 143925      526.0000    44      528.0000      518.6000  2686097    1.78%
[runlim] sample:		693.19 time, 350.01 real, 928 MB, 2.05 load
 213046 144723      524.0000    56      528.0000      518.6000  2701930    1.78%
 214039 145396      518.6000    64      528.0000      518.6000  2715230    1.78%
 214945 146287      527.0000    66      528.0000      518.6000  2731308    1.78%
 216127 146967      525.0000    58      528.0000      518.6000  2741512    1.78%
 217189 148076      522.0000    70      528.0000      518.6000  2759622    1.78%
 218068 148797      526.0000    54      528.0000      518.6000  2770001    1.78%
 219326 149422      525.0000    70      528.0000      518.6000  2779486    1.78%
Elapsed time = 357.91 sec. (1002844.69 ticks, tree = 723.39 MB, solutions = 52)
 220407 150487      525.0000    44      528.0000      518.6000  2795622    1.78%
[runlim] sample:		713.05 time, 360.01 real, 961 MB, 2.04 load
 221439 151121      524.0000    51      528.0000      518.6000  2805099    1.78%
 222429 152141      523.0000    57      528.0000      518.6000  2821531    1.78%
 223459 152822      527.0000    58      528.0000      518.6000  2834249    1.78%
 224451 153469      521.6667    61      528.0000      518.6000  2846872    1.78%
 225231 154173      525.0000    69      528.0000      518.6000  2860873    1.78%
 226309 154781      527.0000    72      528.0000      518.6000  2871125    1.78%
 227289 155669      525.0000    68      528.0000      518.6000  2884320    1.78%
 228228 156120      525.0000    63      528.0000      518.6000  2893062    1.78%
[runlim] sample:		732.96 time, 370.01 real, 990 MB, 2.03 load
 229081 157034      518.6000    57      528.0000      518.6000  2907888    1.78%
Elapsed time = 370.41 sec. (1041234.22 ticks, tree = 760.94 MB, solutions = 52)
 230046 157715      518.6000    77      528.0000      518.6000  2918987    1.78%
 230950 158303      518.6000    58      528.0000      518.6000  2928648    1.78%
 231876 159117      518.6000    59      528.0000      518.6000  2941132    1.78%
 232852 159775      522.5000    63      528.0000      518.6000  2952927    1.78%
 234007 160664      526.0000    47      528.0000      518.6000  2967871    1.78%
 234770 161342      523.0000    75      528.0000      518.6000  2979569    1.78%
 235887 161963      523.0000    71      528.0000      518.6000  2991011    1.78%
[runlim] sample:		752.85 time, 380.01 real, 1021 MB, 2.03 load
 236959 162888      527.0000    76      528.0000      518.6000  3006795    1.78%
 237784 163535      527.0000    48      528.0000      518.6000  3019064    1.78%
 238916 164198      525.0000    69      528.0000      518.6000  3030664    1.78%
Elapsed time = 382.82 sec. (1079417.62 ticks, tree = 797.92 MB, solutions = 52)
 239934 165109      527.0000    52      528.0000      518.6000  3046110    1.78%
 240747 165551      522.5000    61      528.0000      518.6000  3053639    1.78%
 241784 166296      525.0000    70      528.0000      518.6000  3066055    1.78%
 242855 167077      518.6000    58      528.0000      518.6000  3078428    1.78%
 244010 167866      526.0000    53      528.0000      518.6000  3090461    1.78%
[runlim] sample:		772.76 time, 390.01 real, 1049 MB, 2.02 load
 244939 168552      527.3333    74      528.0000      518.6000  3102129    1.78%
 245999 169299      525.0000    71      528.0000      518.6000  3115625    1.78%
 247148 170298      524.0000    68      528.0000      518.6000  3132643    1.78%
 248139 170898      523.0000    56      528.0000      518.6000  3143811    1.78%
 249229 171953      521.5000    48      528.0000      518.6000  3160509    1.78%
Elapsed time = 395.35 sec. (1118050.79 ticks, tree = 836.18 MB, solutions = 52)
 250386 172551      518.6000    81      528.0000      518.6000  3169332    1.78%
 251238 173281      524.0000    64      528.0000      518.6000  3179505    1.78%
 252339 174277      521.2500    59      528.0000      518.6000  3194431    1.78%
[runlim] sample:		792.67 time, 400.01 real, 1084 MB, 2.02 load
 253474 174928      522.0000    76      528.0000      518.6000  3204448    1.78%
 254360 176017      520.0000    68      528.0000      518.6000  3220868    1.78%
 255530 176726      526.0000    41      528.0000      518.6000  3233182    1.78%
 256571 177311      523.0000    66      528.0000      518.6000  3242195    1.78%
 257480 177974    infeasible            528.0000      518.6000  3253927    1.78%
 258501 178857      526.0000    41      528.0000      518.6000  3267843    1.78%
 259499 179704      527.0000    61      528.0000      518.6000  3282084    1.78%
Elapsed time = 407.26 sec. (1156222.44 ticks, tree = 873.90 MB, solutions = 52)
 260355 180191      519.2500    61      528.0000      518.6000  3289936    1.78%
[runlim] sample:		812.53 time, 410.01 real, 1115 MB, 2.02 load
 261319 180919      526.0000    70      528.0000      518.6000  3300983    1.78%
 262359 181973      527.0000    64      528.0000      518.6000  3317943    1.78%
 263239 182333      527.0000    64      528.0000      518.6000  3324296    1.78%
 264120 183222      527.0000    58      528.0000      518.6000  3338108    1.78%
 265146 183904      527.0000    50      528.0000      518.6000  3350377    1.78%
 266257 184612      526.3333    71      528.0000      518.6000  3362835    1.78%
 267009 185269      521.0000    67      528.0000      518.6000  3374688    1.78%
 268079 185941      525.5000    57      528.0000      518.6000  3385516    1.78%
[runlim] sample:		832.43 time, 420.01 real, 1144 MB, 2.01 load
 269191 186721      522.0000    73      528.0000      518.6000  3398053    1.78%
Elapsed time = 419.64 sec. (1194465.52 ticks, tree = 908.34 MB, solutions = 52)
 269972 187411      518.6000    62      528.0000      518.6000  3409130    1.78%
 271128 188170      524.7500    68      528.0000      518.6000  3419162    1.78%
 272264 189113      523.0000    69      528.0000      518.6000  3434147    1.78%
 273261 190164      525.0000    77      528.0000      518.6000  3449865    1.78%
 274197 190543      524.0000    55      528.0000      518.6000  3456301    1.78%
 275296 191214      527.0000    50      528.0000      518.6000  3467588    1.78%
 276379 192217      523.0000    56      528.0000      518.6000  3485040    1.78%
[runlim] sample:		852.33 time, 430.01 real, 1173 MB, 2.09 load
 277320 192669      527.0000    62      528.0000      518.6000  3492951    1.78%
 278372 193603      518.6000    72      528.0000      518.6000  3509185    1.78%
 279453 194371      522.0000    64      528.0000      518.6000  3522812    1.78%
Elapsed time = 432.12 sec. (1232652.39 ticks, tree = 948.00 MB, solutions = 52)
 280227 194962      518.6000    49      528.0000      518.6000  3535759    1.78%
 281143 195345      519.0000    61      528.0000      518.6000  3546122    1.78%
 282223 195898      527.0000    57      528.0000      518.6000  3559244    1.78%
 283315 196611      518.6000    59      528.0000      518.6000  3573094    1.78%
 284105 197470      527.0000    64      528.0000      518.6000  3591029    1.78%
[runlim] sample:		872.21 time, 440.01 real, 1208 MB, 2.08 load
 285236 198372      525.0000    48      528.0000      518.6000  3605991    1.78%
 286364 199040      525.0000    60      528.0000      518.6000  3616414    1.78%
 287236 199931      520.0000    67      528.0000      518.6000  3631220    1.78%
 288403 200501      518.6000    58      528.0000      518.6000  3639788    1.78%
 289349 201282      527.0000    66      528.0000      518.6000  3655261    1.78%
Elapsed time = 444.40 sec. (1270843.30 ticks, tree = 982.38 MB, solutions = 52)
 290277 202053      518.6000    60      528.0000      518.6000  3671599    1.78%
 291154 202773      527.0000    66      528.0000      518.6000  3684082    1.78%
 292134 203307      527.0000    62      528.0000      518.6000  3693157    1.78%
[runlim] sample:		892.11 time, 450.01 real, 1234 MB, 2.06 load
 293093 203978      527.0000    61      528.0000      518.6000  3705857    1.78%
 293804 204641      527.0000    52      528.0000      518.6000  3720771    1.78%
 294634 205133      527.0000    50      528.0000      518.6000  3731704    1.78%
 295601 205935      527.0000    74      528.0000      518.6000  3748278    1.78%
 296561 206395      524.0000    57      528.0000      518.6000  3757239    1.78%
 297278 207210      524.0000    55      528.0000      518.6000  3770192    1.78%
 298321 207885      519.0000    64      528.0000      518.6000  3782234    1.78%
Elapsed time = 456.88 sec. (1309016.53 ticks, tree = 1015.06 MB, solutions = 52)
 299419 208496      524.0000    55      528.0000      518.6000  3791757    1.78%
[runlim] sample:		912.02 time, 460.01 real, 1263 MB, 2.13 load
 300359 209164      527.0000    37      528.0000      518.6000  3804319    1.78%
 301303 209953      527.5000    54      528.0000      518.6000  3817680    1.78%
 302364 210860        cutoff            528.0000      518.6000  3833408    1.78%
 303428 211400      527.0000    70      528.0000      518.6000  3843888    1.78%
 304269 211966      524.0000    63      528.0000      518.6000  3852512    1.78%
 305323 212864      521.0000    66      528.0000      518.6000  3869748    1.78%
 306320 213368      518.6000    61      528.0000      518.6000  3880124    1.78%
 307318 214073        cutoff            528.0000      518.6000  3895138    1.78%
[runlim] sample:		931.85 time, 470.01 real, 1289 MB, 2.11 load
 308222 214733      520.5000    66      528.0000      518.6000  3907627    1.78%
Elapsed time = 469.72 sec. (1347279.16 ticks, tree = 1049.02 MB, solutions = 52)
 309265 215547      525.0000    69      528.0000      518.6000  3923579    1.78%
 310345 216010      518.6000    75      528.0000      518.6000  3934374    1.78%
 311391 216841      519.4627    69      528.0000      518.6000  3952212    1.78%
 312407 217688      527.0000    56      528.0000      518.6000  3965450    1.78%
 313521 218171      527.0000    42      528.0000      518.6000  3972735    1.78%
 314708 219053      526.0000    42      528.0000      518.6000  3985040    1.78%
 315553 220080      525.0000    55      528.0000      518.6000  4000267    1.78%
[runlim] sample:		951.74 time, 480.01 real, 1320 MB, 2.10 load
 316671 220809      526.0000    49      528.0000      518.6000  4011141    1.78%
 317853 221470      526.0000    49      528.0000      518.6000  4020108    1.78%
 318749 222469      518.6000    57      528.0000      518.6000  4035562    1.78%
Elapsed time = 482.21 sec. (1385466.46 ticks, tree = 1086.55 MB, solutions = 52)
 319926 223212      526.0000    60      528.0000      518.6000  4046738    1.78%
 321107 224108      526.0000    69      528.0000      518.6000  4059933    1.78%
 321956 224854      527.0000    50      528.0000      518.6000  4071655    1.78%
 323015 225563      527.0000    68      528.0000      518.6000  4083071    1.78%
 324158 226227      526.0000    55      528.0000      518.6000  4092820    1.78%
[runlim] sample:		971.65 time, 490.01 real, 1352 MB, 2.08 load
 325146 227219      526.0000    73      528.0000      518.6000  4110715    1.78%
 325862 227901      518.6000    79      528.0000      518.6000  4121944    1.78%
 326976 228357      527.0000    38      528.0000      518.6000  4129774    1.78%
 328007 229368      526.0000    49      528.0000      518.6000  4147598    1.78%
 328833 229659      525.0000    58      528.0000      518.6000  4153366    1.78%
Elapsed time = 494.67 sec. (1423633.84 ticks, tree = 1124.30 MB, solutions = 52)
 329702 230428      527.0000    47      528.0000      518.6000  4166737    1.78%
 330637 231036      518.6000    66      528.0000      518.6000  4177391    1.78%
 331660 231809      525.0000    51      528.0000      518.6000  4190971    1.78%
[runlim] sample:		991.56 time, 500.01 real, 1387 MB, 2.07 load
 332649 232497      526.5000    72      528.0000      518.6000  4201666    1.78%
 333689 233262      527.0000    59      528.0000      518.6000  4214649    1.78%
 334540 233963      527.0000    64      528.0000      518.6000  4226077    1.78%
 335563 234765      527.0000    42      528.0000      518.6000  4237609    1.78%
 336716 235557      527.5000    65      528.0000      518.6000  4251350    1.78%
 337791 236087      526.0000    67      528.0000      518.6000  4259272    1.78%
 338448 236776      527.0000    55      528.0000      518.6000  4271910    1.78%
Elapsed time = 507.16 sec. (1461826.73 ticks, tree = 1159.16 MB, solutions = 52)
 339490 237330      527.0000    59      528.0000      518.6000  4284669    1.78%
[runlim] sample:		1011.46 time, 510.01 real, 1410 MB, 2.06 load
 340605 238032      518.6000    60      528.0000      518.6000  4301002    1.78%
 341467 239128        cutoff            528.0000      518.6000  4319716    1.78%
 342414 239460      527.0000    53      528.0000      518.6000  4325803    1.78%
 343496 240179      526.0000    48      528.0000      518.6000  4340261    1.78%
 344454 240950      521.0000    58      528.0000      518.6000  4354938    1.78%
 345421 241269      524.0000    58      528.0000      518.6000  4359972    1.78%
 346600 242459      518.6000    63      528.0000      518.6000  4379364    1.78%
 347426 242768      526.0000    56      528.0000      518.6000  4385667    1.78%
[runlim] sample:		1031.36 time, 520.01 real, 1444 MB, 2.05 load
 348460 243914      527.6667    44      528.0000      518.6000  4404503    1.78%
Elapsed time = 519.61 sec. (1500001.89 ticks, tree = 1194.40 MB, solutions = 52)
 349552 244735      527.0000    68      528.0000      518.6000  4419970    1.78%
 350657 245552      524.0000    54      528.0000      518.6000  4434683    1.78%
 351518 246311      527.0000    59      528.0000      518.6000  4448136    1.78%
 352564 246633      523.0000    59      528.0000      518.6000  4454726    1.78%
 353648 247481      522.0000    73      528.0000      518.6000  4469677    1.78%
 354547 248291      522.0000    55      528.0000      518.6000  4485103    1.78%
 355510 248904        cutoff            528.0000      518.6000  4496016    1.78%
[runlim] sample:		1051.21 time, 530.01 real, 1471 MB, 2.04 load
 356563 249244      527.6667    57      528.0000      518.6000  4502861    1.78%
 357719 250097      525.0000    48      528.0000      518.6000  4517812    1.78%
 358656 250868      527.0000    55      528.0000      518.6000  4532447    1.78%
Elapsed time = 532.29 sec. (1538177.71 ticks, tree = 1228.60 MB, solutions = 52)
 359558 251553      527.6667    42      528.0000      518.6000  4545128    1.78%
 360502 252279      520.0000    77      528.0000      518.6000  4558842    1.78%
 361431 253221      518.6000    59      528.0000      518.6000  4581275    1.78%
 362251 253779      524.0000    45      528.0000      518.6000  4593983    1.78%
 363154 254398      526.0000    62      528.0000      518.6000  4606898    1.78%
[runlim] sample:		1071.12 time, 540.01 real, 1495 MB, 2.03 load
 364078 254729      518.6000    62      528.0000      518.6000  4613291    1.78%
 364985 254927      518.6000    56      528.0000      518.6000  4620169    1.78%
 365803 255905      518.6000    63      528.0000      518.6000  4639469    1.78%
 366663 256266      524.0000    71      528.0000      518.6000  4645731    1.78%
 367652 257319      525.0000    51      528.0000      518.6000  4664012    1.78%
Elapsed time = 545.16 sec. (1576372.06 ticks, tree = 1260.38 MB, solutions = 52)
 368660 258048      519.0755    77      528.0000      518.6000  4677813    1.78%
 369758 258906      518.6000    64      528.0000      518.6000  4691160    1.78%
 370621 259612      527.0000    34      528.0000      518.6000  4704316    1.78%
[runlim] sample:		1091.02 time, 550.01 real, 1513 MB, 2.03 load
 371558 259986      518.6000    57      528.0000      518.6000  4711366    1.78%
 372625 260766      518.6000    68      528.0000      518.6000  4722785    1.78%
 373758 261018      524.0000    49      528.0000      518.6000  4735090    1.78%
 374624 262229      527.0000    84      528.0000      518.6000  4754258    1.78%
 375509 263061      523.0000    67      528.0000      518.6000  4770630    1.78%
 376624 263364      524.0000    62      528.0000      518.6000  4776016    1.78%
 377673 264147      525.0000    62      528.0000      518.6000  4791559    1.78%
Elapsed time = 557.86 sec. (1614555.52 ticks, tree = 1294.06 MB, solutions = 52)
 378710 265040      518.6000    58      528.0000      518.6000  4806205    1.78%
[runlim] sample:		1110.93 time, 560.01 real, 1541 MB, 2.10 load
 379551 265728      519.2500    65      528.0000      518.6000  4818624    1.78%
 380716 266166      518.6000    61      528.0000      518.6000  4826723    1.78%
 381626 266887      527.0000    53      528.0000      518.6000  4839768    1.78%
 382754 267829      526.0000    52      528.0000      518.6000  4853675    1.78%
 383855 269233      527.0000    69      528.0000      518.6000  4874540    1.78%
 384783 269717    infeasible            528.0000      518.6000  4881288    1.78%
 385702 270461      527.0000    64      528.0000      518.6000  4892750    1.78%
 386838 271235      520.0000    57      528.0000      518.6000  4905672    1.78%
[runlim] sample:		1130.83 time, 570.01 real, 1584 MB, 2.08 load
 387957 271768      519.7500    67      528.0000      518.6000  4911815    1.78%
Elapsed time = 570.30 sec. (1652727.54 ticks, tree = 1331.36 MB, solutions = 52)
 388854 272862      518.6000    57      528.0000      518.6000  4932292    1.78%
 389803 273357      527.0000    69      528.0000      518.6000  4940618    1.78%
 390938 274125      520.7500    59      528.0000      518.6000  4954353    1.78%
 392094 274886      518.6000    57      528.0000      518.6000  4969280    1.78%
 392869 275700      525.0000    53      528.0000      518.6000  4981669    1.78%
 393984 276476      522.5000    57      528.0000      518.6000  4995692    1.78%
 395114 277328      518.6000    71      528.0000      518.6000  5011186    1.78%
[runlim] sample:		1150.70 time, 580.01 real, 1614 MB, 2.07 load
 396142 278215      526.0000    64      528.0000      518.6000  5025609    1.78%
 396926 278513      527.0000    53      528.0000      518.6000  5030221    1.78%
 397953 279315      526.0000    54      528.0000      518.6000  5043194    1.78%
Elapsed time = 582.63 sec. (1690929.93 ticks, tree = 1371.45 MB, solutions = 52)
 398942 280110      520.0000    70      528.0000      518.6000  5057699    1.78%
 399987 280546      526.0000    43      528.0000      518.6000  5063853    1.78%
 400707 281235      520.5000    69      528.0000      518.6000  5075533    1.78%
 401667 282355      521.0000    59      528.0000      518.6000  5094123    1.78%
 402627 282712      523.0000    52      528.0000      518.6000  5100478    1.78%
[runlim] sample:		1170.56 time, 590.01 real, 1648 MB, 2.13 load
 403582 283034      527.0000    56      528.0000      518.6000  5107315    1.78%
 404612 284258      526.0000    61      528.0000      518.6000  5128988    1.78%
 405342 284926      518.6000    55      528.0000      518.6000  5140018    1.78%
 406290 285356      526.0000    54      528.0000      518.6000  5148379    1.78%
 407391 286532      526.0000    63      528.0000      518.6000  5167875    1.78%
Elapsed time = 594.64 sec. (1729116.09 ticks, tree = 1406.97 MB, solutions = 52)
 408488 286954      526.0000    85      528.0000      518.6000  5174633    1.78%
 409450 287289      527.0000    60      528.0000      518.6000  5181871    1.78%
 410307 288546        cutoff            528.0000      518.6000  5203642    1.78%
[runlim] sample:		1190.46 time, 600.01 real, 1673 MB, 2.11 load
 411203 288767      525.0000    63      528.0000      518.6000  5209023    1.78%
 412335 289643      523.0000    66      528.0000      518.6000  5225021    1.78%
 413391 290523      519.2500    68      528.0000      518.6000  5240226    1.78%
 414475 290975        cutoff            528.0000      518.6000  5246519    1.78%
 415252 292022      518.6000    68      528.0000      518.6000  5267551    1.78%
 416268 292791      523.0000    52      528.0000      518.6000  5282229    1.78%
 417353 293181      527.0000    67      528.0000      518.6000  5289339    1.78%
Elapsed time = 606.96 sec. (1767310.56 ticks, tree = 1439.83 MB, solutions = 52)
 418402 294028      525.0000    58      528.0000      518.6000  5306293    1.78%
[runlim] sample:		1210.36 time, 610.01 real, 1700 MB, 2.09 load
 419231 294445      524.0000    48      528.0000      518.6000  5312632    1.78%
 420310 295654      525.0000    53      528.0000      518.6000  5332627    1.78%
 421347 296057      522.0000    46      528.0000      518.6000  5340007    1.78%
 422259 296844      523.0000    48      528.0000      518.6000  5356748    1.78%
 423099 297761      527.6667    55      528.0000      518.6000  5375435    1.78%
 424249 298338      518.6000    57      528.0000      518.6000  5384350    1.78%
 425287 298906      518.6000    67      528.0000      518.6000  5396317    1.78%
 426428 299586      526.0000    67      528.0000      518.6000  5407065    1.78%
[runlim] sample:		1230.26 time, 620.01 real, 1729 MB, 2.08 load
 427429 300404      522.0000    95      528.0000      518.6000  5420756    1.78%
Elapsed time = 619.57 sec. (1805505.03 ticks, tree = 1475.45 MB, solutions = 52)
 428412 300966      526.0000    43      528.0000      518.6000  5429696    1.78%
 429395 301945      521.0000    75      528.0000      518.6000  5446155    1.78%
 430537 302779      527.0000    62      528.0000      518.6000  5461297    1.78%
 431735 303465      518.6000    57      528.0000      518.6000  5472124    1.78%
 432855 304126      518.6000    68      528.0000      518.6000  5484080    1.78%
 433691 304986      521.7500    64      528.0000      518.6000  5497085    1.78%
 434853 305352      521.0000    58      528.0000      518.6000  5504320    1.78%
 435922 306431      526.0000    71      528.0000      518.6000  5523422    1.78%
[runlim] sample:		1250.16 time, 630.01 real, 1764 MB, 2.07 load
 436931 306937        cutoff            528.0000      518.6000  5533301    1.78%
 437841 307761      527.0000    69      528.0000      518.6000  5546834    1.78%
Elapsed time = 631.83 sec. (1843693.63 ticks, tree = 1511.34 MB, solutions = 52)
 438755 308380      527.0000    59      528.0000      518.6000  5557092    1.78%
 439818 309151      518.6000    61      528.0000      518.6000  5570027    1.78%
 440802 309941      518.6000    63      528.0000      518.6000  5583887    1.78%
 441739 310414      527.0000    58      528.0000      518.6000  5591542    1.78%
 442721 311266      524.0000    61      528.0000      518.6000  5607007    1.78%
[runlim] sample:		1270.06 time, 640.01 real, 1793 MB, 2.06 load
 443788 311855      525.0000    49      528.0000      518.6000  5616359    1.78%
 444820 312487      525.0000    62      528.0000      518.6000  5623922    1.78%
 445870 313362      518.6000    53      528.0000      518.6000  5637930    1.78%
 446765 313974      523.0000    61      528.0000      518.6000  5648490    1.78%
 447989 314915      527.2500    58      528.0000      518.6000  5662878    1.78%
Elapsed time = 644.32 sec. (1882331.97 ticks, tree = 1546.51 MB, solutions = 52)
 449118 315444      522.0000    56      528.0000      518.6000  5671444    1.78%
 450084 316775      526.0000    56      528.0000      518.6000  5693492    1.78%
 451071 317165      526.0000    69      528.0000      518.6000  5699886    1.78%
 452094 317956      523.0000    54      528.0000      518.6000  5711472    1.78%
[runlim] sample:		1289.92 time, 650.01 real, 1823 MB, 2.05 load
 453091 318387      526.0000    66      528.0000      518.6000  5718592    1.78%
 454148 319622      526.0000    55      528.0000      518.6000  5741794    1.78%
 455069 320454      519.0000    62      528.0000      518.6000  5755349    1.78%
 456101 320493      526.0000    73      528.0000      518.6000  5753941    1.78%
 457125 321237      527.0000    52      528.0000      518.6000  5768250    1.78%
 458194 322548      527.0000    62      528.0000      518.6000  5792622    1.78%
Elapsed time = 656.74 sec. (1920512.29 ticks, tree = 1583.67 MB, solutions = 52)
 458973 323365      518.6000    60      528.0000      518.6000  5806529    1.78%
[runlim] sample:		1309.83 time, 660.01 real, 1850 MB, 2.12 load
 460075 323325      518.6000    59      528.0000      518.6000  5805916    1.78%
 461150 324146      518.6000    68      528.0000      518.6000  5820105    1.78%
 462177 325039      518.6000    59      528.0000      518.6000  5836402    1.78%
 463185 325857      523.6667    78      528.0000      518.6000  5849847    1.78%
 464157 326689      527.0000    54      528.0000      518.6000  5863603    1.78%
 465127 327652      518.6000    63      528.0000      518.6000  5878682    1.78%
 466130 328420      518.6000    63      528.0000      518.6000  5893076    1.78%
 467168 328790      527.0000    56      528.0000      518.6000  5900852    1.78%
 468349 329704      520.7500    84      528.0000      518.6000  5916860    1.78%
Elapsed time = 669.19 sec. (1958681.34 ticks, tree = 1622.30 MB, solutions = 52)
[runlim] sample:		1329.72 time, 670.01 real, 1883 MB, 2.10 load
 469239 330561      527.0000    64      528.0000      518.6000  5930867    1.78%
 470207 331033      518.6000    60      528.0000      518.6000  5939157    1.78%
 471272 331839      525.0000    50      528.0000      518.6000  5953991    1.78%
 472446 332288      519.5000    63      528.0000      518.6000  5960979    1.78%
 473364 333227      526.0000    55      528.0000      518.6000  5977851    1.78%
 474324 334045      523.0000    57      528.0000      518.6000  5993195    1.78%
 475481 334413      521.5000    57      528.0000      518.6000  5999612    1.78%
[runlim] sample:		1349.63 time, 680.01 real, 1916 MB, 2.17 load
 476495 335232      524.0000    61      528.0000      518.6000  6013088    1.78%
 477451 336486      518.6000    60      528.0000      518.6000  6034664    1.78%
 478433 337067      525.0000    55      528.0000      518.6000  6043891    1.78%
Elapsed time = 681.90 sec. (1996853.26 ticks, tree = 1658.59 MB, solutions = 52)
 479369 337699      518.6000    62      528.0000      518.6000  6055790    1.78%
 480358 338527      527.0000    50      528.0000      518.6000  6070257    1.78%
 481390 339082      525.0000    63      528.0000      518.6000  6078570    1.78%
 482325 339422        cutoff            528.0000      518.6000  6085339    1.78%
 483014 340563      525.0000    55      528.0000      518.6000  6104836    1.78%
 484109 341190      518.6000    54      528.0000      518.6000  6117642    1.78%
[runlim] sample:		1369.50 time, 690.01 real, 1948 MB, 2.14 load
 485159 341782      525.0000    64      528.0000      518.6000  6127111    1.78%
 486144 342384      525.0000    55      528.0000      518.6000  6140634    1.78%
 486949 342783      520.2500    59      528.0000      518.6000  6148754    1.78%
 487951 343363      518.7500    58      528.0000      518.6000  6162207    1.78%
Elapsed time = 694.36 sec. (2035021.39 ticks, tree = 1689.33 MB, solutions = 52)
 489024 344062      524.0000    63      528.0000      518.6000  6177653    1.78%
 490032 344507      523.0000    62      528.0000      518.6000  6187784    1.78%
 491094 345316      523.0000    70      528.0000      518.6000  6204765    1.78%
[runlim] sample:		1387.95 time, 700.01 real, 1965 MB, 2.12 load
 491939 345909      527.0000    64      528.0000      518.6000  6216210    1.78%
 493045 346465      527.0000    67      528.0000      518.6000  6225729    1.78%
 494091 347181      518.6000    73      528.0000      518.6000  6240187    1.78%
 495148 348473      526.0000    66      528.0000      518.6000  6262466    1.78%
 496137 349010      519.7500    62      528.0000      518.6000  6271835    1.78%
 496883 349549      521.0000    66      528.0000      518.6000  6283490    1.78%
 497941 350127      523.0000    77      528.0000      518.6000  6293787    1.78%
Elapsed time = 708.04 sec. (2073819.75 ticks, tree = 1722.46 MB, solutions = 52)
 498989 350780      527.0000    77      528.0000      518.6000  6304218    1.78%
[runlim] sample:		1407.58 time, 710.01 real, 1990 MB, 2.18 load
 500088 351662      518.6000    71      528.0000      518.6000  6320954    1.78%
 501255 352563      527.0000    53      528.0000      518.6000  6338142    1.78%
 502061 352848      524.0000    52      528.0000      518.6000  6342893    1.78%
 503112 353457      518.6000    71      528.0000      518.6000  6352793    1.78%
 504165 354702      523.0000    62      528.0000      518.6000  6374249    1.78%
 505318 355255      526.0000    68      528.0000      518.6000  6383041    1.78%
 506157 355909      523.0000    54      528.0000      518.6000  6394907    1.78%
 507220 356528      524.0000    75      528.0000      518.6000  6404986    1.78%
[runlim] sample:		1427.49 time, 720.01 real, 2026 MB, 2.15 load
 508277 357332      518.6000    64      528.0000      518.6000  6419454    1.78%
Elapsed time = 720.25 sec. (2111992.10 ticks, tree = 1757.76 MB, solutions = 52)
 509343 358258      521.0000    59      528.0000      518.6000  6435419    1.78%
 510191 358551      519.0000    62      528.0000      518.6000  6441385    1.78%
 511319 359479      527.0000    43      528.0000      518.6000  6458931    1.78%
 512395 360331      525.0000    49      528.0000      518.6000  6473002    1.78%
 513420 360747      518.6000    85      528.0000      518.6000  6480155    1.78%
 514351 362026      527.0000    50      528.0000      518.6000  6501931    1.78%
 515531 362585      527.0000    67      528.0000      518.6000  6509278    1.78%
[runlim] sample:		1447.38 time, 730.01 real, 2049 MB, 2.13 load
 516671 363477      523.0000    80      528.0000      518.6000  6522431    1.78%
 517631 364041      526.0000    57      528.0000      518.6000  6531631    1.78%
 518498 364771      524.0000    40      528.0000      518.6000  6541388    1.78%
Elapsed time = 732.82 sec. (2150165.59 ticks, tree = 1794.28 MB, solutions = 52)
 519475 365709    infeasible            528.0000      518.6000  6556622    1.78%
 520380 366331      524.0000    65      528.0000      518.6000  6568219    1.78%
 521438 366709      527.0000    47      528.0000      518.6000  6575359    1.78%
 522461 367411      527.0000    54      528.0000      518.6000  6586621    1.78%
 523499 368570      525.0000    62      528.0000      518.6000  6607421    1.78%
[runlim] sample:		1467.27 time, 740.01 real, 2082 MB, 2.11 load
 524573 368994      524.0000    61      528.0000      518.6000  6613684    1.78%
 525436 369776      526.0000    70      528.0000      518.6000  6626452    1.78%
 526393 370404      520.7500    65      528.0000      518.6000  6637332    1.78%
 527391 371027      518.6000    61      528.0000      518.6000  6646916    1.78%
 528494 371590      518.6000    62      528.0000      518.6000  6656530    1.78%
Elapsed time = 744.88 sec. (2188345.98 ticks, tree = 1827.84 MB, solutions = 52)
 529478 372549      520.0000    60      528.0000      518.6000  6670576    1.78%
 530378 373212      522.0000    64      528.0000      518.6000  6681350    1.78%
 531288 374122      518.6000    58      528.0000      518.6000  6696094    1.78%
[runlim] sample:		1487.17 time, 750.01 real, 2111 MB, 2.09 load
 532356 374883      518.6000    56      528.0000      518.6000  6711947    1.78%
 533477 375497      518.6000    65      528.0000      518.6000  6722499    1.78%
 534528 376290      527.0000    57      528.0000      518.6000  6734126    1.78%
 535350 377195      526.0000    53      528.0000      518.6000  6749536    1.78%
 536340 377478      527.0000    47      528.0000      518.6000  6755361    1.78%
 537457 378119      527.0000    60      528.0000      518.6000  6767088    1.78%
 538588 379310        cutoff            528.0000      518.6000  6788227    1.78%
Elapsed time = 757.20 sec. (2226525.10 ticks, tree = 1865.84 MB, solutions = 52)
 539490 379581      521.0000    59      528.0000      518.6000  6792562    1.78%
[runlim] sample:		1507.08 time, 760.01 real, 2139 MB, 2.08 load
 540397 380611      527.0000    71      528.0000      518.6000  6809555    1.78%
 541437 381126      525.0000    65      528.0000      518.6000  6817810    1.78%
 542520 381750      518.6000    59      528.0000      518.6000  6831277    1.78%
 543564 382356      525.0000    71      528.0000      518.6000  6843414    1.78%
 544335 382992      526.0000    62      528.0000      518.6000  6853613    1.78%
 545450 384054      527.0000    57      528.0000      518.6000  6873691    1.78%
 546595 384467      527.0000    65      528.0000      518.6000  6880873    1.78%
 547706 385169      523.0000    54      528.0000      518.6000  6892605    1.78%
[runlim] sample:		1526.95 time, 770.01 real, 2166 MB, 2.06 load
 548667 386089      527.0000    73      528.0000      518.6000  6909277    1.78%
Elapsed time = 769.80 sec. (2264697.71 ticks, tree = 1899.26 MB, solutions = 52)
 549529 386746      527.0000    44      528.0000      518.6000  6919810    1.78%
 550487 387694      526.0000    52      528.0000      518.6000  6935644    1.78%
 551576 388063        cutoff            528.0000      518.6000  6942548    1.78%
 552673 388876      518.6000    59      528.0000      518.6000  6957458    1.78%
 553715 389576      524.0000    62      528.0000      518.6000  6970370    1.78%
 554736 390569      525.0000    53      528.0000      518.6000  6988607    1.78%
 555688 391180    infeasible            528.0000      518.6000  6999429    1.78%
[runlim] sample:		1546.85 time, 780.01 real, 2193 MB, 2.05 load
 556722 391998      526.0000    51      528.0000      518.6000  7015183    1.78%
 557754 392756      520.0000    57      528.0000      518.6000  7028644    1.78%
 558824 393714      524.0000    54      528.0000      518.6000  7047138    1.78%
Elapsed time = 782.71 sec. (2302871.35 ticks, tree = 1941.25 MB, solutions = 52)
 559539 394226      523.0000    69      528.0000      518.6000  7056925    1.78%
 560636 394763      527.0000    55      528.0000      518.6000  7068196    1.78%
 561775 395415      525.0000    62      528.0000      518.6000  7080250    1.78%
 562753 396419      525.0000    73      528.0000      518.6000  7096561    1.78%
 563512 396698      525.0000    57      528.0000      518.6000  7101025    1.78%
[runlim] sample:		1566.75 time, 790.01 real, 2232 MB, 2.05 load
 564525 397672      518.6000    68      528.0000      518.6000  7116870    1.78%
 565592 398237      518.6000    58      528.0000      518.6000  7127108    1.78%
 566601 399174      527.0000    48      528.0000      518.6000  7142468    1.78%
 567631 399878      527.0000    47      528.0000      518.6000  7152868    1.78%
 568634 400595      527.0000    69      528.0000      518.6000  7165184    1.78%
Elapsed time = 794.53 sec. (2341052.07 ticks, tree = 1975.16 MB, solutions = 52)
 569720 401188      525.0000    69      528.0000      518.6000  7175308    1.78%
 570598 401848      525.0000    66      528.0000      518.6000  7185443    1.78%
 571629 402798      522.0000    63      528.0000      518.6000  7200522    1.78%
 572676 403436      527.0000    61      528.0000      518.6000  7211230    1.78%
[runlim] sample:		1586.62 time, 800.01 real, 2265 MB, 2.04 load
 573656 403727      527.0000    59      528.0000      518.6000  7218369    1.78%
 574470 404604      525.0000    60      528.0000      518.6000  7232130    1.78%
 575551 405598      520.2500    59      528.0000      518.6000  7246338    1.78%
 576671 406322      526.0000    64      528.0000      518.6000  7259207    1.78%
 577723 407013      527.0000    48      528.0000      518.6000  7269706    1.78%
 578656 407749      525.0000    61      528.0000      518.6000  7280167    1.78%
Elapsed time = 806.75 sec. (2379228.59 ticks, tree = 2010.37 MB, solutions = 52)
 579709 408806      518.6000    56      528.0000      518.6000  7297254    1.78%
 580841 409252      524.0000    41      528.0000      518.6000  7303582    1.78%
[runlim] sample:		1606.53 time, 810.01 real, 2296 MB, 2.11 load
 581941 410201      522.0000    54      528.0000      518.6000  7319229    1.78%
 582941 410870      518.6000    59      528.0000      518.6000  7329881    1.78%
 583839 411569      527.0000    63      528.0000      518.6000  7340666    1.78%
 584999 412212      523.0000    48      528.0000      518.6000  7352117    1.78%
 586045 413152      526.0000    52      528.0000      518.6000  7367910    1.78%
 587039 414075      525.0000    71      528.0000      518.6000  7385314    1.78%
 588054 414800      518.6000    66      528.0000      518.6000  7396582    1.78%
 589067 415213      525.5000    71      528.0000      518.6000  7403372    1.78%
Elapsed time = 819.19 sec. (2417786.23 ticks, tree = 2047.16 MB, solutions = 52)
[runlim] sample:		1626.43 time, 820.01 real, 2325 MB, 2.09 load
 590217 416090      520.5000    55      528.0000      518.6000  7418001    1.78%
 591178 417014      518.6000    68      528.0000      518.6000  7435881    1.78%
 592328 417459      521.0000    57      528.0000      518.6000  7442334    1.78%
 593074 417972      527.0000    40      528.0000      518.6000  7451421    1.78%
 594220 418771      523.0000    54      528.0000      518.6000  7464119    1.78%
 595194 419658      524.0000    76      528.0000      518.6000  7479842    1.78%
 596268 420308      522.0000    50      528.0000      518.6000  7488925    1.78%
[runlim] sample:		1646.28 time, 830.01 real, 2344 MB, 2.08 load
 597382 421006      526.0000    62      528.0000      518.6000  7503490    1.78%
 598471 422043      526.0000    72      528.0000      518.6000  7520670    1.78%
 599572 422701      526.0000    48      528.0000      518.6000  7532654    1.78%
Elapsed time = 832.27 sec. (2455955.99 ticks, tree = 2084.15 MB, solutions = 52)
Nodefile size = 32.43 MB (6.83 MB after compression)
 600325 423029      524.0000    62      528.0000      518.6000  7536943    1.78%
 601352 424052      527.0000    59      528.0000      518.6000  7555251    1.78%
 602458 424617      526.0000    65      528.0000      518.6000  7566063    1.78%
 603563 425316      525.0000    22      528.0000      518.6000  7577845    1.78%
 604654 426314      525.0000    68      528.0000      518.6000  7595853    1.78%
[runlim] sample:		1666.18 time, 840.01 real, 2365 MB, 2.22 load
 605628 426945      518.6000    63      528.0000      518.6000  7607274    1.78%
 606379 427613      527.0000    44      528.0000      518.6000  7617589    1.78%
 607367 428355      518.6000    66      528.0000      518.6000  7630211    1.78%
 608440 428905        cutoff            528.0000      518.6000  7639896    1.78%
 609472 429587      521.0000    65      528.0000      518.6000  7651301    1.78%
Elapsed time = 845.65 sec. (2494126.02 ticks, tree = 2117.99 MB, solutions = 52)
Nodefile size = 64.30 MB (13.95 MB after compression)
 610453 430578      524.0000    60      528.0000      518.6000  7668553    1.78%
 611428 431200      524.0000    65      528.0000      518.6000  7680571    1.78%
[runlim] sample:		1686.06 time, 850.01 real, 2380 MB, 2.18 load
 612462 432157      526.0000    63      528.0000      518.6000  7698063    1.78%
 613267 432442      525.0000    43      528.0000      518.6000  7702684    1.78%
 614343 433383      527.0000    53      528.0000      518.6000  7717590    1.78%
 615376 434149      525.0000    52      528.0000      518.6000  7729945    1.78%
 616315 434827      523.0000    74      528.0000      518.6000  7740641    1.78%
 617166 435449      518.6000    62      528.0000      518.6000  7751009    1.78%
 618072 436020      518.6000    56      528.0000      518.6000  7761294    1.78%
 619128 436822      523.0000    70      528.0000      518.6000  7774390    1.78%
Elapsed time = 858.74 sec. (2532299.24 ticks, tree = 2153.58 MB, solutions = 52)
Nodefile size = 100.21 MB (22.03 MB after compression)
[runlim] sample:		1705.97 time, 860.01 real, 2383 MB, 2.16 load
 620150 437337      527.5000    60      528.0000      518.6000  7783014    1.78%
 621136 438286      523.0000    75      528.0000      518.6000  7799836    1.78%
 621989 439276      526.0000    50      528.0000      518.6000  7816620    1.78%
 622845 439975      518.6000    62      528.0000      518.6000  7826692    1.78%
 623835 440302      527.0000    71      528.0000      518.6000  7832029    1.78%
 624919 440911      518.6000    66      528.0000      518.6000  7841186    1.78%
 625957 441903      521.0000    69      528.0000      518.6000  7856953    1.78%
 627028 442262      525.0000    67      528.0000      518.6000  7864010    1.78%
[runlim] sample:		1725.85 time, 870.01 real, 2395 MB, 2.28 load
 628016 443253        cutoff            528.0000      518.6000  7881265    1.78%
 628879 443958      527.0000    53      528.0000      518.6000  7892567    1.78%
Elapsed time = 872.34 sec. (2570485.15 ticks, tree = 2188.41 MB, solutions = 52)
Nodefile size = 136.11 MB (30.22 MB after compression)
 629868 444963      526.0000    62      528.0000      518.6000  7909254    1.78%
 631018 445401      525.0000    62      528.0000      518.6000  7915375    1.78%
 632090 446033      527.3333    68      528.0000      518.6000  7926013    1.78%
 633158 447146      525.0000    71      528.0000      518.6000  7943178    1.78%
 634259 447547      524.0000    61      528.0000      518.6000  7950343    1.78%
[runlim] sample:		1745.75 time, 880.01 real, 2404 MB, 2.24 load
 635109 448448      521.5000    68      528.0000      518.6000  7967340    1.78%
 636041 449190      518.6000    70      528.0000      518.6000  7979559    1.78%
 637167 450229      526.0000    54      528.0000      518.6000  7995391    1.78%
 638311 450669      526.0000    61      528.0000      518.6000  8001864    1.78%
 639468 451426      526.0000    61      528.0000      518.6000  8013999    1.78%
Elapsed time = 885.64 sec. (2608653.48 ticks, tree = 2225.14 MB, solutions = 52)
Nodefile size = 171.03 MB (38.07 MB after compression)
 640624 452302      524.0000    53      528.0000      518.6000  8026651    1.78%
 641491 453294      519.2500    55      528.0000      518.6000  8043183    1.78%
[runlim] sample:		1765.60 time, 890.01 real, 2411 MB, 2.27 load
 642512 454278      518.6000    75      528.0000      518.6000  8060180    1.78%
 643493 454691      518.6000    58      528.0000      518.6000  8067076    1.78%
 644649 455707      526.0000    83      528.0000      518.6000  8083541    1.78%
 645731 456330      525.0000    60      528.0000      518.6000  8094838    1.78%
 646683 456736      518.6000    57      528.0000      518.6000  8101462    1.78%
 647544 457628      522.0000    61      528.0000      518.6000  8116880    1.78%
 648557 458437      526.0000    49      528.0000      518.6000  8130429    1.78%
 649625 459342      524.0000    46      528.0000      518.6000  8147198    1.78%
Elapsed time = 899.11 sec. (2646829.01 ticks, tree = 2264.10 MB, solutions = 52)
Nodefile size = 212.92 MB (47.66 MB after compression)
[runlim] sample:		1785.48 time, 900.01 real, 2428 MB, 2.23 load
 650764 460043      521.3333    68      528.0000      518.6000  8159045    1.78%
 651914 460472      527.0000    43      528.0000      518.6000  8165467    1.78%
 652766 461111      523.0000    57      528.0000      518.6000  8176663    1.78%
 653676 462215      525.0000    50      528.0000      518.6000  8195058    1.78%
 654766 462711      526.0000    58      528.0000      518.6000  8205756    1.78%
 655889 463141      527.6667    63      528.0000      518.6000  8212374    1.78%
 657042 464017      523.0000    44      528.0000      518.6000  8224140    1.78%
[runlim] sample:		1805.36 time, 910.01 real, 2439 MB, 2.19 load
 657953 464968      521.7500    56      528.0000      518.6000  8240719    1.78%
 658747 465659      525.0000    58      528.0000      518.6000  8251878    1.78%
 659815 466064      524.0000    69      528.0000      518.6000  8258374    1.78%
Elapsed time = 912.25 sec. (2684998.57 ticks, tree = 2297.31 MB, solutions = 52)
Nodefile size = 242.85 MB (54.45 MB after compression)
 660872 467427      526.0000    58      528.0000      518.6000  8281576    1.78%
 661937 468020      527.0000    84      528.0000      518.6000  8292802    1.78%
 662713 468313      520.5000    55      528.0000      518.6000  8296683    1.78%
 663673 469141      526.0000    40      528.0000      518.6000  8310201    1.78%
 664684 469631      527.0000    48      528.0000      518.6000  8317780    1.78%
[runlim] sample:		1825.25 time, 920.01 real, 2458 MB, 2.16 load
 665717 470688      522.6660    73      528.0000      518.6000  8334982    1.78%
 666608 471056      527.0000    60      528.0000      518.6000  8341554    1.78%
 667555 472338      526.0000    42      528.0000      518.6000  8365379    1.78%
 668652 472408      523.0000    64      528.0000      518.6000  8364143    1.78%
 669503 473347      519.3333    60      528.0000      518.6000  8381031    1.78%
Elapsed time = 925.60 sec. (2723174.49 ticks, tree = 2333.17 MB, solutions = 52)
Nodefile size = 280.77 MB (62.91 MB after compression)
 670544 474056      518.6000    68      528.0000      518.6000  8390912    1.78%
 671564 474620      518.6000    68      528.0000      518.6000  8401172    1.78%
[runlim] sample:		1845.13 time, 930.01 real, 2460 MB, 2.22 load
 672634 475551      527.0000    58      528.0000      518.6000  8413858    1.78%
 673300 475992      526.5000    56      528.0000      518.6000  8423141    1.78%
 674361 477048      526.0000    58      528.0000      518.6000  8441657    1.78%
 675298 477341      522.0000    75      528.0000      518.6000  8446829    1.78%
 676366 478260      521.0000    73      528.0000      518.6000  8462432    1.78%
 677459 478619      526.0000    62      528.0000      518.6000  8468886    1.78%
 678443 479939      518.6000    63      528.0000      518.6000  8497330    1.78%
 679521 480310      527.0000    52      528.0000      518.6000  8504139    1.78%
Elapsed time = 938.70 sec. (2761337.29 ticks, tree = 2367.27 MB, solutions = 52)
Nodefile size = 313.69 MB (70.21 MB after compression)
[runlim] sample:		1865.03 time, 940.01 real, 2468 MB, 2.19 load
 680312 480732      520.0000    61      528.0000      518.6000  8513135    1.78%
 681222 481757      526.0000    69      528.0000      518.6000  8533496    1.78%
 682273 482435      526.0000    60      528.0000      518.6000  8546038    1.78%
 683220 482892      524.0000    52      528.0000      518.6000  8555669    1.78%
 684358 483783      518.6000    57      528.0000      518.6000  8570352    1.78%
 685455 484228      523.0000    71      528.0000      518.6000  8577147    1.78%
 686531 484851    infeasible            528.0000      518.6000  8588148    1.78%
[runlim] sample:		1884.88 time, 950.01 real, 2479 MB, 2.16 load
 687557 485968      522.6660    76      528.0000      518.6000  8606522    1.78%
 688635 486400      525.0000    63      528.0000      518.6000  8612962    1.78%
 689536 487202      527.0000    68      528.0000      518.6000  8626603    1.78%
Elapsed time = 952.10 sec. (2799519.08 ticks, tree = 2401.07 MB, solutions = 52)
Nodefile size = 346.61 MB (77.60 MB after compression)
 690659 487775      527.0000    66      528.0000      518.6000  8635715    1.78%
 691725 488854      526.0000    70      528.0000      518.6000  8654041    1.78%
 692731 489274      524.0000    60      528.0000      518.6000  8660974    1.78%
 693534 490280      518.6000    60      528.0000      518.6000  8677464    1.78%
 694505 491073      524.0000    58      528.0000      518.6000  8691058    1.78%
[runlim] sample:		1904.77 time, 960.01 real, 2490 MB, 2.21 load
 695677 492074      519.7500    56      528.0000      518.6000  8706626    1.78%
 696815 492519      518.6000    59      528.0000      518.6000  8713120    1.78%
 697936 493718      518.6000    55      528.0000      518.6000  8731573    1.78%
 699000 494095      524.0000    53      528.0000      518.6000  8738636    1.78%
 699805 495130      526.0000    53      528.0000      518.6000  8754347    1.78%
Elapsed time = 965.60 sec. (2837679.77 ticks, tree = 2439.66 MB, solutions = 52)
Nodefile size = 387.49 MB (86.59 MB after compression)
 700858 495502      526.0000    63      528.0000      518.6000  8760945    1.78%
 701935 496122        cutoff            528.0000      518.6000  8770523    1.78%
[runlim] sample:		1924.66 time, 970.01 real, 2497 MB, 2.18 load
 703030 497109      526.0000    61      528.0000      518.6000  8787347    1.78%
 704117 497544      525.0000    52      528.0000      518.6000  8793963    1.78%
 705175 498316      527.0000    56      528.0000      518.6000  8809436    1.78%
 706020 498988      518.6000    58      528.0000      518.6000  8817736    1.78%
 706982 499799      522.0000    59      528.0000      518.6000  8833364    1.78%
 708072 500385      526.0000    74      528.0000      518.6000  8842963    1.78%
 709115 501382      524.0000    58      528.0000      518.6000  8859541    1.78%
 710226 502288      521.0000    69      528.0000      518.6000  8872803    1.78%
Elapsed time = 978.76 sec. (2875876.73 ticks, tree = 2474.77 MB, solutions = 52)
Nodefile size = 421.40 MB (93.99 MB after compression)
[runlim] sample:		1944.56 time, 980.01 real, 2520 MB, 2.15 load
 711016 503348      521.0000    62      528.0000      518.6000  8889068    1.78%
 712097 503192      525.0000    65      528.0000      518.6000  8888355    1.78%
 713136 504660      521.0000    54      528.0000      518.6000  8909142    1.78%
 714232 505275      525.0000    66      528.0000      518.6000  8919553    1.78%
 715245 505666      527.0000    56      528.0000      518.6000  8925817    1.78%
 716080 506803      527.0000    66      528.0000      518.6000  8944119    1.78%
 716930 507454      523.0000    52      528.0000      518.6000  8955597    1.78%
[runlim] sample:		1964.44 time, 990.01 real, 2529 MB, 2.13 load
 717976 507968      527.0000    59      528.0000      518.6000  8964571    1.78%
 719126 508830      523.0000    65      528.0000      518.6000  8977417    1.78%
 720017 509195      523.0000    64      528.0000      518.6000  8984021    1.78%
Elapsed time = 992.45 sec. (2914066.77 ticks, tree = 2508.57 MB, solutions = 52)
Nodefile size = 454.30 MB (101.09 MB after compression)
 720710 509716      518.6000    63      528.0000      518.6000  8992314    1.78%
 721773 510689      526.0000    63      528.0000      518.6000  9008851    1.78%
 722799 511067      525.0000    65      528.0000      518.6000  9014566    1.78%
 723902 512154      527.0000    60      528.0000      518.6000  9033155    1.78%
 724808 512560      527.0000    58      528.0000      518.6000  9039773    1.78%
[runlim] sample:		1984.34 time, 1000.01 real, 2542 MB, 2.11 load
 725775 513241      521.6667    71      528.0000      518.6000  9050438    1.78%
 726695 513914      527.0000    65      528.0000      518.6000  9062183    1.78%
 727605 514660      525.0000    58      528.0000      518.6000  9072842    1.78%
 728635 515654    infeasible            528.0000      518.6000  9089309    1.78%
 729799 516360      520.0000    60      528.0000      518.6000  9099981    1.78%
Elapsed time = 1005.42 sec. (2952250.68 ticks, tree = 2543.54 MB, solutions = 52)
Nodefile size = 491.19 MB (109.06 MB after compression)
 730969 517257      518.6000    53      528.0000      518.6000  9115434    1.78%
 731953 517592      527.0000    54      528.0000      518.6000  9123259    1.78%
[runlim] sample:		2004.20 time, 1010.01 real, 2556 MB, 2.09 load
 732647 518632        cutoff            528.0000      518.6000  9140042    1.78%
 733458 518972      518.6000    54      528.0000      518.6000  9148264    1.78%
 734512 519709      522.0000    49      528.0000      518.6000  9159116    1.78%
 735546 520354      527.0000    56      528.0000      518.6000  9175112    1.78%
 736566 520904        cutoff            528.0000      518.6000  9187058    1.78%
 737344 521762      518.6000    58      528.0000      518.6000  9204294    1.78%
 738101 522169      518.6000    56      528.0000      518.6000  9215539    1.78%
 739055 523211      518.6000    68      528.0000      518.6000  9238221    1.78%
Elapsed time = 1018.62 sec. (2990423.26 ticks, tree = 2577.67 MB, solutions = 52)
Nodefile size = 525.08 MB (116.11 MB after compression)
[runlim] sample:		2024.07 time, 1020.01 real, 2563 MB, 2.08 load
 740029 523929      526.0000    49      528.0000      518.6000  9250885    1.78%
 741167 524371      524.0000    73      528.0000      518.6000  9257352    1.78%
 742333 525376      523.0000    46      528.0000      518.6000  9275067    1.78%
 743391 526090      521.5000    63      528.0000      518.6000  9287927    1.78%
 744397 526948      527.0000    58      528.0000      518.6000  9300168    1.78%
 745188 527557      527.0000    52      528.0000      518.6000  9311080    1.78%
 746185 527968      527.0000    72      528.0000      518.6000  9317168    1.78%
[runlim] sample:		2043.96 time, 1030.01 real, 2564 MB, 2.06 load
 747321 529162      527.0000    40      528.0000      518.6000  9334906    1.78%
 748540 529622      527.0000    35      528.0000      518.6000  9341514    1.78%
 749634 530753      525.0000    61      528.0000      518.6000  9358852    1.78%
Elapsed time = 1032.17 sec. (3028631.49 ticks, tree = 2614.46 MB, solutions = 52)
Nodefile size = 560.98 MB (123.71 MB after compression)
 750718 531681      526.0000    83      528.0000      518.6000  9372404    1.78%
 751463 532292      526.0000    84      528.0000      518.6000  9382697    1.78%
 752604 532699      523.5000    55      528.0000      518.6000  9389438    1.78%
 753728 533828      523.0000    59      528.0000      518.6000  9405904    1.78%
 754953 534779      527.0000    64      528.0000      518.6000  9422185    1.78%
[runlim] sample:		2063.86 time, 1040.01 real, 2577 MB, 2.05 load
 755650 535074      526.5000    54      528.0000      518.6000  9426447    1.78%
 756699 535736      524.0000    60      528.0000      518.6000  9437529    1.78%
 757598 536906      523.0000    65      528.0000      518.6000  9455550    1.78%
 758647 537285      523.0000    76      528.0000      518.6000  9463074    1.78%
 759776 538005      525.0000    68      528.0000      518.6000  9474108    1.78%
Elapsed time = 1045.26 sec. (3066802.89 ticks, tree = 2649.97 MB, solutions = 52)
Nodefile size = 594.92 MB (130.93 MB after compression)
 760947 538783      527.0000    70      528.0000      518.6000  9486970    1.78%
 761941 539605      526.0000    57      528.0000      518.6000  9501824    1.78%
 762597 540306      526.0000    51      528.0000      518.6000  9512857    1.78%
[runlim] sample:		2083.76 time, 1050.01 real, 2589 MB, 2.05 load
 763389 541285      518.6000    69      528.0000      518.6000  9530283    1.78%
 764358 542045      527.3333    71      528.0000      518.6000  9545471    1.78%
 765547 542537      520.6667    59      528.0000      518.6000  9555132    1.78%
 766760 542998      524.0000    63      528.0000      518.6000  9562125    1.78%
 767681 544081      527.0000    63      528.0000      518.6000  9582628    1.78%
 768374 544874      525.3333    81      528.0000      518.6000  9595736    1.78%
 769168 545287      527.0000    64      528.0000      518.6000  9609546    1.78%
Elapsed time = 1058.56 sec. (3104979.57 ticks, tree = 2685.75 MB, solutions = 52)
Nodefile size = 633.83 MB (138.98 MB after compression)
[runlim] sample:		2103.65 time, 1060.01 real, 2596 MB, 2.11 load
 769978 545607      526.0000    61      528.0000      518.6000  9616640    1.78%
 770860 546498      527.0000    53      528.0000      518.6000  9630892    1.78%
 771992 547239      518.6000    71      528.0000      518.6000  9645043    1.78%
 772965 547637      521.9757    67      528.0000      518.6000  9651328    1.78%
 773931 548804      526.0000    57      528.0000      518.6000  9669819    1.78%
 774961 549188      525.0000    56      528.0000      518.6000  9675527    1.78%
 775995 549782      522.0000    54      528.0000      518.6000  9686986    1.78%
 776763 550570      526.0000    49      528.0000      518.6000  9699539    1.78%
[runlim] sample:		2123.49 time, 1070.01 real, 2602 MB, 2.09 load
 777770 551146      521.0000    76      528.0000      518.6000  9709874    1.78%
 778930 552211      525.0000    66      528.0000      518.6000  9728337    1.78%
Elapsed time = 1071.69 sec. (3143193.72 ticks, tree = 2719.97 MB, solutions = 52)
Nodefile size = 668.46 MB (146.45 MB after compression)
 779787 552591      521.2500    77      528.0000      518.6000  9735977    1.78%
 780842 553444      518.6000    57      528.0000      518.6000  9748947    1.78%
 781932 554130      518.6000    56      528.0000      518.6000  9761445    1.78%
 783016 555248      518.6000    60      528.0000      518.6000  9782730    1.78%
 784123 556037      526.0000    70      528.0000      518.6000  9798067    1.78%
 785118 556416      518.6000    53      528.0000      518.6000  9803354    1.78%
[runlim] sample:		2143.39 time, 1080.01 real, 2609 MB, 2.08 load
 786113 557156      527.0000    57      528.0000      518.6000  9815385    1.78%
 787161 557562      525.0000    55      528.0000      518.6000  9822757    1.78%
 788203 558740      526.0000    55      528.0000      518.6000  9841778    1.78%
 788987 559474      525.0000    59      528.0000      518.6000  9855121    1.78%
Elapsed time = 1084.61 sec. (3181377.51 ticks, tree = 2755.97 MB, solutions = 52)
Nodefile size = 703.06 MB (154.01 MB after compression)
 789826 559862      526.0000    68      528.0000      518.6000  9862092    1.78%
 791060 560581      523.0000    52      528.0000      518.6000  9870736    1.78%
 792145 561451      524.0000    53      528.0000      518.6000  9888541    1.78%
[runlim] sample:		2163.28 time, 1090.01 real, 2622 MB, 2.14 load
 793167 562554      526.0000    42      528.0000      518.6000  9905397    1.78%
 794195 563176      518.6000    59      528.0000      518.6000  9917640    1.78%
 795117 563568      522.0000    65      528.0000      518.6000  9923809    1.78%
 796113 564475      526.0000    59      528.0000      518.6000  9936701    1.78%
 797319 565244      526.0000    60      528.0000      518.6000  9948211    1.78%
 798139 565565      524.0000    70      528.0000      518.6000  9952539    1.78%
 799172 566709      524.0000    60      528.0000      518.6000  9970145    1.78%
Elapsed time = 1098.09 sec. (3219591.64 ticks, tree = 2791.33 MB, solutions = 52)
Nodefile size = 737.97 MB (161.74 MB after compression)
 800252 567111    infeasible            528.0000      518.6000  9976992    1.78%
[runlim] sample:		2183.18 time, 1100.01 real, 2631 MB, 2.12 load
 801239 568234      518.6000    55      528.0000      518.6000  9994603    1.78%
 802361 568631      527.0000    60      528.0000      518.6000 10001374    1.78%
 803569 570415      524.0000    51      528.0000      518.6000 10033535    1.78%
 804797 570205      518.6000    57      528.0000      518.6000 10029864    1.78%
 805503 571332      527.0000    54      528.0000      518.6000 10049046    1.78%
 806479 571684        cutoff            528.0000      518.6000 10056408    1.78%
 807428 572628      524.0000    65      528.0000      518.6000 10072707    1.78%
[runlim] sample:		2203.07 time, 1110.01 real, 2641 MB, 2.10 load
 808490 573686      527.0000    56      528.0000      518.6000 10092775    1.78%
 809570 574231      523.0000    61      528.0000      518.6000 10103550    1.78%
Elapsed time = 1111.16 sec. (3257766.84 ticks, tree = 2828.51 MB, solutions = 52)
Nodefile size = 775.88 MB (170.26 MB after compression)
 810802 574672      526.0000    66      528.0000      518.6000 10110424    1.78%
 811627 575595      526.0000    58      528.0000      518.6000 10126232    1.78%
 812531 576219      518.6000    56      528.0000      518.6000 10137026    1.78%
 813480 577317      518.6667    61      528.0000      518.6000 10156488    1.78%
 814334 578130      518.6000    56      528.0000      518.6000 10170524    1.78%
[runlim] sample:		2222.97 time, 1120.01 real, 2661 MB, 2.08 load
 815327 578100      525.0000    64      528.0000      518.6000 10168094    1.78%
 816529 579174      526.0000    52      528.0000      518.6000 10185428    1.78%
 817691 579593      518.6000    68      528.0000      518.6000 10191865    1.78%
 818541 580651      527.0000    68      528.0000      518.6000 10210678    1.78%
 819450 581696      523.0000    46      528.0000      518.6000 10226958    1.78%
Elapsed time = 1124.85 sec. (3295992.94 ticks, tree = 2865.15 MB, solutions = 52)
Nodefile size = 811.78 MB (178.28 MB after compression)
 820392 582338      518.6000    68      528.0000      518.6000 10235896    1.78%
 821313 583204      519.0000    68      528.0000      518.6000 10250117    1.78%
 822354 583554      523.0000    59      528.0000      518.6000 10256834    1.78%
[runlim] sample:		2242.82 time, 1130.01 real, 2668 MB, 2.07 load
 823606 584131      526.0000    56      528.0000      518.6000 10263916    1.78%
 824666 585258      527.0000    78      528.0000      518.6000 10283767    1.78%
 825231 586136      526.0000    65      528.0000      518.6000 10297557    1.78%
 826205 586726      518.6000    64      528.0000      518.6000 10308861    1.78%
 827285 587555      518.6000    57      528.0000      518.6000 10323024    1.78%
 828247 587952      523.0000    62      528.0000      518.6000 10329562    1.78%
 829394 588477      526.0000    57      528.0000      518.6000 10336788    1.78%
Elapsed time = 1138.00 sec. (3334187.09 ticks, tree = 2898.34 MB, solutions = 52)
Nodefile size = 844.70 MB (185.65 MB after compression)
 830546 589581      526.0000    62      528.0000      518.6000 10353628    1.78%
[runlim] sample:		2262.70 time, 1140.01 real, 2677 MB, 2.06 load
 831544 590915      526.0000    60      528.0000      518.6000 10373358    1.78%
 832588 590556      518.6000    62      528.0000      518.6000 10369658    1.78%
 833418 592656      518.6000    57      528.0000      518.6000 10398368    1.78%
 834139 592894      519.0000    62      528.0000      518.6000 10401552    1.78%
 835149 593341      525.0000    63      528.0000      518.6000 10412763    1.78%
 836334 594325      527.0000    60      528.0000      518.6000 10426144    1.78%
 837387 594931      525.0000    71      528.0000      518.6000 10435637    1.78%
[runlim] sample:		2282.60 time, 1150.01 real, 2696 MB, 2.05 load
 838445 596044      527.0000    62      528.0000      518.6000 10452347    1.78%
 839576 595800      518.6000    58      528.0000      518.6000 10448800    1.78%
Elapsed time = 1150.87 sec. (3372357.83 ticks, tree = 2933.78 MB, solutions = 52)
Nodefile size = 877.62 MB (193.08 MB after compression)
 840339 597663      526.0000    58      528.0000      518.6000 10476591    1.78%
 841394 597449      527.0000    56      528.0000      518.6000 10473954    1.78%
 842321 598615      525.0000    78      528.0000      518.6000 10491828    1.78%
 843519 599053      524.0000    54      528.0000      518.6000 10498469    1.78%
 844519 600136      525.0000    67      528.0000      518.6000 10516841    1.78%
 845635 600602      522.0000    70      528.0000      518.6000 10523172    1.78%
[runlim] sample:		2302.50 time, 1160.01 real, 2696 MB, 2.04 load
 846637 601922      522.0000    58      528.0000      518.6000 10543385    1.78%
 847498 602801      518.6000    77      528.0000      518.6000 10559196    1.78%
 848480 603413      527.0000    59      528.0000      518.6000 10569430    1.78%
 849686 604441      520.0000    71      528.0000      518.6000 10584111    1.78%
Elapsed time = 1164.29 sec. (3410793.61 ticks, tree = 2975.95 MB, solutions = 52)
Nodefile size = 922.52 MB (203.11 MB after compression)
 850836 604883      525.0000    66      528.0000      518.6000 10589794    1.78%
 851909 605499      526.0000    66      528.0000      518.6000 10600239    1.78%
 852952 605904      527.0000    57      528.0000      518.6000 10606826    1.78%
[runlim] sample:		2322.39 time, 1170.01 real, 2710 MB, 2.04 load
 853609 607080      527.0000    39      528.0000      518.6000 10624077    1.78%
 854662 608131      518.6000    58      528.0000      518.6000 10643551    1.78%
 855633 608561      518.6000    71      528.0000      518.6000 10650166    1.78%
 856780 609535      518.6000    59      528.0000      518.6000 10666291    1.78%
 857875 609909      526.0000    39      528.0000      518.6000 10673331    1.78%
 858898 611175      527.0000    34      528.0000      518.6000 10694815    1.78%
 859959 611544      518.6000    68      528.0000      518.6000 10702012    1.78%
Elapsed time = 1177.38 sec. (3448983.18 ticks, tree = 3010.74 MB, solutions = 52)
Nodefile size = 955.45 MB (210.52 MB after compression)
 860907 612267      518.6000    57      528.0000      518.6000 10710975    1.78%
[runlim] sample:		2342.29 time, 1180.01 real, 2723 MB, 2.11 load
 861786 612582      518.6000    57      528.0000      518.6000 10714932    1.78%
 862945 614392      526.0000    48      528.0000      518.6000 10744885    1.78%
 864131 614339      525.0000    48      528.0000      518.6000 10742654    1.78%
 865040 615401      525.0000    63      528.0000      518.6000 10758769    1.78%
 866106 615852      527.0000    63      528.0000      518.6000 10765474    1.78%
 867135 617198      527.0000    61      528.0000      518.6000 10785475    1.78%
 868185 618271      526.0000    60      528.0000      518.6000 10804617    1.78%
 869126 618034        cutoff            528.0000      518.6000 10798272    1.78%
[runlim] sample:		2362.14 time, 1190.01 real, 2739 MB, 2.09 load
 869942 619123      526.0000    61      528.0000      518.6000 10817506    1.78%
Elapsed time = 1190.87 sec. (3487193.38 ticks, tree = 3047.57 MB, solutions = 52)
Nodefile size = 994.36 MB (219.14 MB after compression)
 871036 619550      518.6000    58      528.0000      518.6000 10823576    1.78%
 871819 620576      527.0000    69      528.0000      518.6000 10841338    1.78%
 872875 620974      518.6000    62      528.0000      518.6000 10847347    1.78%
 873976 622154      526.0000    48      528.0000      518.6000 10865842    1.78%
 875089 623329      527.0000    64      528.0000      518.6000 10882742    1.78%
 876151 623792      520.5000    69      528.0000      518.6000 10892745    1.78%
[runlim] sample:		2382.03 time, 1200.01 real, 2748 MB, 2.08 load
 876894 624896      524.0000    65      528.0000      518.6000 10907212    1.78%
 877947 625254      518.6000    68      528.0000      518.6000 10913193    1.78%
 878935 626452      525.2500    60      528.0000      518.6000 10931419    1.78%
 879935 626791    infeasible            528.0000      518.6000 10937609    1.78%
Elapsed time = 1203.43 sec. (3525369.89 ticks, tree = 3084.99 MB, solutions = 52)
Nodefile size = 1030.26 MB (227.21 MB after compression)
 880770 628012      518.6000    59      528.0000      518.6000 10956429    1.78%
 881619 627590      525.0000    73      528.0000      518.6000 10950057    1.78%
 882666 628644      525.0000    72      528.0000      518.6000 10966130    1.78%
 883602 629778      526.0000    55      528.0000      518.6000 10984307    1.78%
[runlim] sample:		2401.92 time, 1210.01 real, 2756 MB, 2.15 load
 884682 629485      527.0000    59      528.0000      518.6000 10979423    1.78%
 885675 630621      522.0000    61      528.0000      518.6000 10996844    1.78%
 886712 631705      527.0000    48      528.0000      518.6000 11014347    1.78%
 887698 632947      527.0000    65      528.0000      518.6000 11035760    1.78%
 888821 632687      526.0000    47      528.0000      518.6000 11029662    1.78%
[runlim] sample:		2421.82 time, 1220.01 real, 2764 MB, 2.12 load
 892594 636717      525.0000    51      528.0000      518.6000 11093254    1.78%
Elapsed time = 1221.40 sec. (3574998.56 ticks, tree = 3133.31 MB, solutions = 52)
Nodefile size = 1080.13 MB (238.40 MB after compression)
 897115 639439      526.0000    60      528.0000      518.6000 11134637    1.78%
[runlim] sample:		2441.71 time, 1230.01 real, 2770 MB, 2.10 load
 900944 642626      518.6000    62      528.0000      518.6000 11180559    1.78%
 905149 645426      523.0000    58      528.0000      518.6000 11222840    1.78%
[runlim] sample:		2461.60 time, 1240.01 real, 2783 MB, 2.09 load
 908936 648618      527.0000    70      528.0000      518.6000 11272724    1.78%
 913461 651133      518.6000    63      528.0000      518.6000 11311876    1.78%
[runlim] sample:		2481.44 time, 1250.01 real, 2800 MB, 2.07 load
 917424 655280      527.0000    57      528.0000      518.6000 11374489    1.78%
 921751 658009      525.0000    58      528.0000      518.6000 11415168    1.78%
[runlim] sample:		2501.34 time, 1260.01 real, 2809 MB, 2.06 load
 925491 661229      526.0000    70      528.0000      518.6000 11464931    1.78%
 929957 664635      525.0000    79      528.0000      518.6000 11517074    1.78%
[runlim] sample:		2521.23 time, 1270.01 real, 2823 MB, 2.05 load
 933654 667827      524.0000    66      528.0000      518.6000 11568362    1.78%
Elapsed time = 1273.89 sec. (3727631.48 ticks, tree = 3285.08 MB, solutions = 52)
Nodefile size = 1231.78 MB (271.70 MB after compression)
 937726 670104      525.0000    69      528.0000      518.6000 11603693    1.78%
[runlim] sample:		2541.13 time, 1280.01 real, 2836 MB, 2.04 load
 941559 672614      526.0000    74      528.0000      518.6000 11643107    1.78%
[runlim] sample:		2561.01 time, 1290.01 real, 2838 MB, 2.04 load
 945569 675950      519.5000    57      528.0000      518.6000 11697117    1.78%
 949713 678902      527.0000    70      528.0000      518.6000 11745734    1.78%
[runlim] sample:		2579.51 time, 1300.01 real, 2854 MB, 2.03 load
 953500 681314      523.0000    65      528.0000      518.6000 11786480    1.78%
 957606 685103      518.6000    59      528.0000      518.6000 11855104    1.78%
[runlim] sample:		2599.08 time, 1310.01 real, 2863 MB, 2.10 load
 961725 688381      524.0000    70      528.0000      518.6000 11913522    1.78%
 965696 689783      527.0000    46      528.0000      518.6000 11939711    1.78%
[runlim] sample:		2618.95 time, 1320.01 real, 2871 MB, 2.08 load
 969548 692982      527.0000    58      528.0000      518.6000 11992579    1.78%
 973704 697002      526.0000    57      528.0000      518.6000 12060759    1.78%
Elapsed time = 1327.37 sec. (3880258.75 ticks, tree = 3429.34 MB, solutions = 52)
Nodefile size = 1376.42 MB (302.35 MB after compression)
[runlim] sample:		2638.84 time, 1330.01 real, 2882 MB, 2.14 load
 978019 699724      524.0000    56      528.0000      518.6000 12102739    1.78%
 981978 701898      526.0000    54      528.0000      518.6000 12140474    1.78%
[runlim] sample:		2658.73 time, 1340.01 real, 2890 MB, 2.20 load
 986156 706027      526.0000    56      528.0000      518.6000 12208896    1.78%
*987679+706234                          526.0000      518.6000             1.41%
 989890 426784      518.6000    58      526.0000      518.6000 12248310    1.41%
[runlim] sample:		2678.62 time, 1350.01 real, 2892 MB, 2.17 load
 993655 429291      518.6000    69      526.0000      518.6000 12296275    1.41%
 997594 432175      524.0000    58      526.0000      518.6000 12349809    1.41%
[runlim] sample:		2698.50 time, 1360.01 real, 2892 MB, 2.14 load
 1001537 435165      525.0000    54      526.0000      518.6000 12400892    1.41%
 1005318 437192      525.0000    63      526.0000      518.6000 12441900    1.41%
[runlim] sample:		2718.37 time, 1370.01 real, 2892 MB, 2.12 load
 1009367 440086      524.0000    57      526.0000      518.6000 12494776    1.41%
[runlim] sample:		2738.25 time, 1380.01 real, 2892 MB, 2.10 load
 1013534 443128      518.6000    56      526.0000      518.6000 12546738    1.41%
Elapsed time = 1379.70 sec. (4032929.37 ticks, tree = 2156.76 MB, solutions = 53)
Nodefile size = 102.73 MB (23.57 MB after compression)
 1017666 445474      518.6000    68      526.0000      518.6000 12587402    1.41%
[runlim] sample:		2758.15 time, 1390.01 real, 2892 MB, 2.08 load
 1021344 447472      524.5000    52      526.0000      518.6000 12628350    1.41%
 1025509 450343      522.0000    61      526.0000      518.6000 12688072    1.41%
[runlim] sample:		2778.06 time, 1400.01 real, 2892 MB, 2.07 load
 1029380 453277      524.0000    49      526.0000      518.6000 12740768    1.41%
 1033608 455547      518.6000    69      526.0000      518.6000 12783018    1.41%
[runlim] sample:		2797.95 time, 1410.01 real, 2892 MB, 2.06 load
 1037414 458644      525.0000    57      526.0000      518.6000 12834497    1.41%
 1041630 461875      525.0000    70      526.0000      518.6000 12891244    1.41%
[runlim] sample:		2817.85 time, 1420.01 real, 2892 MB, 2.05 load
 1045696 465061        cutoff            526.0000      518.6000 12941876    1.41%
 1049595 467338      518.6000    72      526.0000      518.6000 12981823    1.41%
[runlim] sample:		2837.69 time, 1430.01 real, 2892 MB, 2.12 load
 1053310 471009      525.0000    67      526.0000      518.6000 13045509    1.41%
Elapsed time = 1432.25 sec. (4185553.27 ticks, tree = 2292.92 MB, solutions = 53)
Nodefile size = 239.37 MB (55.83 MB after compression)
 1057396 474054      519.2500    60      526.0000      518.6000 13098787    1.41%
[runlim] sample:		2857.59 time, 1440.01 real, 2892 MB, 2.10 load
 1061209 476330      525.0000    63      526.0000      518.6000 13139504    1.41%
 1064900 479077      524.0000    67      526.0000      518.6000 13188499    1.41%
[runlim] sample:		2877.48 time, 1450.01 real, 2892 MB, 2.09 load
 1069079 481494      518.6000    55      526.0000      518.6000 13233648    1.41%
 1072973 484456      524.6667    61      526.0000      518.6000 13285737    1.41%
[runlim] sample:		2897.37 time, 1460.01 real, 2892 MB, 2.15 load
 1077189 487320      518.6000    60      526.0000      518.6000 13340038    1.41%
 1081042 490340      518.6000    64      526.0000      518.6000 13394547    1.41%
[runlim] sample:		2917.25 time, 1470.01 real, 2892 MB, 2.13 load
 1085064 493494      523.0000    64      526.0000      518.6000 13452027    1.41%
 1089057 494959      523.0000    59      526.0000      518.6000 13479279    1.41%
[runlim] sample:		2937.15 time, 1480.01 real, 2892 MB, 2.11 load
 1093251 498039      525.0000    58      526.0000      518.6000 13535460    1.41%
Elapsed time = 1484.67 sec. (4338177.94 ticks, tree = 2425.48 MB, solutions = 53)
Nodefile size = 370.04 MB (86.30 MB after compression)
[runlim] sample:		2957.01 time, 1490.01 real, 2892 MB, 2.09 load
 1097204 500840      522.7500    71      526.0000      518.6000 13587108    1.41%
 1101308 503869    infeasible            526.0000      518.6000 13642307    1.41%
[runlim] sample:		2976.90 time, 1500.01 real, 2892 MB, 2.08 load
 1105297 506848      518.6000    66      526.0000      518.6000 13694148    1.41%
 1109280 509912      525.0000    64      526.0000      518.6000 13747595    1.41%
[runlim] sample:		2996.79 time, 1510.01 real, 2892 MB, 2.06 load
 1113190 511998      524.0000    53      526.0000      518.6000 13786519    1.41%
 1117315 514365      523.0000    65      526.0000      518.6000 13826963    1.41%
[runlim] sample:		3016.68 time, 1520.01 real, 2892 MB, 2.05 load
 1121001 517170      525.0000    77      526.0000      518.6000 13879620    1.41%
 1124992 519908      525.0000    56      526.0000      518.6000 13930160    1.41%
[runlim] sample:		3036.57 time, 1530.01 real, 2892 MB, 2.05 load
 1128804 522725      522.0000    57      526.0000      518.6000 13982801    1.41%
 1132977 525744      523.0000    72      526.0000      518.6000 14037614    1.41%
Elapsed time = 1536.77 sec. (4490795.45 ticks, tree = 2560.76 MB, solutions = 53)
Nodefile size = 506.67 MB (118.42 MB after compression)
[runlim] sample:		3056.47 time, 1540.01 real, 2892 MB, 2.12 load
 1136932 528761      521.3333    73      526.0000      518.6000 14092232    1.41%
 1140990 532036        cutoff            526.0000      518.6000 14148576    1.41%
[runlim] sample:		3076.32 time, 1550.01 real, 2892 MB, 2.10 load
 1145153 533511      525.0000    48      526.0000      518.6000 14172757    1.41%
 1149229 537299      524.0000    63      526.0000      518.6000 14244250    1.41%
[runlim] sample:		3096.21 time, 1560.01 real, 2892 MB, 2.16 load
 1153415 539372      518.6000    71      526.0000      518.6000 14285659    1.41%
 1157243 542233      525.0000    70      526.0000      518.6000 14340330    1.41%
[runlim] sample:		3116.10 time, 1570.01 real, 2892 MB, 2.13 load
 1161557 545156      518.6000    64      526.0000      518.6000 14397725    1.41%
 1165445 547307      520.0000    57      526.0000      518.6000 14436022    1.41%
[runlim] sample:		3135.97 time, 1580.01 real, 2892 MB, 2.11 load
 1169424 551092      525.0000    57      526.0000      518.6000 14505430    1.41%
 1173424 553287      522.0000    72      526.0000      518.6000 14542542    1.41%
Elapsed time = 1589.00 sec. (4643444.73 ticks, tree = 2695.84 MB, solutions = 53)
Nodefile size = 640.35 MB (148.69 MB after compression)
[runlim] sample:		3155.87 time, 1590.01 real, 2892 MB, 2.25 load
 1177553 556385      521.0000    52      526.0000      518.6000 14595349    1.41%
 1181276 559278      521.6667    68      526.0000      518.6000 14646416    1.41%
[runlim] sample:		3175.77 time, 1600.01 real, 2892 MB, 2.21 load
 1185196 561209      524.0000    62      526.0000      518.6000 14686667    1.41%
[runlim] sample:		3195.63 time, 1610.01 real, 2892 MB, 2.18 load
 1189069 563320      518.6000    57      526.0000      518.6000 14727319    1.41%
 1192829 566167      522.0000    55      526.0000      518.6000 14783234    1.41%
[runlim] sample:		3215.52 time, 1620.01 real, 2892 MB, 2.15 load
 1196951 569221      525.0000    37      526.0000      518.6000 14837375    1.41%
 1200789 572322      518.6000    57      526.0000      518.6000 14889783    1.41%
[runlim] sample:		3235.41 time, 1630.01 real, 2892 MB, 2.13 load
 1204903 575219      525.5000    64      526.0000      518.6000 14945621    1.41%
 1208722 577606      518.6000    68      526.0000      518.6000 14987321    1.41%
[runlim] sample:		3255.31 time, 1640.01 real, 2892 MB, 2.11 load
 1213082 580717      524.0000    83      526.0000      518.6000 15043113    1.41%
Elapsed time = 1641.05 sec. (4796069.14 ticks, tree = 2830.27 MB, solutions = 53)
Nodefile size = 773.68 MB (178.63 MB after compression)
 1217057 583711      525.0000    37      526.0000      518.6000 15103164    1.41%
[runlim] sample:		3275.21 time, 1650.01 real, 2892 MB, 2.09 load
 1220901 586629      520.2500    59      526.0000      518.6000 15158476    1.41%
 1225308 589035      525.0000    60      526.0000      518.6000 15202359    1.41%
[runlim] sample:		3295.11 time, 1660.01 real, 2892 MB, 2.08 load
 1228950 591226      522.0000    58      526.0000      518.6000 15239449    1.41%
 1233416 595286      524.0000    59      526.0000      518.6000 15308567    1.41%
[runlim] sample:		3314.94 time, 1670.01 real, 2892 MB, 2.06 load
 1237224 597409      518.6000    63      526.0000      518.6000 15350114    1.41%
 1241512 600540      518.6000    55      526.0000      518.6000 15403484    1.41%
[runlim] sample:		3334.82 time, 1680.01 real, 2892 MB, 2.13 load
 1245021 602922      523.0000    64      526.0000      518.6000 15443593    1.41%
 1249172 607015      525.0000    39      526.0000      518.6000 15505348    1.41%
[runlim] sample:		3354.71 time, 1690.01 real, 2892 MB, 2.11 load
 1253248 610530      523.0000    60      526.0000      518.6000 15558337    1.41%
Elapsed time = 1693.41 sec. (4948678.47 ticks, tree = 2975.62 MB, solutions = 53)
Nodefile size = 923.31 MB (212.95 MB after compression)
 1257255 612052      525.0000    60      526.0000      518.6000 15582233    1.41%
[runlim] sample:		3374.61 time, 1700.01 real, 2892 MB, 2.10 load
 1261278 615299      523.0000    61      526.0000      518.6000 15632327    1.41%
 1265510 619537      524.0000    56      526.0000      518.6000 15699668    1.41%
[runlim] sample:		3394.50 time, 1710.01 real, 2892 MB, 2.16 load
 1269421 621058      522.0872    64      526.0000      518.6000 15724023    1.41%
 1273617 624352      525.0000    64      526.0000      518.6000 15776564    1.41%
[runlim] sample:		3414.39 time, 1720.01 real, 2892 MB, 2.14 load
 1277492 627549      525.0000    71      526.0000      518.6000 15828716    1.41%
[runlim] sample:		3434.27 time, 1730.01 real, 2892 MB, 2.11 load
 1281858 631038      525.0000    69      526.0000      518.6000 15882360    1.41%
 1285800 633397      518.6000    60      526.0000      518.6000 15918935    1.41%
[runlim] sample:		3454.17 time, 1740.01 real, 2892 MB, 2.10 load
 1290101 636909      525.0000    42      526.0000      518.6000 15970791    1.41%
 1294123 641100      518.6000    61      526.0000      518.6000 16035511    1.41%
Elapsed time = 1745.54 sec. (5101287.44 ticks, tree = 3122.64 MB, solutions = 53)
Nodefile size = 1069.98 MB (245.98 MB after compression)
[runlim] sample:		3474.05 time, 1750.01 real, 2892 MB, 2.08 load
 1298331 643622      518.6000    62      526.0000      518.6000 16074792    1.41%
 1302114 646013      524.0000    56      526.0000      518.6000 16112665    1.41%
[runlim] sample:		3493.95 time, 1760.01 real, 2892 MB, 2.07 load
 1306439 650041      525.0000    69      526.0000      518.6000 16175042    1.41%
 1310156 652460      525.0000    76      526.0000      518.6000 16211820    1.41%
[runlim] sample:		3513.84 time, 1770.01 real, 2898 MB, 2.06 load
 1314406 655637      525.0000    79      526.0000      518.6000 16260610    1.41%
 1317906 658086      523.0000    54      526.0000      518.6000 16297999    1.41%
[runlim] sample:		3533.74 time, 1780.01 real, 2902 MB, 2.05 load
 1322054 661323      518.6000    61      526.0000      518.6000 16349883    1.41%
 1326024 664711      525.0000    64      526.0000      518.6000 16404285    1.41%
[runlim] sample:		3553.57 time, 1790.01 real, 2913 MB, 2.04 load
 1330382 667019      524.0000    63      526.0000      518.6000 16440074    1.41%
 1334434 670547      525.0000    53      526.0000      518.6000 16495083    1.41%
Elapsed time = 1798.31 sec. (5253903.66 ticks, tree = 3264.64 MB, solutions = 53)
Nodefile size = 1210.65 MB (277.30 MB after compression)
[runlim] sample:		3573.45 time, 1800.01 real, 2924 MB, 2.03 load
 1338706 673847      521.0000    70      526.0000      518.6000 16548858    1.41%
 1343125 677163      523.0000    59      526.0000      518.6000 16598916    1.41%
[runlim] sample:		3593.33 time, 1810.01 real, 2938 MB, 2.10 load
 1347052 680340      521.5000    68      526.0000      518.6000 16647688    1.41%
 1351474 682776      518.6000    55      526.0000      518.6000 16690469    1.41%
[runlim] sample:		3613.23 time, 1820.01 real, 2952 MB, 2.08 load
 1355405 686519      520.0000    63      526.0000      518.6000 16748572    1.41%
[runlim] sample:		3633.14 time, 1830.01 real, 2965 MB, 2.07 load
 1359729 688940      525.0000    34      526.0000      518.6000 16787422    1.41%
 1363676 692802      518.6000    73      526.0000      518.6000 16846632    1.41%
[runlim] sample:		3653.03 time, 1840.01 real, 2974 MB, 2.13 load
 1367950 695367      523.0000    58      526.0000      518.6000 16890422    1.41%
 1371805 698461      525.0000    58      526.0000      518.6000 16941338    1.41%
[runlim] sample:		3672.88 time, 1850.01 real, 2987 MB, 2.11 load
 1376216 701299      522.0000    55      526.0000      518.6000 16991310    1.41%
Elapsed time = 1850.94 sec. (5406527.95 ticks, tree = 3413.95 MB, solutions = 53)
Nodefile size = 1357.30 MB (309.58 MB after compression)
 1379741 704301      518.6000    61      526.0000      518.6000 17040961    1.41%
[runlim] sample:		3692.78 time, 1860.01 real, 3000 MB, 2.10 load
 1384165 707420    infeasible            526.0000      518.6000 17095422    1.41%
 1387961 710198      524.0000    56      526.0000      518.6000 17141279    1.41%
[runlim] sample:		3712.67 time, 1870.01 real, 3007 MB, 2.08 load
 1392067 712658      524.0000    53      526.0000      518.6000 17178405    1.41%
 1396118 715690      525.0000    62      526.0000      518.6000 17230495    1.41%
[runlim] sample:		3732.57 time, 1880.01 real, 3017 MB, 2.07 load
 1400157 718327      525.0000    52      526.0000      518.6000 17273495    1.41%
 1404153 721595      519.2500    56      526.0000      518.6000 17328567    1.41%
[runlim] sample:		3752.46 time, 1890.01 real, 3027 MB, 2.06 load
 1408353 723839      525.0000    51      526.0000      518.6000 17366224    1.41%
[runlim] sample:		3770.89 time, 1900.02 real, 3036 MB, 2.05 load
 1412346 727915      523.0000    61      526.0000      518.6000 17434592    1.41%
 1416482 730122      525.0000    55      526.0000      518.6000 17475680    1.41%
Elapsed time = 1904.70 sec. (5559149.60 ticks, tree = 3554.06 MB, solutions = 53)
Nodefile size = 1499.94 MB (340.83 MB after compression)
[runlim] sample:		3790.49 time, 1910.01 real, 3045 MB, 2.04 load
 1420566 733573      518.6000    78      526.0000      518.6000 17532918    1.41%
 1424659 735831        cutoff            526.0000      518.6000 17571499    1.41%
[runlim] sample:		3810.39 time, 1920.01 real, 3058 MB, 2.03 load
 1428614 739295      523.0000    56      526.0000      518.6000 17628886    1.41%
 1432852 742172      525.0000    67      526.0000      518.6000 17675701    1.41%
[runlim] sample:		3830.27 time, 1930.01 real, 3077 MB, 2.11 load
 1436819 745713      524.0000    59      526.0000      518.6000 17724882    1.41%
 1441153 749385      518.6000    60      526.0000      518.6000 17776427    1.41%
[runlim] sample:		3850.16 time, 1940.01 real, 3083 MB, 2.09 load
 1445545 752418      525.0000    61      526.0000      518.6000 17821143    1.41%
 1449534 755791      524.0000    63      526.0000      518.6000 17869404    1.41%
[runlim] sample:		3870.06 time, 1950.01 real, 3098 MB, 2.08 load
 1454155 758625      518.6000    68      526.0000      518.6000 17909727    1.41%
 1458188 762136      525.0000    69      526.0000      518.6000 17961521    1.41%
Elapsed time = 1957.04 sec. (5711782.86 ticks, tree = 3707.35 MB, solutions = 53)
Nodefile size = 1652.32 MB (372.84 MB after compression)
[runlim] sample:		3889.96 time, 1960.01 real, 3106 MB, 2.15 load
 1462259 765688      518.6000    56      526.0000      518.6000 18014912    1.41%
 1466565 769245      525.0000    53      526.0000      518.6000 18069302    1.41%
[runlim] sample:		3909.82 time, 1970.01 real, 3107 MB, 2.12 load
 1470526 771615      524.0000    57      526.0000      518.6000 18104720    1.41%
 1475040 776046      523.0000    61      526.0000      518.6000 18168078    1.41%
[runlim] sample:		3929.70 time, 1980.01 real, 3122 MB, 2.10 load
 1478784 778433        cutoff            526.0000      518.6000 18204641    1.41%
 1483367 781224      518.6000    57      526.0000      518.6000 18245482    1.41%
[runlim] sample:		3949.59 time, 1990.01 real, 3138 MB, 2.09 load
 1487143 785492      523.0000    54      526.0000      518.6000 18308362    1.41%
[runlim] sample:		3969.49 time, 2000.01 real, 3158 MB, 2.07 load
 1491670 789133      518.6000    57      526.0000      518.6000 18362049    1.41%
 1495695 791690      525.0000    57      526.0000      518.6000 18400533    1.41%
[runlim] sample:		3989.38 time, 2010.01 real, 3166 MB, 2.06 load
 1500106 795191      525.0000    52      526.0000      518.6000 18451251    1.41%
Elapsed time = 2010.30 sec. (5864393.27 ticks, tree = 3864.69 MB, solutions = 53)
Nodefile size = 1809.67 MB (405.26 MB after compression)
 1504239 798079      524.0000    57      526.0000      518.6000 18492358    1.41%
[runlim] sample:		4009.28 time, 2020.01 real, 3167 MB, 2.05 load
 1508477 801286      524.0000    67      526.0000      518.6000 18541682    1.41%
 1512632 804946      524.0000    58      526.0000      518.6000 18596411    1.41%
[runlim] sample:		4029.13 time, 2030.01 real, 3187 MB, 2.04 load
 1517146 807999      519.7500    55      526.0000      518.6000 18641834    1.41%
 1521262 812365      522.0000    59      526.0000      518.6000 18705234    1.41%
[runlim] sample:		4049.01 time, 2040.01 real, 3202 MB, 2.04 load
 1525933 815387      523.0000    62      526.0000      518.6000 18749293    1.41%
 1529732 817895      524.0000    41      526.0000      518.6000 18786274    1.41%
[runlim] sample:		4068.90 time, 2050.01 real, 3209 MB, 2.03 load
 1534387 821437      523.0000    57      526.0000      518.6000 18839569    1.41%
 1538580 825129      525.3333    53      526.0000      518.6000 18894265    1.41%
[runlim] sample:		4088.80 time, 2060.01 real, 3225 MB, 2.10 load
 1542964 828458      524.0000    64      526.0000      518.6000 18942306    1.41%
Elapsed time = 2063.01 sec. (6017013.71 ticks, tree = 4023.33 MB, solutions = 53)
Nodefile size = 1967.24 MB (438.08 MB after compression)
 1546942 831293      523.0000    61      526.0000      518.6000 18984239    1.41%
[runlim] sample:		4108.68 time, 2070.01 real, 3249 MB, 2.08 load
 1551234 834885      524.5000    59      526.0000      518.6000 19037811    1.41%
 1555233 838149      518.6000    60      526.0000      518.6000 19085220    1.41%
[runlim] sample:		4128.57 time, 2080.01 real, 3259 MB, 2.07 load
 1559050 841712      525.0000    65      526.0000      518.6000 19140051    1.41%
 1563585 844125      520.0000    40      526.0000      518.6000 19177835    1.41%
[runlim] sample:		4148.43 time, 2090.01 real, 3265 MB, 2.13 load
 1567481 848233      524.0000    58      526.0000      518.6000 19238911    1.41%
 1572024 852027      525.5000    62      526.0000      518.6000 19294639    1.41%
[runlim] sample:		4168.33 time, 2100.01 real, 3279 MB, 2.11 load
 1575854 854480      524.0000    55      526.0000      518.6000 19331926    1.41%
[runlim] sample:		4188.20 time, 2110.01 real, 3286 MB, 2.09 load
 1580466 858186      525.0000    86      526.0000      518.6000 19384894    1.41%
 1584398 861524      525.0000    83      526.0000      518.6000 19435458    1.41%
Elapsed time = 2115.58 sec. (6169626.09 ticks, tree = 4181.37 MB, solutions = 53)
Nodefile size = 2127.87 MB (471.05 MB after compression)
[runlim] sample:		4208.10 time, 2120.01 real, 3295 MB, 2.08 load
 1588759 864383      523.0000    64      526.0000      518.6000 19477309    1.41%
 1593016 867882      525.0000    66      526.0000      518.6000 19528229    1.41%
[runlim] sample:		4227.99 time, 2130.01 real, 3310 MB, 2.07 load
 1597302 870832      525.0000    56      526.0000      518.6000 19571832    1.41%
 1601530 875000      524.0000    58      526.0000      518.6000 19634128    1.41%
[runlim] sample:		4247.88 time, 2140.01 real, 3316 MB, 2.22 load
 1605666 877777      524.0000    67      526.0000      518.6000 19677182    1.41%
 1610008 880470      524.0000    63      526.0000      518.6000 19716025    1.41%
[runlim] sample:		4267.73 time, 2150.01 real, 3333 MB, 2.33 load
 1614369 883993      525.0000    67      526.0000      518.6000 19769434    1.41%
 1618259 887883      518.6000    56      526.0000      518.6000 19829819    1.41%
[runlim] sample:		4287.62 time, 2160.01 real, 3340 MB, 2.28 load
 1622934 891059      525.0000    50      526.0000      518.6000 19875319    1.41%
 1626903 893696      520.2500    57      526.0000      518.6000 19913137    1.41%
Elapsed time = 2167.89 sec. (6322243.21 ticks, tree = 4334.97 MB, solutions = 53)
Nodefile size = 2278.51 MB (501.75 MB after compression)
[runlim] sample:		4307.51 time, 2170.01 real, 3352 MB, 2.24 load
 1631039 897697      525.0000    56      526.0000      518.6000 19972692    1.41%
 1635122 900426      524.0000    49      526.0000      518.6000 20014974    1.41%
[runlim] sample:		4327.41 time, 2180.01 real, 3365 MB, 2.28 load
 1639254 903736      522.0000    56      526.0000      518.6000 20065242    1.41%
 1643231 906917      525.0000    46      526.0000      518.6000 20112451    1.41%
[runlim] sample:		4347.31 time, 2190.01 real, 3379 MB, 2.24 load
 1647636 910604      522.0000    62      526.0000      518.6000 20168656    1.41%
[runlim] sample:		4367.21 time, 2200.01 real, 3389 MB, 2.20 load
 1651453 914003      525.0000    54      526.0000      518.6000 20218707    1.41%
 1655990 916782      523.0000    71      526.0000      518.6000 20260922    1.41%
[runlim] sample:		4387.05 time, 2210.01 real, 3403 MB, 2.25 load
 1659804 919995      518.6000    59      526.0000      518.6000 20307488    1.41%
 1664481 923572      525.0000    62      526.0000      518.6000 20360906    1.41%
[runlim] sample:		4406.95 time, 2220.01 real, 3411 MB, 2.21 load
 1668402 926869      522.5000    60      526.0000      518.6000 20411347    1.41%
Elapsed time = 2221.00 sec. (6474856.02 ticks, tree = 4493.79 MB, solutions = 53)
Nodefile size = 2441.10 MB (534.87 MB after compression)
 1672957 930002      524.0000    52      526.0000      518.6000 20456777    1.41%
[runlim] sample:		4426.84 time, 2230.01 real, 3422 MB, 2.18 load
 1676972 933149      525.0000    54      526.0000      518.6000 20505079    1.41%
 1681296 936088    infeasible            526.0000      518.6000 20550048    1.41%
[runlim] sample:		4446.73 time, 2240.01 real, 3440 MB, 2.15 load
 1685651 939510      524.5000    60      526.0000      518.6000 20601719    1.41%
 1689610 942774      518.6000    62      526.0000      518.6000 20652316    1.41%
[runlim] sample:		4466.63 time, 2250.01 real, 3449 MB, 2.13 load
 1694216 946489      525.0000    70      526.0000      518.6000 20706802    1.41%
 1698235 949110      522.0000    58      526.0000      518.6000 20744460    1.41%
[runlim] sample:		4486.53 time, 2260.01 real, 3456 MB, 2.11 load
 1702592 952753      522.5000    52      526.0000      518.6000 20799327    1.41%
 1706856 956098      522.0000    62      526.0000      518.6000 20850563    1.41%
[runlim] sample:		4506.37 time, 2270.01 real, 3471 MB, 2.09 load
 1711045 959620      524.0000    66      526.0000      518.6000 20903369    1.41%
Elapsed time = 2273.45 sec. (6627482.59 ticks, tree = 4650.50 MB, solutions = 53)
Nodefile size = 2595.74 MB (565.53 MB after compression)
 1715277 963215      524.0000    59      526.0000      518.6000 20957477    1.41%
[runlim] sample:		4526.27 time, 2280.01 real, 3484 MB, 2.08 load
 1719357 966303      520.5000    65      526.0000      518.6000 21007480    1.41%
 1723603 968827      525.0000    76      526.0000      518.6000 21046217    1.41%
[runlim] sample:		4546.16 time, 2290.01 real, 3499 MB, 2.06 load
 1727624 972007      522.0000    74      526.0000      518.6000 21099028    1.41%
[runlim] sample:		4566.06 time, 2300.01 real, 3515 MB, 2.05 load
 1731469 975398      522.0000    63      526.0000      518.6000 21152994    1.41%
 1735641 977666      525.0709    66      526.0000      518.6000 21190143    1.41%
[runlim] sample:		4585.94 time, 2310.01 real, 3526 MB, 2.12 load
 1739606 980196      525.0000    68      526.0000      518.6000 21231486    1.41%
 1743713 984126      525.0000    57      526.0000      518.6000 21294078    1.41%
[runlim] sample:		4605.84 time, 2320.01 real, 3534 MB, 2.10 load
 1747515 986500      521.0000    60      526.0000      518.6000 21334242    1.41%
 1751881 989834      525.0000    43      526.0000      518.6000 21385075    1.41%
Elapsed time = 2325.82 sec. (6780117.05 ticks, tree = 4795.67 MB, solutions = 53)
Nodefile size = 2742.36 MB (595.13 MB after compression)
[runlim] sample:		4625.70 time, 2330.01 real, 3546 MB, 2.08 load
 1756162 993118      521.5000    58      526.0000      518.6000 21438355    1.41%
 1760345 996565      524.0000    74      526.0000      518.6000 21493071    1.41%
[runlim] sample:		4645.59 time, 2340.01 real, 3557 MB, 2.15 load
 1764430 999936      522.0000    67      526.0000      518.6000 21553967    1.41%
 1768666 1002341      525.0000    53      526.0000      518.6000 21593742    1.41%
[runlim] sample:		4665.47 time, 2350.01 real, 3574 MB, 2.12 load
 1773094 1005056      524.0000    74      526.0000      518.6000 21635886    1.41%
 1777039 1008321      518.6000    60      526.0000      518.6000 21690024    1.41%
[runlim] sample:		4685.37 time, 2360.01 real, 3588 MB, 2.26 load
 1781345 1011783      525.0000    57      526.0000      518.6000 21745901    1.41%
 1785443 1014974      525.0000    52      526.0000      518.6000 21796225    1.41%
[runlim] sample:		4705.26 time, 2370.01 real, 3602 MB, 2.22 load
 1790081 1018569      525.0000    70      526.0000      518.6000 21852444    1.41%
 1794135 1020909      518.6000    68      526.0000      518.6000 21890583    1.41%
Elapsed time = 2377.81 sec. (6932727.34 ticks, tree = 4945.12 MB, solutions = 53)
Nodefile size = 2889.02 MB (625.17 MB after compression)
[runlim] sample:		4725.17 time, 2380.01 real, 3610 MB, 2.19 load
 1798144 1024266      524.0000    60      526.0000      518.6000 21944248    1.41%
 1802367 1028333      525.0000    59      526.0000      518.6000 22008112    1.41%
[runlim] sample:		4745.01 time, 2390.01 real, 3620 MB, 2.16 load
 1806744 1030178      525.0000    58      526.0000      518.6000 22037908    1.41%
 1810624 1033469      523.0000    79      526.0000      518.6000 22091699    1.41%
[runlim] sample:		4764.88 time, 2400.01 real, 3630 MB, 2.13 load
 1814881 1036838      524.0000    71      526.0000      518.6000 22144082    1.41%
[runlim] sample:		4784.78 time, 2410.01 real, 3637 MB, 2.11 load
 1818712 1040008      521.0000    66      526.0000      518.6000 22193218    1.41%
 1823045 1043369      524.0000    64      526.0000      518.6000 22249467    1.41%
[runlim] sample:		4804.68 time, 2420.01 real, 3652 MB, 2.10 load
 1826774 1046401      525.0000    74      526.0000      518.6000 22300055    1.41%
 1831209 1049001      520.0000    72      526.0000      518.6000 22340017    1.41%
[runlim] sample:		4824.57 time, 2430.01 real, 3659 MB, 2.16 load
 1834965 1052351      518.7500    67      526.0000      518.6000 22392688    1.41%
Elapsed time = 2431.04 sec. (7085352.66 ticks, tree = 5096.49 MB, solutions = 53)
Nodefile size = 3042.63 MB (656.72 MB after compression)
 1839498 1055653      518.6000    62      526.0000      518.6000 22445172    1.41%
[runlim] sample:		4844.45 time, 2440.01 real, 3673 MB, 2.14 load
 1843472 1058160      524.0000    61      526.0000      518.6000 22483446    1.41%
 1847809 1061599      525.0000    62      526.0000      518.6000 22539262    1.41%
[runlim] sample:		4864.30 time, 2450.01 real, 3688 MB, 2.11 load
 1852074 1065201      525.0000    58      526.0000      518.6000 22595741    1.41%
 1856225 1067667      521.0000    57      526.0000      518.6000 22636228    1.41%
[runlim] sample:		4884.19 time, 2460.01 real, 3695 MB, 2.18 load
 1860619 1071776      525.0000    66      526.0000      518.6000 22701389    1.41%
 1865000 1075252      524.0000    67      526.0000      518.6000 22756641    1.41%
[runlim] sample:		4904.06 time, 2470.01 real, 3711 MB, 2.15 load
 1868748 1077580      519.7500    61      526.0000      518.6000 22797562    1.41%
 1873243 1080878      521.0000    57      526.0000      518.6000 22853343    1.41%
[runlim] sample:		4923.95 time, 2480.01 real, 3723 MB, 2.13 load
 1877159 1083934      522.0000    80      526.0000      518.6000 22905021    1.41%
Elapsed time = 2483.76 sec. (7237966.89 ticks, tree = 5248.55 MB, solutions = 53)
Nodefile size = 3194.26 MB (687.99 MB after compression)
 1881439 1086838      524.0000    62      526.0000      518.6000 22952956    1.41%
[runlim] sample:		4943.85 time, 2490.01 real, 3738 MB, 2.11 load
 1885574 1090010      519.2500    79      526.0000      518.6000 23003164    1.41%
[runlim] sample:		4962.26 time, 2500.01 real, 3745 MB, 2.09 load
 1889933 1093650      524.0000    43      526.0000      518.6000 23061483    1.41%
 1893707 1096526      525.0000    63      526.0000      518.6000 23109244    1.41%
[runlim] sample:		4981.96 time, 2510.01 real, 3754 MB, 2.08 load
 1898070 1099951      523.0000    75      526.0000      518.6000 23165210    1.41%
 1901754 1102964      518.6000    66      526.0000      518.6000 23214656    1.41%
[runlim] sample:		5001.86 time, 2520.01 real, 3767 MB, 2.06 load
 1906234 1105887      524.0000    57      526.0000      518.6000 23262735    1.41%
 1909715 1108203      524.0000    63      526.0000      518.6000 23300349    1.41%
[runlim] sample:		5021.73 time, 2530.01 real, 3776 MB, 2.05 load
 1914068 1111202      522.0000    78      526.0000      518.6000 23352921    1.41%
 1918042 1114432      525.0000    65      526.0000      518.6000 23406647    1.41%
Elapsed time = 2537.77 sec. (7390586.37 ticks, tree = 5395.98 MB, solutions = 53)
Nodefile size = 3342.89 MB (719.01 MB after compression)
[runlim] sample:		5041.62 time, 2540.01 real, 3790 MB, 2.04 load
 1921814 1117315      518.6000    65      526.0000      518.6000 23454961    1.41%
 1926100 1120492      525.0000    58      526.0000      518.6000 23511346    1.41%
[runlim] sample:		5061.52 time, 2550.01 real, 3803 MB, 2.04 load
 1929888 1123634      525.0000    55      526.0000      518.6000 23569602    1.41%
 1934293 1126012      524.6667    57      526.0000      518.6000 23616865    1.41%
[runlim] sample:		5081.41 time, 2560.01 real, 3815 MB, 2.10 load
 1938331 1128997      525.0000    47      526.0000      518.6000 23679821    1.41%
[runlim] sample:		5101.26 time, 2570.01 real, 3818 MB, 2.09 load
 1942166 1131221        cutoff            526.0000      518.6000 23723330    1.41%
 1946589 1134698      523.0000    52      526.0000      518.6000 23790515    1.41%
[runlim] sample:		5121.15 time, 2580.01 real, 3830 MB, 2.07 load
 1950685 1137325      520.0000    65      526.0000      518.6000 23842972    1.41%
 1954807 1140145      521.0000    58      526.0000      518.6000 23899228    1.41%
[runlim] sample:		5141.04 time, 2590.01 real, 3837 MB, 2.14 load
 1958979 1142603        cutoff            526.0000      518.6000 23945408    1.41%
Elapsed time = 2590.96 sec. (7543198.40 ticks, tree = 5533.68 MB, solutions = 53)
Nodefile size = 3477.49 MB (746.00 MB after compression)
 1963213 1145458      525.0000    63      526.0000      518.6000 24002562    1.41%
[runlim] sample:		5160.94 time, 2600.01 real, 3844 MB, 2.11 load
 1967251 1148506      522.0000    62      526.0000      518.6000 24062687    1.41%
 1971596 1151456      518.6000    65      526.0000      518.6000 24119732    1.41%
[runlim] sample:		5180.83 time, 2610.01 real, 3855 MB, 2.10 load
 1975497 1153812      518.6000    61      526.0000      518.6000 24163356    1.41%
 1979413 1157213      522.0000    53      526.0000      518.6000 24230587    1.41%
[runlim] sample:		5200.72 time, 2620.01 real, 3868 MB, 2.08 load
 1983498 1160285      521.5000    67      526.0000      518.6000 24288482    1.41%
 1987559 1161992      525.0000    47      526.0000      518.6000 24318142    1.41%
[runlim] sample:		5220.57 time, 2630.01 real, 3879 MB, 2.07 load
 1991565 1164924      525.0000    65      526.0000      518.6000 24369419    1.41%
 1995734 1168266      525.0000    55      526.0000      518.6000 24427528    1.41%
[runlim] sample:		5240.47 time, 2640.01 real, 3890 MB, 2.06 load
 1999714 1171372      523.5000    57      526.0000      518.6000 24479691    1.41%
Elapsed time = 2642.90 sec. (7695803.02 ticks, tree = 5675.19 MB, solutions = 53)
Nodefile size = 3622.02 MB (774.43 MB after compression)
 2003829 1174470      524.0000    37      526.0000      518.6000 24535394    1.41%
[runlim] sample:		5260.34 time, 2650.01 real, 3898 MB, 2.20 load
 2007959 1177557      524.0000    40      526.0000      518.6000 24588887    1.41%
 2012186 1180085      523.5000    67      526.0000      518.6000 24626422    1.41%
[runlim] sample:		5280.23 time, 2660.01 real, 3911 MB, 2.17 load
 2016579 1183687      523.0000    65      526.0000      518.6000 24682502    1.41%
 2020701 1186631      518.6000    60      526.0000      518.6000 24735084    1.41%
[runlim] sample:		5300.13 time, 2670.01 real, 3917 MB, 2.14 load
 2024889 1189824      525.0000    67      526.0000      518.6000 24791178    1.41%
[runlim] sample:		5320.03 time, 2680.01 real, 3924 MB, 2.20 load
 2028978 1193048      519.2534    66      526.0000      518.6000 24846993    1.41%
 2033139 1196476      521.0000    61      526.0000      518.6000 24902231    1.41%
[runlim] sample:		5339.89 time, 2690.01 real, 3931 MB, 2.17 load
 2037583 1198950      518.6000    59      526.0000      518.6000 24944232    1.41%
 2041891 1202218      520.0000    72      526.0000      518.6000 25001052    1.41%
Elapsed time = 2695.40 sec. (7848863.25 ticks, tree = 5824.08 MB, solutions = 53)
Nodefile size = 3768.09 MB (803.68 MB after compression)
[runlim] sample:		5359.77 time, 2700.01 real, 3949 MB, 2.14 load
 2046133 1205551      523.0000    50      526.0000      518.6000 25055094    1.41%
 2050006 1207802      521.7500    75      526.0000      518.6000 25096395    1.41%
[runlim] sample:		5379.66 time, 2710.01 real, 3950 MB, 2.20 load
 2054600 1211940      524.0000    65      526.0000      518.6000 25166678    1.41%
 2058324 1213365      524.0000    70      526.0000      518.6000 25192291    1.41%
[runlim] sample:		5399.55 time, 2720.01 real, 3961 MB, 2.17 load
 2062621 1217154      523.0000    50      526.0000      518.6000 25260526    1.41%
 2066618 1220466    infeasible            526.0000      518.6000 25314704    1.41%
[runlim] sample:		5419.45 time, 2730.01 real, 3977 MB, 2.14 load
 2070863 1223627      518.6000    65      526.0000      518.6000 25370746    1.41%
 2074351 1225671      525.0000    72      526.0000      518.6000 25410586    1.41%
[runlim] sample:		5439.33 time, 2740.01 real, 3985 MB, 2.12 load
 2078441 1228505      518.6000    58      526.0000      518.6000 25469067    1.41%
 2082165 1231514      524.0000    58      526.0000      518.6000 25526793    1.41%
Elapsed time = 2748.64 sec. (8001478.95 ticks, tree = 5966.46 MB, solutions = 53)
Nodefile size = 3911.75 MB (833.36 MB after compression)
[runlim] sample:		5459.18 time, 2750.01 real, 4007 MB, 2.10 load
 2086377 1234396      520.0000    76      526.0000      518.6000 25578047    1.41%
 2090766 1236834      525.0000    58      526.0000      518.6000 25621653    1.41%
[runlim] sample:		5479.07 time, 2760.01 real, 4014 MB, 2.08 load
 2094653 1239882      525.0000    53      526.0000      518.6000 25674995    1.41%
 2099120 1243227      524.0000    52      526.0000      518.6000 25736690    1.41%
[runlim] sample:		5498.96 time, 2770.01 real, 4021 MB, 2.07 load
 2102916 1246148      525.0000    57      526.0000      518.6000 25788055    1.41%
[runlim] sample:		5518.84 time, 2780.01 real, 4033 MB, 2.06 load
 2107434 1248942      518.6000    64      526.0000      518.6000 25835888    1.41%
 2111309 1251409      525.0000    62      526.0000      518.6000 25874945    1.41%
[runlim] sample:		5538.73 time, 2790.01 real, 4042 MB, 2.05 load
 2115708 1255566      523.0000    55      526.0000      518.6000 25945226    1.41%
 2119541 1257966      522.0000    77      526.0000      518.6000 25985801    1.41%
[runlim] sample:		5558.62 time, 2800.01 real, 4051 MB, 2.04 load
 2123953 1261326      525.0000    71      526.0000      518.6000 26042964    1.41%
Elapsed time = 2800.60 sec. (8154103.38 ticks, tree = 6111.78 MB, solutions = 53)
Nodefile size = 4056.40 MB (862.97 MB after compression)
 2127855 1264008      525.0000    48      526.0000      518.6000 26088461    1.41%
[runlim] sample:		5578.48 time, 2810.01 real, 4066 MB, 2.11 load
 2132230 1268172      524.0000    53      526.0000      518.6000 26158846    1.41%
 2136088 1271372      518.6000    61      526.0000      518.6000 26211888    1.41%
[runlim] sample:		5598.35 time, 2820.01 real, 4073 MB, 2.09 load
 2140304 1273766      523.0000    61      526.0000      518.6000 26253274    1.41%
 2144286 1276859      525.0000    56      526.0000      518.6000 26309550    1.41%
[runlim] sample:		5618.22 time, 2830.01 real, 4089 MB, 2.08 load
 2148133 1279414      525.0000    60      526.0000      518.6000 26357529    1.41%
 2152306 1282621      524.0000    81      526.0000      518.6000 26413955    1.41%
[runlim] sample:		5638.09 time, 2840.01 real, 4102 MB, 2.15 load
 2155914 1285309      523.5000    57      526.0000      518.6000 26462240    1.41%
 2159607 1288166      525.3333    68      526.0000      518.6000 26516289    1.41%
[runlim] sample:		5657.97 time, 2850.01 real, 4103 MB, 2.12 load
 2163601 1290629      525.0000    53      526.0000      518.6000 26563854    1.41%
Elapsed time = 2853.78 sec. (8306721.31 ticks, tree = 6255.35 MB, solutions = 53)
Nodefile size = 4200.03 MB (891.92 MB after compression)
 2167677 1293909      524.0000    57      526.0000      518.6000 26620821    1.41%
[runlim] sample:		5677.86 time, 2860.01 real, 4114 MB, 2.10 load
 2171880 1296946      523.0000    63      526.0000      518.6000 26674267    1.41%
[runlim] sample:		5697.70 time, 2870.01 real, 4123 MB, 2.09 load
 2175926 1299362      523.0000    65      526.0000      518.6000 26717180    1.41%
 2180093 1302481      525.0000    62      526.0000      518.6000 26770829    1.41%
[runlim] sample:		5717.57 time, 2880.01 real, 4137 MB, 2.07 load
 2184339 1305873      524.6667    69      526.0000      518.6000 26830233    1.41%
 2188743 1308685      525.0000    66      526.0000      518.6000 26880892    1.41%
[runlim] sample:		5737.46 time, 2890.01 real, 4145 MB, 2.06 load
 2192865 1311784      524.0000    82      526.0000      518.6000 26940994    1.41%
 2196658 1314702      524.0000    65      526.0000      518.6000 26994048    1.41%
[runlim] sample:		5757.36 time, 2900.01 real, 4159 MB, 2.05 load
 2200986 1318108      522.0000    68      526.0000      518.6000 27054455    1.41%
 2204967 1320762      524.0000    65      526.0000      518.6000 27102961    1.41%
Elapsed time = 2907.42 sec. (8460261.49 ticks, tree = 6401.83 MB, solutions = 53)
Nodefile size = 4347.67 MB (922.67 MB after compression)
[runlim] sample:		5777.25 time, 2910.01 real, 4169 MB, 2.04 load
 2209225 1323916      522.0000    83      526.0000      518.6000 27163314    1.41%
 2213099 1326263      521.0000    62      526.0000      518.6000 27203168    1.41%
[runlim] sample:		5797.14 time, 2920.01 real, 4177 MB, 2.04 load
 2217308 1329555      522.0000    57      526.0000      518.6000 27259946    1.41%
 2221498 1332703      523.0000    69      526.0000      518.6000 27311796    1.41%
[runlim] sample:		5816.99 time, 2930.01 real, 4185 MB, 2.18 load
 2225654 1335655      518.6000    62      526.0000      518.6000 27363542    1.41%
 2229506 1338408      525.0000    56      526.0000      518.6000 27418407    1.41%
[runlim] sample:		5836.86 time, 2940.01 real, 4202 MB, 2.16 load
 2233308 1341366      518.6000    58      526.0000      518.6000 27474273    1.41%
 2237121 1343812      525.0000    65      526.0000      518.6000 27524302    1.41%
[runlim] sample:		5856.75 time, 2950.01 real, 4212 MB, 2.13 load
 2241372 1347025      519.5000    55      526.0000      518.6000 27578698    1.41%
[runlim] sample:		5876.63 time, 2960.01 real, 4231 MB, 2.19 load
 2245360 1349362      525.0000    59      526.0000      518.6000 27617627    1.41%
Elapsed time = 2959.38 sec. (8612880.08 ticks, tree = 6540.29 MB, solutions = 53)
Nodefile size = 4484.33 MB (950.49 MB after compression)
 2249663 1353027    infeasible            526.0000      518.6000 27681214    1.41%
[runlim] sample:		5896.51 time, 2970.01 real, 4239 MB, 2.16 load
 2253426 1355692      524.0000    65      526.0000      518.6000 27731207    1.41%
 2257838 1358304      522.0000    54      526.0000      518.6000 27778095    1.41%
[runlim] sample:		5916.40 time, 2980.01 real, 4255 MB, 2.14 load
 2261795 1361176      523.0000    47      526.0000      518.6000 27826293    1.41%
 2266135 1364286      525.0000    62      526.0000      518.6000 27883994    1.41%
[runlim] sample:		5936.24 time, 2990.01 real, 4272 MB, 2.11 load
 2269999 1367521      525.0000    54      526.0000      518.6000 27940665    1.41%
 2274486 1370668      525.0000    57      526.0000      518.6000 27994867    1.41%
[runlim] sample:		5956.14 time, 3000.01 real, 4279 MB, 2.10 load
 2278465 1373373      523.0000    71      526.0000      518.6000 28043386    1.41%
 2282511 1376110        cutoff            526.0000      518.6000 28091883    1.41%
[runlim] sample:		5976.01 time, 3010.01 real, 4286 MB, 2.08 load
 2286818 1379922      521.0000    55      526.0000      518.6000 28159508    1.41%
Elapsed time = 3013.11 sec. (8765510.99 ticks, tree = 6688.67 MB, solutions = 53)
Nodefile size = 4635.97 MB (981.85 MB after compression)
 2290781 1382376        cutoff            526.0000      518.6000 28204316    1.41%
[runlim] sample:		5995.91 time, 3020.01 real, 4293 MB, 2.07 load
 2295083 1385767      524.0000    78      526.0000      518.6000 28265596    1.41%
 2299303 1388155      525.0000    55      526.0000      518.6000 28308631    1.41%
[runlim] sample:		6015.78 time, 3030.01 real, 4311 MB, 2.06 load
 2303309 1391157      523.0000    68      526.0000      518.6000 28365043    1.41%
[runlim] sample:		6035.68 time, 3040.01 real, 4318 MB, 2.05 load
 2307447 1393834        cutoff            526.0000      518.6000 28410535    1.41%
 2311396 1396960      524.0000    56      526.0000      518.6000 28469421    1.41%
[runlim] sample:		6055.53 time, 3050.01 real, 4331 MB, 2.04 load
 2315619 1399642      525.0000    54      526.0000      518.6000 28517018    1.41%
 2319551 1402802      518.6000    81      526.0000      518.6000 28572169    1.41%
[runlim] sample:		6075.40 time, 3060.01 real, 4341 MB, 2.11 load
 2323699 1405347      522.0000    54      526.0000      518.6000 28618908    1.41%
 2327707 1408376      524.0000    52      526.0000      518.6000 28672684    1.41%
Elapsed time = 3066.38 sec. (8918132.17 ticks, tree = 6827.67 MB, solutions = 53)
Nodefile size = 4771.64 MB (1010.26 MB after compression)
[runlim] sample:		6095.30 time, 3070.01 real, 4348 MB, 2.09 load
 2331422 1411519      522.0000    57      526.0000      518.6000 28732620    1.41%
 2335819 1413896      518.6000    58      526.0000      518.6000 28776590    1.41%
[runlim] sample:		6115.18 time, 3080.01 real, 4360 MB, 2.08 load
 2339832 1417276      524.0000    55      526.0000      518.6000 28838289    1.41%
 2343990 1419714      524.0000    74      526.0000      518.6000 28889092    1.41%
[runlim] sample:		6135.07 time, 3090.01 real, 4366 MB, 2.22 load
 2348052 1422634      524.0000    73      526.0000      518.6000 28943456    1.41%
 2352004 1424939      525.0000    57      526.0000      518.6000 28984958    1.41%
[runlim] sample:		6153.35 time, 3100.01 real, 4377 MB, 2.19 load
 2356490 1428448      524.0000    65      526.0000      518.6000 29047265    1.41%
[runlim] sample:		6172.96 time, 3110.01 real, 4388 MB, 2.16 load
 2360206 1430913      519.0000    62      526.0000      518.6000 29094473    1.41%
 2364741 1433438      521.2766    59      526.0000      518.6000 29144678    1.41%
[runlim] sample:		6192.83 time, 3120.01 real, 4395 MB, 2.13 load
 2368589 1436103      525.0000    70      526.0000      518.6000 29193422    1.41%
Elapsed time = 3120.02 sec. (9070747.97 ticks, tree = 6963.55 MB, solutions = 53)
Nodefile size = 4907.33 MB (1038.22 MB after compression)
 2372870 1439159      525.0000    75      526.0000      518.6000 29249357    1.41%
[runlim] sample:		6212.71 time, 3130.01 real, 4408 MB, 2.11 load
 2376921 1442097      518.6000    65      526.0000      518.6000 29300836    1.41%
 2381222 1444999      525.0000    64      526.0000      518.6000 29353784    1.41%
[runlim] sample:		6232.60 time, 3140.01 real, 4411 MB, 2.09 load
 2385056 1447887      524.0000    65      526.0000      518.6000 29410167    1.41%
 2389384 1450394      523.0000    63      526.0000      518.6000 29455683    1.41%
[runlim] sample:		6252.49 time, 3150.01 real, 4430 MB, 2.08 load
 2393236 1453538      519.0000    69      526.0000      518.6000 29510828    1.41%
 2397564 1456137        cutoff            526.0000      518.6000 29561782    1.41%
[runlim] sample:		6272.38 time, 3160.01 real, 4434 MB, 2.07 load
 2401238 1458645      523.0000    58      526.0000      518.6000 29612635    1.41%
 2405602 1461703      520.5000    59      526.0000      518.6000 29673387    1.41%
[runlim] sample:		6292.22 time, 3170.01 real, 4449 MB, 2.06 load
 2409368 1464210      525.0000    54      526.0000      518.6000 29718077    1.41%
Elapsed time = 3172.77 sec. (9223419.35 ticks, tree = 7101.17 MB, solutions = 53)
Nodefile size = 5046.99 MB (1067.44 MB after compression)
 2413198 1466729        cutoff            526.0000      518.6000 29768997    1.41%
[runlim] sample:		6312.11 time, 3180.01 real, 4460 MB, 2.13 load
 2417213 1469351      525.0000    56      526.0000      518.6000 29817774    1.41%
 2421461 1472458      519.0000    58      526.0000      518.6000 29876295    1.41%
[runlim] sample:		6331.98 time, 3190.01 real, 4471 MB, 2.11 load
 2425218 1475430      524.0000    62      526.0000      518.6000 29930056    1.41%
 2429552 1477715        cutoff            526.0000      518.6000 29973360    1.41%
[runlim] sample:		6351.88 time, 3200.01 real, 4481 MB, 2.25 load
 2433290 1480650      525.0000    59      526.0000      518.6000 30029731    1.41%
[runlim] sample:		6371.76 time, 3210.01 real, 4492 MB, 2.37 load
 2437656 1483027      521.0000    84      526.0000      518.6000 30074205    1.41%
 2441560 1486853      518.6000    67      526.0000      518.6000 30140426    1.41%
[runlim] sample:		6391.65 time, 3220.01 real, 4501 MB, 2.31 load
 2446019 1489413      524.0000    60      526.0000      518.6000 30187824    1.41%
 2449662 1492122      518.6000    61      526.0000      518.6000 30241083    1.41%
Elapsed time = 3226.14 sec. (9376072.38 ticks, tree = 7237.59 MB, solutions = 53)
Nodefile size = 5184.65 MB (1096.13 MB after compression)
[runlim] sample:		6411.49 time, 3230.01 real, 4511 MB, 2.26 load
 2454119 1494688      523.0000    70      526.0000      518.6000 30283077    1.41%
 2458148 1497889      519.7500    59      526.0000      518.6000 30340018    1.41%
[runlim] sample:		6431.37 time, 3240.01 real, 4522 MB, 2.22 load
 2462524 1501557      522.0000    57      526.0000      518.6000 30408456    1.41%
 2466416 1503819      525.0000    53      526.0000      518.6000 30448944    1.41%
[runlim] sample:		6451.25 time, 3250.01 real, 4536 MB, 2.19 load
 2470822 1506837      524.0000    68      526.0000      518.6000 30505542    1.41%
 2474670 1509693        cutoff            526.0000      518.6000 30556070    1.41%
[runlim] sample:		6471.15 time, 3260.01 real, 4546 MB, 2.16 load
 2479079 1512352      524.0000    74      526.0000      518.6000 30604415    1.41%
 2482994 1515086      523.0000    58      526.0000      518.6000 30652767    1.41%
[runlim] sample:		6491.02 time, 3270.01 real, 4561 MB, 2.13 load
 2487408 1518492      525.0000    70      526.0000      518.6000 30712857    1.41%
 2491280 1521485      523.0000    55      526.0000      518.6000 30769897    1.41%
Elapsed time = 3278.64 sec. (9528692.16 ticks, tree = 7381.13 MB, solutions = 53)
Nodefile size = 5327.29 MB (1125.96 MB after compression)
[runlim] sample:		6510.91 time, 3280.01 real, 4561 MB, 2.11 load
 2494964 1524103      523.0000    61      526.0000      518.6000 30820109    1.41%
 2499289 1526729      518.6000    77      526.0000      518.6000 30867123    1.41%
[runlim] sample:		6530.76 time, 3290.01 real, 4576 MB, 2.09 load
 2503298 1529626      518.6000    69      526.0000      518.6000 30919145    1.41%
[runlim] sample:		6550.64 time, 3300.01 real, 4586 MB, 2.08 load
 2507548 1532694      523.0000    82      526.0000      518.6000 30979553    1.41%
 2511152 1535024      523.0000    59      526.0000      518.6000 31022687    1.41%
[runlim] sample:		6570.53 time, 3310.01 real, 4596 MB, 2.14 load
 2515342 1538061      525.0000    38      526.0000      518.6000 31081058    1.41%
 2519489 1540947      518.6000    55      526.0000      518.6000 31133910    1.41%
[runlim] sample:		6590.42 time, 3320.01 real, 4607 MB, 2.12 load
 2523545 1543888      525.0000    59      526.0000      518.6000 31186947    1.41%
 2527446 1546922      523.0000    69      526.0000      518.6000 31239852    1.41%
[runlim] sample:		6610.30 time, 3330.01 real, 4621 MB, 2.10 load
 2531851 1550084      523.0000    64      526.0000      518.6000 31296572    1.41%
Elapsed time = 3331.73 sec. (9681299.11 ticks, tree = 7521.36 MB, solutions = 53)
Nodefile size = 5467.94 MB (1154.68 MB after compression)
 2535731 1552531      521.0000    57      526.0000      518.6000 31342143    1.41%
[runlim] sample:		6630.18 time, 3340.01 real, 4629 MB, 2.16 load
 2540205 1554748      524.0000    69      526.0000      518.6000 31381854    1.41%
 2544179 1558660      518.6000    61      526.0000      518.6000 31453635    1.41%
[runlim] sample:		6650.03 time, 3350.01 real, 4643 MB, 2.13 load
 2548477 1561441      523.0000    62      526.0000      518.6000 31522082    1.41%
 2552533 1563646      524.0000    66      526.0000      518.6000 31565838    1.41%
[runlim] sample:		6669.92 time, 3360.01 real, 4656 MB, 2.11 load
 2556718 1566599      525.0000    61      526.0000      518.6000 31620134    1.41%
 2560837 1569142      518.6000    64      526.0000      518.6000 31661765    1.41%
[runlim] sample:		6689.81 time, 3370.01 real, 4669 MB, 2.09 load
 2564900 1572846      525.0000    52      526.0000      518.6000 31730725    1.41%
[runlim] sample:		6709.69 time, 3380.01 real, 4682 MB, 2.08 load
 2569133 1576032      518.6000    60      526.0000      518.6000 31790656    1.41%
 2573219 1578008      525.0000    80      526.0000      518.6000 31834430    1.41%
Elapsed time = 3385.09 sec. (9833935.78 ticks, tree = 7657.64 MB, solutions = 53)
Nodefile size = 5602.61 MB (1182.75 MB after compression)
[runlim] sample:		6729.58 time, 3390.01 real, 4690 MB, 2.07 load
 2577227 1580365      522.0000    66      526.0000      518.6000 31878010    1.41%
 2581252 1583532      519.7500    59      526.0000      518.6000 31935668    1.41%
[runlim] sample:		6749.47 time, 3400.01 real, 4706 MB, 2.06 load
 2585290 1586338      524.0000    61      526.0000      518.6000 31988558    1.41%
 2589612 1588613      522.0000    62      526.0000      518.6000 32033415    1.41%
[runlim] sample:		6769.32 time, 3410.01 real, 4705 MB, 2.05 load
 2593420 1591562      524.0000    54      526.0000      518.6000 32085943    1.41%
 2597512 1595127      525.0000    61      526.0000      518.6000 32151202    1.41%
[runlim] sample:		6789.19 time, 3420.01 real, 4723 MB, 2.04 load
 2601367 1597325      524.0000    70      526.0000      518.6000 32192506    1.41%
 2605684 1600255      518.6000    63      526.0000      518.6000 32249849    1.41%
[runlim] sample:		6809.08 time, 3430.01 real, 4734 MB, 2.11 load
 2609207 1603138      518.6000    60      526.0000      518.6000 32303176    1.41%
 2613581 1606180      518.6000    65      526.0000      518.6000 32358134    1.41%
Elapsed time = 3438.05 sec. (9986582.63 ticks, tree = 7794.81 MB, solutions = 53)
Nodefile size = 5740.28 MB (1211.52 MB after compression)
[runlim] sample:		6828.97 time, 3440.01 real, 4742 MB, 2.10 load
 2617620 1608519      521.6667    63      526.0000      518.6000 32402232    1.41%
 2621751 1611574      525.0000    47      526.0000      518.6000 32456140    1.41%
[runlim] sample:		6848.86 time, 3450.01 real, 4755 MB, 2.08 load
 2626111 1614002      521.6667    58      526.0000      518.6000 32498450    1.41%
[runlim] sample:		6868.74 time, 3460.01 real, 4770 MB, 2.15 load
 2629871 1616887    infeasible            526.0000      518.6000 32554098    1.41%
 2634284 1619844      525.0000    77      526.0000      518.6000 32610890    1.41%
[runlim] sample:		6888.57 time, 3470.01 real, 4776 MB, 2.12 load
 2638167 1622831      525.0000    71      526.0000      518.6000 32667063    1.41%
 2642526 1625858        cutoff            526.0000      518.6000 32725230    1.41%
[runlim] sample:		6908.46 time, 3480.01 real, 4790 MB, 2.18 load
 2646371 1628795      523.0000    61      526.0000      518.6000 32778354    1.41%
 2650828 1631879      523.5000    70      526.0000      518.6000 32835355    1.41%
[runlim] sample:		6928.32 time, 3490.01 real, 4798 MB, 2.15 load
 2654843 1634332      525.0000    45      526.0000      518.6000 32881389    1.41%
Elapsed time = 3491.38 sec. (10139197.98 ticks, tree = 7931.97 MB, solutions = 53)
Nodefile size = 5878.92 MB (1240.31 MB after compression)
 2659039 1637124      518.6000    59      526.0000      518.6000 32933217    1.41%
[runlim] sample:		6948.22 time, 3500.01 real, 4812 MB, 2.13 load
 2663426 1640385      525.5000    62      526.0000      518.6000 32992343    1.41%
 2667386 1643513      525.0000    48      526.0000      518.6000 33050305    1.41%
[runlim] sample:		6968.11 time, 3510.01 real, 4826 MB, 2.11 load
 2671250 1646347      523.0000    57      526.0000      518.6000 33107409    1.41%
 2675758 1648758      524.0000    62      526.0000      518.6000 33150326    1.41%
[runlim] sample:		6988.00 time, 3520.01 real, 4834 MB, 2.09 load
 2679723 1651082      525.0000    56      526.0000      518.6000 33186955    1.41%
 2684149 1654148      523.0000    64      526.0000      518.6000 33241093    1.41%
[runlim] sample:		7007.83 time, 3530.01 real, 4842 MB, 2.08 load
 2688144 1657833        cutoff            526.0000      518.6000 33305556    1.41%
[runlim] sample:		7027.72 time, 3540.01 real, 4851 MB, 2.06 load
 2692049 1659996      524.0000    79      526.0000      518.6000 33346817    1.41%
 2696270 1662295      518.6000    64      526.0000      518.6000 33390483    1.41%
Elapsed time = 3544.21 sec. (10291815.26 ticks, tree = 8068.21 MB, solutions = 53)
Nodefile size = 6011.61 MB (1267.19 MB after compression)
[runlim] sample:		7047.59 time, 3550.01 real, 4866 MB, 2.05 load
 2700041 1665853      524.0000    64      526.0000      518.6000 33454655    1.41%
 2704313 1668960      525.0000    45      526.0000      518.6000 33512441    1.41%
[runlim] sample:		7067.48 time, 3560.01 real, 4873 MB, 2.12 load
 2708318 1671897      518.6000    61      526.0000      518.6000 33566928    1.41%
 2712696 1674196      524.0000    60      526.0000      518.6000 33611619    1.41%
[runlim] sample:		7087.35 time, 3570.01 real, 4886 MB, 2.10 load
 2716591 1676493      525.0000    57      526.0000      518.6000 33652474    1.41%
 2720861 1679474      518.6000    61      526.0000      518.6000 33708859    1.41%
[runlim] sample:		7107.24 time, 3580.01 real, 4899 MB, 2.08 load
 2724738 1683052      520.2500    59      526.0000      518.6000 33771937    1.41%
 2729183 1685358      518.6667    69      526.0000      518.6000 33817571    1.41%
[runlim] sample:		7127.07 time, 3590.01 real, 4907 MB, 2.23 load
 2733054 1687585      518.7500    60      526.0000      518.6000 33856620    1.41%
 2737667 1691380      522.0000    61      526.0000      518.6000 33927115    1.41%
Elapsed time = 3597.85 sec. (10444433.59 ticks, tree = 8209.76 MB, solutions = 53)
Nodefile size = 6155.29 MB (1297.06 MB after compression)
[runlim] sample:		7146.96 time, 3600.01 real, 4916 MB, 2.19 load
[runlim] end:			Tue Sep  1 18:26:55 2026
[runlim] status:		out of time
[runlim] result:		2
[runlim] children:		1
[runlim] processes:		2
[runlim] real:			3601.04 seconds
[runlim] time:			7146.96 seconds
[runlim] space:			4916 MB
[runlim] load:			2.37 maximum
[runlim] samples:		36000
